customer_id,first_name,second_name,gender,date_of_birth,city,state,occupation,customer_segment,annual_income,join_date,full_name
C00001,Karan,Chopra,Male,1982-10-09,Kolkata,West Bengal,Retired,SME,988416.79,2021-04-15,Karan Chopra
C00002,Ishaan,Patel,Male,1983-10-07,Chandigarh,Chandigarh,Salaried,Premium,457149.28,2022-04-06,Ishaan Patel
C00003,Krishna,Patel,Male,1989-11-27,Hyderabad,Telangana,Retired,Retail,378907.24,2026-03-06,Krishna Patel
C00004,Amit,Verma,Male,1970-08-13,Lucknow,Uttar Pradesh,Salaried,Retail,299085.16,2021-07-16,Amit Verma
C00005,Reyansh,Jain,Female,1977-02-07,Ahmedabad,Gujarat,Freelancer,SME,775436.07,2023-02-23,Reyansh Jain
C00006,Kiara,Kapoor,Female,1976-03-08,Delhi,Delhi,Business Owner,Corporate,1125600.83,2020-06-17,Kiara Kapoor
C00007,Sai,Bansal,Male,1992-08-03,Delhi,Delhi,Student,Corporate,1455184.28,2022-04-13,Sai Bansal
C00008,Anika,Reddy,Female,1989-09-09,Chandigarh,Chandigarh,Salaried,Wealth,2553362.76,2021-04-17,Anika Reddy
C00009,Ira,Kumar,Male,1970-08-01,Surat,Gujarat,Freelancer,Wealth,2148005.16,2021-05-07,Ira Kumar
C00010,Vihaan,Desai,Female,1998-04-05,Bhopal,Madhya Pradesh,Self Employed,Retail,531020.66,2018-08-26,Vihaan Desai
C00011,Rohan,Jain,Male,1996-02-03,Lucknow,Uttar Pradesh,Business Owner,Corporate,1008279.67,2023-12-02,Rohan Jain
C00012,Aadhya,Desai,Female,1987-04-18,Chandigarh,Chandigarh,Retired,Corporate,1816740.66,2023-01-24,Aadhya Desai
C00013,Ayaan,Sharma,Male,1975-04-03,Mysuru,Karnataka,Freelancer,Retail,492981.83,2025-01-28,Ayaan Sharma
C00014,Rohan,Jain,Male,1974-02-02,Pune,Maharashtra,Retired,SME,364064.61,2019-06-26,Rohan Jain
C00015,Vihaan,Bansal,Female,1996-08-08,Nagpur,Maharashtra,Student,Corporate,1392806.14,2022-08-11,Vihaan Bansal
C00016,Anaya,Gupta,Male,1963-11-21,Jaipur,Rajasthan,Self Employed,Wealth,703854.09,2020-02-19,Anaya Gupta
C00017,Aditya,Kulkarni,Male,1988-03-14,Kochi,Kerala,Salaried,Retail,334054.67,2025-04-25,Aditya Kulkarni
C00018,Reyansh,Chopra,Male,1960-02-25,Kochi,Kerala,Self Employed,SME,335827.56,2022-04-02,Reyansh Chopra
C00019,Pooja,Malhotra,Female,1984-05-26,Mumbai,Maharashtra,Self Employed,Corporate,499131.58,2020-02-17,Pooja Malhotra
C00020,Vivaan,Kapoor,Female,1973-01-19,Chennai,Tamil Nadu,Retired,Corporate,532285.84,2023-12-16,Vivaan Kapoor
C00021,Nisha,Kapoor,Male,1963-09-03,Gurugram,Haryana,Retired,SME,1098065.19,2024-09-01,Nisha Kapoor
C00022,Krishna,Joshi,Female,1999-02-14,Pune,Maharashtra,Self Employed,Premium,871361.57,2020-12-23,Krishna Joshi
C00023,Aditya,Sharma,Female,1968-11-21,Ahmedabad,Gujarat,Retired,Retail,219918.01,2024-04-25,Aditya Sharma
C00024,Aditya,Mehta,Female,1964-09-07,Mysuru,Karnataka,Business Owner,Retail,259700.97,2019-10-09,Aditya Mehta
C00025,Nisha,Singh,Female,1994-12-10,Jaipur,Rajasthan,Salaried,Premium,453810.08,2019-03-15,Nisha Singh
C00026,Kabir,Reddy,Female,1969-05-10,Kochi,Kerala,Business Owner,Premium,1030550.11,2018-07-28,Kabir Reddy
C00027,Pooja,Kulkarni,Female,2000-07-27,Bengaluru,Karnataka,Retired,Retail,527176.23,2018-02-09,Pooja Kulkarni
C00028,Arjun,Bansal,Male,1964-12-05,Mysuru,Karnataka,Salaried,Retail,942408.66,2021-06-16,Arjun Bansal
C00029,Anika,Bansal,Male,1962-06-07,Kolkata,West Bengal,Self Employed,Premium,1016104.21,2019-10-28,Anika Bansal
C00030,Sneha,Gupta,Female,1986-01-06,Gurugram,Haryana,Salaried,Corporate,1451862.1,2023-04-12,Sneha Gupta
C00031,Aarav,Joshi,Female,1972-08-12,Lucknow,Uttar Pradesh,Business Owner,Retail,634620.81,2021-02-15,Aarav Joshi
C00032,Anaya,Sharma,Male,1977-06-21,Bengaluru,Karnataka,Business Owner,Retail,1307245.08,2020-01-02,Anaya Sharma
C00033,Kiara,Mishra,Male,1976-01-04,Nagpur,Maharashtra,Student,Premium,402740.14,2024-06-19,Kiara Mishra
C00034,Rohan,Joshi,Female,1976-01-23,Noida,Uttar Pradesh,Student,Retail,487546.33,2018-10-14,Rohan Joshi
C00035,Ishaan,Bansal,Female,1999-06-22,Coimbatore,Tamil Nadu,Student,SME,833024.78,2025-10-26,Ishaan Bansal
C00036,Ishaan,Chopra,Male,1995-03-07,Chennai,Tamil Nadu,Business Owner,Retail,1188852.78,2021-03-21,Ishaan Chopra
C00037,Reyansh,Agarwal,Female,1987-10-20,Noida,Uttar Pradesh,Freelancer,Premium,750554.17,2019-11-27,Reyansh Agarwal
C00038,Amit,Mehta,Female,1978-09-22,Bengaluru,Karnataka,Self Employed,Premium,338189.81,2020-03-26,Amit Mehta
C00039,Myra,Bansal,Male,1961-01-08,Delhi,Delhi,Freelancer,Wealth,2088837.6,2025-10-23,Myra Bansal
C00040,Sneha,Agarwal,Female,1991-07-08,Ahmedabad,Gujarat,Salaried,Retail,619269.81,2024-04-02,Sneha Agarwal
C00041,Nisha,Kulkarni,Female,1967-08-05,Lucknow,Uttar Pradesh,Retired,SME,3757116.78,2023-01-01,Nisha Kulkarni
C00042,Amit,Agarwal,Female,1990-08-09,Gurugram,Haryana,Freelancer,Corporate,1516903.12,2020-09-06,Amit Agarwal
C00043,Anika,Patel,Male,1988-02-23,Hyderabad,Telangana,Self Employed,Retail,322344.59,2020-08-05,Anika Patel
C00044,Myra,Bansal,Male,2004-03-23,Ahmedabad,Gujarat,Self Employed,Retail,392367.1,2022-09-17,Myra Bansal
C00045,Aarav,Desai,Female,1997-12-01,Ahmedabad,Gujarat,Student,SME,928116.94,2022-09-13,Aarav Desai
C00046,Aadhya,Iyer,Female,1994-10-08,Kochi,Kerala,Freelancer,Retail,291697.23,2019-11-08,Aadhya Iyer
C00047,Aarav,Patel,Female,1968-10-18,Jaipur,Rajasthan,Self Employed,Retail,351668.64,2023-03-07,Aarav Patel
C00048,Nisha,Chopra,Female,1963-05-13,Gurugram,Haryana,Student,Retail,414771.15,2020-10-30,Nisha Chopra
C00049,Kabir,Verma,Male,1990-01-24,Bengaluru,Karnataka,Self Employed,Retail,845404.41,2020-03-27,Kabir Verma
C00050,Reyansh,Kulkarni,Female,1999-03-08,Mumbai,Maharashtra,Business Owner,Retail,638385.4,2019-11-19,Reyansh Kulkarni
C00051,Aadhya,Chopra,Male,1998-12-23,Chandigarh,Chandigarh,Salaried,Retail,255276.49,2024-08-22,Aadhya Chopra
C00052,Sneha,Kapoor,Male,1966-12-25,Lucknow,Uttar Pradesh,Business Owner,Retail,1081639.83,2023-12-23,Sneha Kapoor
C00053,Rahul,Jain,Male,2002-06-03,Surat,Gujarat,Student,Retail,180000.0,2022-01-23,Rahul Jain
C00054,Sneha,Malhotra,Female,1969-07-06,Jaipur,Rajasthan,Student,Corporate,1776507.33,2022-11-20,Sneha Malhotra
C00055,Myra,Mehta,Female,1977-06-28,Nagpur,Maharashtra,Retired,Retail,781299.24,2024-11-04,Myra Mehta
C00056,Sneha,Reddy,Female,1981-01-16,Ahmedabad,Gujarat,Business Owner,SME,423138.04,2024-09-07,Sneha Reddy
C00057,Neha,Jain,Female,1995-01-17,Hyderabad,Telangana,Student,SME,592382.48,2018-03-12,Neha Jain
C00058,Sara,Malhotra,Female,1978-04-13,Bengaluru,Karnataka,Student,Premium,514425.13,2024-03-04,Sara Malhotra
C00059,Reyansh,Iyer,Male,1982-12-15,Coimbatore,Tamil Nadu,Freelancer,Retail,338830.41,2024-01-04,Reyansh Iyer
C00060,Vihaan,Joshi,Female,1972-04-24,Gurugram,Haryana,Self Employed,Retail,456991.91,2022-01-18,Vihaan Joshi
C00061,Arjun,Jain,Male,1979-01-23,Gurugram,Haryana,Salaried,Retail,522504.42,2024-06-09,Arjun Jain
C00062,Priya,Jain,Male,1990-08-15,Chennai,Tamil Nadu,Salaried,Retail,796165.73,2022-06-30,Priya Jain
C00063,Kiara,Mishra,Male,1964-10-21,Indore,Madhya Pradesh,Retired,Premium,465170.56,2022-04-08,Kiara Mishra
C00064,Vivaan,Mishra,Male,1988-05-28,Jaipur,Rajasthan,Self Employed,Premium,681543.65,2025-01-06,Vivaan Mishra
C00065,Ayaan,Nair,Female,1976-11-03,Noida,Uttar Pradesh,Freelancer,Retail,501264.92,2023-02-03,Ayaan Nair
C00066,Karan,Joshi,Female,2003-04-09,Bengaluru,Karnataka,Salaried,Corporate,1378794.23,2024-02-09,Karan Joshi
C00067,Pari,Nair,Female,2001-03-09,Lucknow,Uttar Pradesh,Salaried,SME,300554.04,2023-04-04,Pari Nair
C00068,Vivaan,Bansal,Female,2004-07-09,Chennai,Tamil Nadu,Retired,Retail,439605.67,2020-10-22,Vivaan Bansal
C00069,Amit,Reddy,Male,1965-04-22,Mumbai,Maharashtra,Self Employed,SME,2618761.78,2023-04-12,Amit Reddy
C00070,Sara,Patel,Female,2001-08-09,Bhopal,Madhya Pradesh,Business Owner,Retail,551529.51,2022-07-31,Sara Patel
C00071,Ishaan,Chopra,Male,1980-11-04,Coimbatore,Tamil Nadu,Student,SME,366677.08,2018-12-27,Ishaan Chopra
C00072,Aarav,Malhotra,Female,1976-06-04,Coimbatore,Tamil Nadu,Student,Wealth,1101678.3,2018-08-11,Aarav Malhotra
C00073,Reyansh,Reddy,Male,1993-06-20,Noida,Uttar Pradesh,Business Owner,Corporate,1593545.69,2022-11-30,Reyansh Reddy
C00074,Anika,Sharma,Female,1967-01-21,Indore,Madhya Pradesh,Salaried,Premium,594522.4,2020-07-09,Anika Sharma
C00075,Ira,Reddy,Female,1989-02-21,Mysuru,Karnataka,Student,SME,616037.83,2023-04-19,Ira Reddy
C00076,Nisha,Singh,Male,1989-09-05,Lucknow,Uttar Pradesh,Business Owner,Retail,993948.03,2022-08-27,Nisha Singh
C00077,Pari,Jain,Male,1992-05-27,Coimbatore,Tamil Nadu,Student,Retail,1643515.92,2024-01-16,Pari Jain
C00078,Priya,Joshi,Male,1982-06-18,Indore,Madhya Pradesh,Retired,Corporate,396000.0,2022-04-18,Priya Joshi
C00079,Aadhya,Singh,Female,1986-01-11,Lucknow,Uttar Pradesh,Salaried,Corporate,2717527.82,2019-06-02,Aadhya Singh
C00080,Riya,Chopra,Male,1997-06-28,Bhopal,Madhya Pradesh,Business Owner,Retail,635020.89,2025-07-25,Riya Chopra
C00081,Ayaan,Patel,Female,1984-06-21,Kochi,Kerala,Salaried,Premium,3809124.23,2025-02-08,Ayaan Patel
C00082,Vivaan,Nair,Female,1988-03-23,Mysuru,Karnataka,Business Owner,Retail,229155.08,2022-10-31,Vivaan Nair
C00083,Aditya,Mishra,Female,1975-09-14,Delhi,Delhi,Retired,Premium,1110493.35,2025-08-30,Aditya Mishra
C00084,Rohan,Sharma,Female,1991-10-05,Lucknow,Uttar Pradesh,Business Owner,Retail,562850.21,2025-08-07,Rohan Sharma
C00085,Aadhya,Jain,Male,1970-02-15,Kochi,Kerala,Self Employed,SME,584267.21,2022-04-12,Aadhya Jain
C00086,Pari,Verma,Female,1982-10-10,Nagpur,Maharashtra,Business Owner,Wealth,1630489.11,2020-07-31,Pari Verma
C00087,Amit,Singh,Male,1982-04-21,Chandigarh,Chandigarh,Freelancer,Retail,180000.0,2025-04-01,Amit Singh
C00088,Ishaan,Iyer,Female,1979-08-02,Pune,Maharashtra,Self Employed,Premium,1013323.36,2020-04-02,Ishaan Iyer
C00089,Karan,Jain,Female,1994-06-17,Delhi,Delhi,Freelancer,Retail,342182.23,2021-10-19,Karan Jain
C00090,Rohan,Chopra,Female,1989-02-05,Mysuru,Karnataka,Salaried,Corporate,437400.24,2022-06-05,Rohan Chopra
C00091,Pari,Chopra,Female,1976-09-04,Mumbai,Maharashtra,Salaried,Retail,727728.54,2025-07-27,Pari Chopra
C00092,Ayaan,Patel,Female,1990-01-20,Lucknow,Uttar Pradesh,Freelancer,SME,1227121.46,2021-05-22,Ayaan Patel
C00093,Vihaan,Mehta,Male,1967-03-02,Surat,Gujarat,Student,SME,430481.21,2023-02-02,Vihaan Mehta
C00094,Arjun,Bansal,Male,2002-12-23,Kolkata,West Bengal,Student,SME,460652.53,2024-11-26,Arjun Bansal
C00095,Priya,Desai,Male,1977-01-23,Surat,Gujarat,Freelancer,Retail,180000.0,2022-02-13,Priya Desai
C00096,Priya,Kulkarni,Male,2001-06-02,Kochi,Kerala,Freelancer,Retail,316979.69,2020-05-18,Priya Kulkarni
C00097,Rahul,Mehta,Female,1961-01-26,Chandigarh,Chandigarh,Self Employed,Retail,500647.96,2024-09-07,Rahul Mehta
C00098,Priya,Sharma,Male,1977-03-05,Mumbai,Maharashtra,Salaried,Retail,607098.0,2022-01-07,Priya Sharma
C00099,Sara,Kulkarni,Female,1997-06-01,Lucknow,Uttar Pradesh,Retired,Retail,487367.16,2024-08-28,Sara Kulkarni
C00100,Myra,Sharma,Male,1988-09-08,Mysuru,Karnataka,Student,SME,1277017.04,2022-07-04,Myra Sharma
C00101,Anaya,Mishra,Male,2003-02-16,Surat,Gujarat,Salaried,Premium,469371.89,2019-06-01,Anaya Mishra
C00102,Riya,Bansal,Male,1999-11-19,Hyderabad,Telangana,Freelancer,Retail,466390.07,2019-04-14,Riya Bansal
C00103,Aadhya,Bansal,Male,1973-07-15,Kochi,Kerala,Business Owner,SME,386648.18,2022-10-15,Aadhya Bansal
C00104,Aditya,Patel,Male,2002-05-12,Coimbatore,Tamil Nadu,Student,Wealth,1855942.38,2019-01-31,Aditya Patel
C00105,Vihaan,Bansal,Female,1968-09-02,Kolkata,West Bengal,Freelancer,Premium,868455.05,2022-09-29,Vihaan Bansal
C00106,Rohan,Jain,Male,1978-10-10,Pune,Maharashtra,Salaried,Retail,485719.27,2021-12-05,Rohan Jain
C00107,Anika,Mishra,Male,1983-02-25,Kochi,Kerala,Retired,Retail,281364.61,2025-05-18,Anika Mishra
C00108,Aarav,Kumar,Male,1961-03-09,Hyderabad,Telangana,Retired,Premium,606089.21,2025-05-16,Aarav Kumar
C00109,Anaya,Kumar,Female,1964-03-24,Ahmedabad,Gujarat,Business Owner,Premium,501069.69,2026-02-03,Anaya Kumar
C00110,Riya,Kulkarni,Female,1996-10-03,Coimbatore,Tamil Nadu,Business Owner,SME,564267.52,2020-06-01,Riya Kulkarni
C00111,Ira,Nair,Male,1967-06-14,Bhopal,Madhya Pradesh,Self Employed,Retail,668836.85,2022-06-07,Ira Nair
C00112,Krishna,Nair,Female,1963-01-07,Chandigarh,Chandigarh,Salaried,Retail,322609.76,2018-02-01,Krishna Nair
C00113,Rahul,Desai,Male,1987-03-05,Indore,Madhya Pradesh,Student,Retail,649881.84,2018-06-23,Rahul Desai
C00114,Neha,Bansal,Female,1961-08-03,Surat,Gujarat,Salaried,SME,732364.64,2022-07-18,Neha Bansal
C00115,Diya,Patel,Female,1980-03-26,Mumbai,Maharashtra,Salaried,SME,548626.2,2020-09-23,Diya Patel
C00116,Aditya,Agarwal,Male,1997-07-17,Surat,Gujarat,Retired,Retail,180000.0,2023-09-20,Aditya Agarwal
C00117,Vihaan,Singh,Female,1982-06-24,Noida,Uttar Pradesh,Self Employed,Wealth,1559106.21,2019-12-12,Vihaan Singh
C00118,Amit,Kapoor,Female,1969-11-03,Chandigarh,Chandigarh,Freelancer,Retail,735936.15,2024-05-01,Amit Kapoor
C00119,Ishaan,Reddy,Male,1980-11-11,Chandigarh,Chandigarh,Business Owner,Retail,213145.21,2023-09-10,Ishaan Reddy
C00120,Kabir,Patel,Female,1979-08-15,Bengaluru,Karnataka,Student,Retail,371861.46,2024-07-05,Kabir Patel
C00121,Ira,Singh,Male,1962-08-26,Kochi,Kerala,Student,Premium,378159.1,2019-02-28,Ira Singh
C00122,Myra,Agarwal,Male,1965-09-21,Coimbatore,Tamil Nadu,Business Owner,Retail,289719.85,2022-03-08,Myra Agarwal
C00123,Kabir,Iyer,Male,1984-07-25,Chennai,Tamil Nadu,Business Owner,Retail,685698.19,2019-01-23,Kabir Iyer
C00124,Aditya,Kapoor,Male,2003-07-10,Kochi,Kerala,Business Owner,Retail,495861.96,2021-06-24,Aditya Kapoor
C00125,Sneha,Iyer,Male,1968-10-23,Ahmedabad,Gujarat,Freelancer,SME,464274.06,2025-11-18,Sneha Iyer
C00126,Sai,Joshi,Female,1965-11-22,Bhopal,Madhya Pradesh,Student,Retail,360578.7,2020-02-26,Sai Joshi
C00127,Anika,Agarwal,Male,1968-03-03,Lucknow,Uttar Pradesh,Freelancer,Retail,768502.02,2021-10-11,Anika Agarwal
C00128,Riya,Kumar,Female,1968-10-13,Chandigarh,Chandigarh,Salaried,Retail,180000.0,2022-08-10,Riya Kumar
C00129,Sneha,Kulkarni,Male,2003-12-08,Kolkata,West Bengal,Retired,Wealth,2022910.98,2020-09-06,Sneha Kulkarni
C00130,Amit,Nair,Female,1990-04-12,Chennai,Tamil Nadu,Retired,Premium,896777.03,2023-12-01,Amit Nair
C00131,Karan,Gupta,Male,1970-04-26,Surat,Gujarat,Business Owner,Premium,773485.02,2018-12-10,Karan Gupta
C00132,Ayaan,Kulkarni,Female,1977-08-17,Gurugram,Haryana,Salaried,Retail,180000.0,2022-08-27,Ayaan Kulkarni
C00133,Aarav,Iyer,Male,1985-09-12,Pune,Maharashtra,Freelancer,Retail,933282.33,2025-04-16,Aarav Iyer
C00134,Arjun,Jain,Female,1969-03-02,Coimbatore,Tamil Nadu,Retired,Retail,1231495.99,2018-01-22,Arjun Jain
C00135,Ira,Bansal,Male,1961-05-07,Bengaluru,Karnataka,Business Owner,SME,733288.32,2020-08-31,Ira Bansal
C00136,Vihaan,Jain,Male,1967-01-08,Chennai,Tamil Nadu,Freelancer,Retail,737335.78,2023-10-12,Vihaan Jain
C00137,Rohan,Patel,Female,1975-12-05,Nagpur,Maharashtra,Salaried,Retail,480240.16,2023-11-25,Rohan Patel
C00138,Pooja,Sharma,Female,1992-09-18,Kochi,Kerala,Salaried,Retail,373133.43,2021-11-13,Pooja Sharma
C00139,Vivaan,Desai,Female,2002-11-04,Lucknow,Uttar Pradesh,Freelancer,Corporate,1357171.97,2019-12-19,Vivaan Desai
C00140,Myra,Verma,Female,2004-08-21,Jaipur,Rajasthan,Self Employed,Retail,180000.0,2018-06-29,Myra Verma
C00141,Reyansh,Nair,Female,1962-06-10,Noida,Uttar Pradesh,Salaried,Retail,180000.0,2025-05-09,Reyansh Nair
C00142,Sai,Jain,Female,1977-02-26,Coimbatore,Tamil Nadu,Business Owner,Retail,811858.3,2023-10-28,Sai Jain
C00143,Anika,Nair,Female,1965-12-14,Hyderabad,Telangana,Salaried,Retail,762323.65,2018-11-24,Anika Nair
C00144,Myra,Desai,Female,2002-05-10,Coimbatore,Tamil Nadu,Salaried,Retail,566052.43,2026-02-25,Myra Desai
C00145,Ira,Kumar,Male,1999-07-09,Kolkata,West Bengal,Self Employed,Premium,1045285.15,2024-10-24,Ira Kumar
C00146,Pari,Verma,Male,1962-03-03,Jaipur,Rajasthan,Freelancer,Retail,548384.81,2023-01-17,Pari Verma
C00147,Anaya,Reddy,Male,1983-08-25,Kolkata,West Bengal,Salaried,Retail,257814.72,2018-04-17,Anaya Reddy
C00148,Riya,Nair,Female,1991-09-13,Gurugram,Haryana,Self Employed,SME,791419.8,2019-05-18,Riya Nair
C00149,Rohan,Iyer,Female,1964-08-06,Delhi,Delhi,Freelancer,SME,585193.71,2018-09-23,Rohan Iyer
C00150,Ira,Mehta,Male,1994-05-10,Kochi,Kerala,Self Employed,SME,1162694.16,2019-07-23,Ira Mehta
C00151,Anika,Singh,Male,1991-01-12,Lucknow,Uttar Pradesh,Salaried,Premium,424138.27,2021-06-20,Anika Singh
C00152,Diya,Singh,Male,1990-09-14,Ahmedabad,Gujarat,Self Employed,Corporate,839787.15,2022-11-08,Diya Singh
C00153,Neha,Mehta,Female,1963-02-17,Bhopal,Madhya Pradesh,Retired,Retail,277302.43,2021-03-09,Neha Mehta
C00154,Riya,Malhotra,Male,1976-04-21,Bengaluru,Karnataka,Retired,Wealth,752437.35,2025-03-10,Riya Malhotra
C00155,Anaya,Kapoor,Male,1997-10-05,Gurugram,Haryana,Salaried,Retail,1466650.54,2018-11-29,Anaya Kapoor
C00156,Kabir,Sharma,Female,2001-10-09,Pune,Maharashtra,Freelancer,Premium,1226325.78,2024-02-13,Kabir Sharma
C00157,Myra,Patel,Male,2001-05-16,Chennai,Tamil Nadu,Self Employed,Retail,720921.53,2022-12-06,Myra Patel
C00158,Amit,Desai,Male,1990-08-07,Surat,Gujarat,Business Owner,Retail,347095.02,2020-09-17,Amit Desai
C00159,Aadhya,Mishra,Female,1967-05-15,Jaipur,Rajasthan,Self Employed,Retail,258856.95,2019-10-17,Aadhya Mishra
C00160,Sara,Sharma,Male,1996-12-11,Coimbatore,Tamil Nadu,Student,Retail,341487.8,2023-09-02,Sara Sharma
C00161,Nisha,Jain,Female,1975-04-19,Jaipur,Rajasthan,Retired,Retail,191072.29,2018-02-03,Nisha Jain
C00162,Aadhya,Verma,Male,1987-03-09,Mysuru,Karnataka,Business Owner,Premium,1179296.28,2024-03-16,Aadhya Verma
C00163,Riya,Mishra,Male,1964-07-17,Chennai,Tamil Nadu,Self Employed,Retail,579135.34,2019-02-01,Riya Mishra
C00164,Ira,Chopra,Male,1983-06-18,Ahmedabad,Gujarat,Salaried,SME,836373.79,2018-06-09,Ira Chopra
C00165,Anaya,Mishra,Female,1981-08-17,Delhi,Delhi,Self Employed,Retail,544127.93,2022-05-29,Anaya Mishra
C00166,Pari,Nair,Female,1979-10-11,Chandigarh,Chandigarh,Salaried,Retail,450433.82,2022-02-17,Pari Nair
C00167,Neha,Sharma,Female,2003-02-14,Coimbatore,Tamil Nadu,Business Owner,Premium,2207057.45,2025-05-09,Neha Sharma
C00168,Pooja,Mishra,Female,1996-04-24,Nagpur,Maharashtra,Self Employed,Retail,425587.62,2025-08-20,Pooja Mishra
C00169,Arjun,Bansal,Male,1962-10-23,Lucknow,Uttar Pradesh,Student,Retail,228349.31,2023-08-18,Arjun Bansal
C00170,Anaya,Jain,Female,1990-12-24,Chandigarh,Chandigarh,Business Owner,Retail,287561.41,2019-12-11,Anaya Jain
C00171,Kabir,Reddy,Female,1994-06-18,Jaipur,Rajasthan,Self Employed,Retail,1109681.98,2020-10-06,Kabir Reddy
C00172,Sara,Iyer,Female,1995-05-08,Hyderabad,Telangana,Business Owner,SME,1156151.99,2024-04-14,Sara Iyer
C00173,Ishaan,Patel,Female,1978-02-19,Hyderabad,Telangana,Student,Premium,1194045.91,2025-05-10,Ishaan Patel
C00174,Krishna,Singh,Male,1990-04-07,Hyderabad,Telangana,Retired,SME,378293.52,2024-07-31,Krishna Singh
C00175,Vihaan,Bansal,Female,1975-01-22,Lucknow,Uttar Pradesh,Freelancer,SME,442003.76,2023-04-19,Vihaan Bansal
C00176,Sara,Jain,Male,2003-03-01,Mysuru,Karnataka,Business Owner,Wealth,4445063.43,2021-08-08,Sara Jain
C00177,Pooja,Verma,Male,2001-01-25,Chennai,Tamil Nadu,Student,Retail,514255.07,2019-12-22,Pooja Verma
C00178,Anaya,Nair,Female,1985-08-06,Pune,Maharashtra,Freelancer,SME,665507.15,2024-02-04,Anaya Nair
C00179,Anaya,Kumar,Female,1991-03-28,Bhopal,Madhya Pradesh,Freelancer,Retail,180000.0,2020-11-19,Anaya Kumar
C00180,Sai,Mishra,Female,1960-12-11,Gurugram,Haryana,Student,Corporate,1266731.38,2023-10-12,Sai Mishra
C00181,Karan,Mehta,Male,1965-07-22,Coimbatore,Tamil Nadu,Business Owner,Retail,1055747.62,2022-04-21,Karan Mehta
C00182,Vivaan,Gupta,Female,1988-05-11,Lucknow,Uttar Pradesh,Business Owner,Retail,709260.34,2019-10-17,Vivaan Gupta
C00183,Ishaan,Desai,Male,2003-09-23,Ahmedabad,Gujarat,Self Employed,Corporate,1599847.81,2019-07-02,Ishaan Desai
C00184,Karan,Jain,Male,1969-08-24,Indore,Madhya Pradesh,Self Employed,Wealth,889626.93,2025-08-18,Karan Jain
C00185,Vihaan,Verma,Male,1965-09-15,Chandigarh,Chandigarh,Retired,Retail,180000.0,2024-01-08,Vihaan Verma
C00186,Pari,Jain,Male,1970-06-28,Delhi,Delhi,Retired,Retail,280493.82,2022-12-30,Pari Jain
C00187,Rohan,Nair,Male,1989-03-17,Pune,Maharashtra,Student,Retail,507208.85,2020-11-08,Rohan Nair
C00188,Vivaan,Patel,Female,1973-10-03,Mumbai,Maharashtra,Salaried,Retail,378252.26,2021-03-21,Vivaan Patel
C00189,Myra,Chopra,Female,1971-03-25,Surat,Gujarat,Salaried,Premium,324000.0,2025-08-28,Myra Chopra
C00190,Ira,Singh,Male,1968-11-28,Kochi,Kerala,Salaried,Retail,229670.41,2018-04-04,Ira Singh
C00191,Ayaan,Kulkarni,Female,1989-11-24,Chennai,Tamil Nadu,Self Employed,Retail,524697.4,2021-02-03,Ayaan Kulkarni
C00192,Nisha,Sharma,Male,1967-01-26,Noida,Uttar Pradesh,Self Employed,Premium,4361823.49,2018-10-03,Nisha Sharma
C00193,Pooja,Verma,Female,1998-01-15,Mysuru,Karnataka,Student,Premium,974236.84,2020-08-17,Pooja Verma
C00194,Pooja,Kapoor,Female,1973-01-05,Kochi,Kerala,Retired,Retail,180000.0,2024-09-15,Pooja Kapoor
C00195,Krishna,Verma,Male,1975-05-05,Coimbatore,Tamil Nadu,Freelancer,Wealth,1373405.16,2025-08-12,Krishna Verma
C00196,Kiara,Bansal,Male,1995-08-02,Surat,Gujarat,Business Owner,Wealth,1971778.35,2022-03-22,Kiara Bansal
C00197,Sneha,Kulkarni,Male,1994-08-08,Gurugram,Haryana,Retired,SME,325632.01,2022-08-18,Sneha Kulkarni
C00198,Aditya,Kulkarni,Female,1995-09-05,Surat,Gujarat,Salaried,Retail,313273.68,2024-01-03,Aditya Kulkarni
C00199,Reyansh,Kapoor,Male,1963-05-13,Noida,Uttar Pradesh,Student,Premium,1717181.78,2020-05-05,Reyansh Kapoor
C00200,Reyansh,Chopra,Male,1979-01-07,Coimbatore,Tamil Nadu,Retired,SME,335216.64,2021-08-10,Reyansh Chopra
C00201,Nisha,Jain,Female,1984-08-18,Chennai,Tamil Nadu,Salaried,Premium,600491.57,2026-02-07,Nisha Jain
C00202,Pooja,Bansal,Female,1980-04-12,Indore,Madhya Pradesh,Self Employed,Retail,499282.13,2020-03-14,Pooja Bansal
C00203,Rohan,Iyer,Female,1974-07-19,Coimbatore,Tamil Nadu,Student,SME,618197.97,2026-02-11,Rohan Iyer
C00204,Sara,Kumar,Male,1989-03-24,Indore,Madhya Pradesh,Retired,Corporate,396000.0,2018-05-19,Sara Kumar
C00205,Aditya,Singh,Male,2002-01-25,Bengaluru,Karnataka,Self Employed,Retail,180000.0,2023-09-03,Aditya Singh
C00206,Aarav,Agarwal,Female,1983-01-20,Jaipur,Rajasthan,Retired,Premium,838540.93,2021-03-20,Aarav Agarwal
C00207,Ayaan,Joshi,Female,1992-12-22,Mumbai,Maharashtra,Business Owner,Retail,1013924.89,2020-12-30,Ayaan Joshi
C00208,Ishaan,Patel,Male,1965-06-13,Ahmedabad,Gujarat,Salaried,Retail,198734.83,2022-07-19,Ishaan Patel
C00209,Sneha,Iyer,Male,1984-09-16,Ahmedabad,Gujarat,Retired,Retail,442308.98,2018-06-24,Sneha Iyer
C00210,Karan,Iyer,Male,1973-12-19,Lucknow,Uttar Pradesh,Self Employed,Retail,470693.68,2024-08-01,Karan Iyer
C00211,Anaya,Chopra,Male,1985-02-10,Delhi,Delhi,Freelancer,Retail,180000.0,2026-02-14,Anaya Chopra
C00212,Anaya,Mishra,Female,1992-12-12,Bengaluru,Karnataka,Business Owner,Retail,306217.02,2018-05-02,Anaya Mishra
C00213,Rohan,Kapoor,Female,1988-08-08,Hyderabad,Telangana,Salaried,Retail,920446.18,2024-12-08,Rohan Kapoor
C00214,Kabir,Singh,Female,1975-12-03,Chennai,Tamil Nadu,Business Owner,Retail,180000.0,2022-01-17,Kabir Singh
C00215,Aditya,Kumar,Female,1965-01-10,Mysuru,Karnataka,Student,Retail,582259.17,2024-03-31,Aditya Kumar
C00216,Riya,Iyer,Female,1992-07-04,Kochi,Kerala,Salaried,Retail,380034.82,2021-04-10,Riya Iyer
C00217,Aadhya,Kumar,Male,1984-02-24,Surat,Gujarat,Business Owner,SME,672149.09,2021-05-18,Aadhya Kumar
C00218,Sneha,Patel,Female,1991-03-03,Hyderabad,Telangana,Business Owner,Retail,327133.15,2020-10-07,Sneha Patel
C00219,Aadhya,Iyer,Female,1998-10-07,Indore,Madhya Pradesh,Business Owner,Retail,237664.8,2022-10-30,Aadhya Iyer
C00220,Sai,Chopra,Female,1968-05-11,Chandigarh,Chandigarh,Business Owner,Premium,1134237.42,2025-10-17,Sai Chopra
C00221,Vihaan,Kapoor,Male,1996-04-11,Indore,Madhya Pradesh,Retired,Retail,723544.01,2024-02-13,Vihaan Kapoor
C00222,Myra,Nair,Male,2003-09-01,Gurugram,Haryana,Student,Wealth,1172262.27,2025-07-19,Myra Nair
C00223,Sneha,Chopra,Male,1968-11-10,Indore,Madhya Pradesh,Student,Retail,748417.61,2024-09-15,Sneha Chopra
C00224,Diya,Malhotra,Male,1997-07-18,Indore,Madhya Pradesh,Salaried,Retail,538625.36,2020-10-13,Diya Malhotra
C00225,Sneha,Bansal,Male,1970-11-20,Kolkata,West Bengal,Salaried,Retail,301652.67,2019-02-08,Sneha Bansal
C00226,Myra,Desai,Female,1974-09-24,Hyderabad,Telangana,Student,Retail,529060.1,2025-08-15,Myra Desai
C00227,Myra,Joshi,Female,2004-09-05,Nagpur,Maharashtra,Business Owner,Retail,270671.92,2023-05-05,Myra Joshi
C00228,Sneha,Kumar,Male,1988-12-23,Mysuru,Karnataka,Retired,Retail,374653.52,2019-12-16,Sneha Kumar
C00229,Kabir,Kumar,Male,1970-06-18,Kochi,Kerala,Freelancer,Retail,370633.62,2025-05-16,Kabir Kumar
C00230,Aadhya,Sharma,Male,1985-01-24,Surat,Gujarat,Self Employed,Premium,395327.9,2021-02-14,Aadhya Sharma
C00231,Myra,Gupta,Female,1996-02-26,Bengaluru,Karnataka,Freelancer,SME,399613.68,2023-06-28,Myra Gupta
C00232,Diya,Kulkarni,Male,2000-06-20,Bhopal,Madhya Pradesh,Freelancer,Retail,394563.52,2025-12-01,Diya Kulkarni
C00233,Vihaan,Kumar,Female,1999-10-03,Chennai,Tamil Nadu,Freelancer,Premium,631776.8,2019-08-03,Vihaan Kumar
C00234,Kabir,Malhotra,Male,1984-07-20,Bhopal,Madhya Pradesh,Retired,Retail,386638.06,2019-11-15,Kabir Malhotra
C00235,Diya,Sharma,Female,1978-03-06,Indore,Madhya Pradesh,Self Employed,Retail,421320.22,2020-03-10,Diya Sharma
C00236,Rahul,Kulkarni,Female,1995-09-21,Ahmedabad,Gujarat,Self Employed,Retail,596131.57,2018-12-05,Rahul Kulkarni
C00237,Amit,Kulkarni,Female,1961-04-10,Nagpur,Maharashtra,Retired,Retail,307127.95,2023-09-24,Amit Kulkarni
C00238,Rahul,Verma,Female,1996-02-09,Mysuru,Karnataka,Retired,Corporate,1575735.39,2020-06-14,Rahul Verma
C00239,Priya,Patel,Female,1966-12-27,Surat,Gujarat,Salaried,Premium,437607.32,2020-08-28,Priya Patel
C00240,Riya,Singh,Male,1997-12-12,Noida,Uttar Pradesh,Self Employed,SME,742967.27,2018-09-01,Riya Singh
C00241,Priya,Agarwal,Male,1982-09-09,Nagpur,Maharashtra,Self Employed,Premium,503760.35,2022-08-13,Priya Agarwal
C00242,Anaya,Mehta,Female,1977-11-05,Pune,Maharashtra,Student,Premium,530645.85,2019-08-06,Anaya Mehta
C00243,Nisha,Patel,Female,2000-05-21,Nagpur,Maharashtra,Retired,Retail,390960.35,2021-02-13,Nisha Patel
C00244,Priya,Patel,Female,1989-08-11,Kolkata,West Bengal,Self Employed,Premium,1212360.93,2022-10-26,Priya Patel
C00245,Pari,Jain,Female,1991-05-11,Noida,Uttar Pradesh,Freelancer,SME,430959.62,2018-07-18,Pari Jain
C00246,Kiara,Joshi,Male,1966-11-26,Pune,Maharashtra,Freelancer,SME,342044.64,2021-05-21,Kiara Joshi
C00247,Kabir,Nair,Male,1977-02-21,Gurugram,Haryana,Student,Retail,513075.06,2025-05-08,Kabir Nair
C00248,Rohan,Kulkarni,Male,1966-01-07,Bengaluru,Karnataka,Salaried,Retail,282697.96,2025-10-20,Rohan Kulkarni
C00249,Pooja,Gupta,Male,1967-07-23,Coimbatore,Tamil Nadu,Business Owner,Retail,229491.13,2022-02-14,Pooja Gupta
C00250,Rohan,Singh,Male,1968-07-25,Chennai,Tamil Nadu,Retired,SME,1659995.39,2024-04-26,Rohan Singh
C00251,Arjun,Bansal,Female,1999-11-06,Mumbai,Maharashtra,Self Employed,Retail,777856.77,2018-12-22,Arjun Bansal
C00252,Sneha,Singh,Male,1968-02-19,Mysuru,Karnataka,Business Owner,Corporate,761436.87,2025-03-25,Sneha Singh
C00253,Neha,Sharma,Female,1975-09-20,Bengaluru,Karnataka,Self Employed,Premium,1260580.61,2023-10-22,Neha Sharma
C00254,Sneha,Mehta,Female,1992-04-24,Chandigarh,Chandigarh,Student,Retail,837284.34,2019-04-07,Sneha Mehta
C00255,Aadhya,Kapoor,Female,1991-11-20,Lucknow,Uttar Pradesh,Business Owner,Retail,365221.81,2024-02-16,Aadhya Kapoor
C00256,Neha,Agarwal,Female,1990-02-01,Gurugram,Haryana,Student,Premium,695836.51,2025-11-14,Neha Agarwal
C00257,Amit,Patel,Female,1965-11-18,Ahmedabad,Gujarat,Freelancer,Retail,297965.27,2022-11-27,Amit Patel
C00258,Vivaan,Nair,Male,1963-04-03,Lucknow,Uttar Pradesh,Salaried,SME,252000.0,2018-02-21,Vivaan Nair
C00259,Rahul,Reddy,Male,2004-01-06,Delhi,Delhi,Business Owner,Retail,327879.13,2019-06-04,Rahul Reddy
C00260,Neha,Kapoor,Male,1967-01-11,Hyderabad,Telangana,Student,SME,492203.42,2023-02-08,Neha Kapoor
C00261,Amit,Gupta,Male,1983-01-16,Bhopal,Madhya Pradesh,Self Employed,SME,426550.96,2023-09-16,Amit Gupta
C00262,Sai,Verma,Female,1962-01-08,Mumbai,Maharashtra,Self Employed,Retail,180000.0,2021-08-11,Sai Verma
C00263,Ira,Verma,Male,1986-12-11,Lucknow,Uttar Pradesh,Self Employed,Retail,234445.42,2023-10-14,Ira Verma
C00264,Aditya,Malhotra,Female,1985-02-15,Pune,Maharashtra,Salaried,SME,900662.55,2022-02-20,Aditya Malhotra
C00265,Pari,Jain,Male,1978-10-26,Noida,Uttar Pradesh,Freelancer,Retail,549077.33,2024-02-17,Pari Jain
C00266,Neha,Sharma,Female,1969-01-14,Lucknow,Uttar Pradesh,Salaried,Retail,492708.95,2025-05-16,Neha Sharma
C00267,Vivaan,Singh,Female,1979-02-07,Ahmedabad,Gujarat,Salaried,Retail,272026.45,2018-06-29,Vivaan Singh
C00268,Pari,Gupta,Male,1993-07-23,Lucknow,Uttar Pradesh,Freelancer,SME,530190.98,2022-06-04,Pari Gupta
C00269,Sneha,Chopra,Female,1997-10-02,Bengaluru,Karnataka,Business Owner,Retail,318308.78,2023-01-29,Sneha Chopra
C00270,Vihaan,Kumar,Female,1974-02-07,Hyderabad,Telangana,Student,Retail,588933.08,2021-07-10,Vihaan Kumar
C00271,Krishna,Gupta,Male,1967-09-12,Surat,Gujarat,Self Employed,Wealth,890730.93,2025-09-11,Krishna Gupta
C00272,Neha,Mehta,Female,2004-10-02,Chennai,Tamil Nadu,Student,Retail,656733.92,2023-10-05,Neha Mehta
C00273,Anika,Mehta,Male,2003-05-09,Pune,Maharashtra,Student,SME,1315797.77,2019-02-22,Anika Mehta
C00274,Kabir,Patel,Female,1967-01-02,Delhi,Delhi,Salaried,SME,1007479.21,2018-03-31,Kabir Patel
C00275,Myra,Verma,Male,1972-11-15,Bengaluru,Karnataka,Retired,SME,863385.56,2022-11-10,Myra Verma
C00276,Sai,Reddy,Female,1991-01-13,Ahmedabad,Gujarat,Student,Premium,537484.66,2019-09-01,Sai Reddy
C00277,Anika,Jain,Male,1999-10-20,Pune,Maharashtra,Salaried,Retail,318449.04,2021-02-19,Anika Jain
C00278,Sneha,Malhotra,Male,1968-07-07,Ahmedabad,Gujarat,Student,Premium,1156898.48,2025-12-31,Sneha Malhotra
C00279,Aadhya,Reddy,Male,1990-09-26,Kolkata,West Bengal,Salaried,Retail,967528.55,2021-07-30,Aadhya Reddy
C00280,Ayaan,Kumar,Male,1974-01-26,Chandigarh,Chandigarh,Self Employed,Corporate,1096422.98,2025-05-14,Ayaan Kumar
C00281,Ayaan,Kapoor,Female,1977-09-27,Lucknow,Uttar Pradesh,Business Owner,Corporate,2511613.3,2019-12-13,Ayaan Kapoor
C00282,Pari,Joshi,Female,1975-10-11,Gurugram,Haryana,Retired,SME,1630102.07,2021-06-19,Pari Joshi
C00283,Sara,Sharma,Female,1991-01-03,Gurugram,Haryana,Retired,Retail,487903.71,2020-04-05,Sara Sharma
C00284,Aarav,Singh,Male,1981-12-06,Delhi,Delhi,Salaried,SME,1001211.57,2023-11-26,Aarav Singh
C00285,Ishaan,Iyer,Male,1964-06-23,Kolkata,West Bengal,Self Employed,SME,555093.17,2026-03-19,Ishaan Iyer
C00286,Nisha,Mishra,Female,2000-08-21,Surat,Gujarat,Self Employed,Retail,691273.38,2025-06-19,Nisha Mishra
C00287,Aarav,Kapoor,Female,1971-07-10,Nagpur,Maharashtra,Retired,Corporate,768868.91,2018-05-13,Aarav Kapoor
C00288,Karan,Jain,Male,1998-06-26,Gurugram,Haryana,Business Owner,Wealth,723930.81,2018-11-15,Karan Jain
C00289,Anaya,Kulkarni,Male,1982-06-06,Lucknow,Uttar Pradesh,Business Owner,Premium,1440334.93,2020-05-08,Anaya Kulkarni
C00290,Sai,Bansal,Female,2004-02-12,Lucknow,Uttar Pradesh,Student,Retail,295831.15,2021-12-09,Sai Bansal
C00291,Rohan,Mehta,Male,1984-02-27,Kochi,Kerala,Student,Retail,1183687.21,2018-10-29,Rohan Mehta
C00292,Nisha,Chopra,Male,1978-01-11,Pune,Maharashtra,Freelancer,Retail,251038.09,2018-11-04,Nisha Chopra
C00293,Riya,Bansal,Male,1965-06-20,Kochi,Kerala,Salaried,Wealth,1100778.96,2019-02-19,Riya Bansal
C00294,Krishna,Nair,Female,1973-04-14,Coimbatore,Tamil Nadu,Self Employed,Premium,1730022.39,2019-01-28,Krishna Nair
C00295,Kiara,Patel,Female,1985-10-18,Pune,Maharashtra,Freelancer,SME,371425.61,2025-01-04,Kiara Patel
C00296,Aditya,Jain,Male,1990-04-04,Chandigarh,Chandigarh,Business Owner,Retail,285340.96,2022-06-17,Aditya Jain
C00297,Nisha,Chopra,Female,1991-11-09,Indore,Madhya Pradesh,Self Employed,Retail,465598.08,2022-12-31,Nisha Chopra
C00298,Arjun,Gupta,Male,1976-08-15,Pune,Maharashtra,Freelancer,Retail,917932.61,2021-11-09,Arjun Gupta
C00299,Priya,Jain,Male,1986-10-08,Kochi,Kerala,Student,Premium,675020.68,2021-05-09,Priya Jain
C00300,Vihaan,Kulkarni,Male,1985-12-02,Bengaluru,Karnataka,Self Employed,Retail,687719.48,2020-05-17,Vihaan Kulkarni
C00301,Rahul,Singh,Female,1968-01-14,Noida,Uttar Pradesh,Business Owner,Retail,549356.15,2026-02-26,Rahul Singh
C00302,Myra,Sharma,Female,1965-07-18,Bengaluru,Karnataka,Salaried,Retail,352688.3,2022-08-25,Myra Sharma
C00303,Pari,Mishra,Female,1969-10-19,Delhi,Delhi,Salaried,Premium,417951.58,2019-12-07,Pari Mishra
C00304,Nisha,Iyer,Male,1985-03-20,Hyderabad,Telangana,Salaried,Premium,963074.84,2023-05-01,Nisha Iyer
C00305,Sara,Gupta,Male,1983-01-11,Hyderabad,Telangana,Self Employed,SME,478426.0,2021-05-15,Sara Gupta
C00306,Reyansh,Bansal,Female,1980-05-24,Jaipur,Rajasthan,Retired,Retail,523933.8,2022-03-12,Reyansh Bansal
C00307,Priya,Agarwal,Male,1992-03-03,Pune,Maharashtra,Self Employed,Retail,445707.35,2020-02-29,Priya Agarwal
C00308,Ira,Chopra,Male,1963-04-02,Noida,Uttar Pradesh,Freelancer,Retail,180000.0,2018-05-06,Ira Chopra
C00309,Anika,Desai,Female,1983-08-20,Lucknow,Uttar Pradesh,Self Employed,Retail,1011553.92,2020-11-25,Anika Desai
C00310,Ayaan,Joshi,Female,1978-01-13,Bengaluru,Karnataka,Freelancer,Retail,312956.97,2022-08-05,Ayaan Joshi
C00311,Sneha,Sharma,Male,1961-11-01,Bhopal,Madhya Pradesh,Business Owner,Retail,290802.1,2024-10-27,Sneha Sharma
C00312,Reyansh,Kulkarni,Female,2001-05-14,Chennai,Tamil Nadu,Freelancer,SME,1143563.53,2023-11-03,Reyansh Kulkarni
C00313,Riya,Mishra,Female,1985-10-04,Chandigarh,Chandigarh,Business Owner,Retail,918212.83,2025-09-04,Riya Mishra
C00314,Krishna,Nair,Male,1990-02-11,Mysuru,Karnataka,Self Employed,Wealth,3458567.58,2023-10-20,Krishna Nair
C00315,Kabir,Jain,Female,1963-10-13,Lucknow,Uttar Pradesh,Business Owner,Premium,1468422.56,2022-09-11,Kabir Jain
C00316,Rohan,Malhotra,Female,1984-12-02,Ahmedabad,Gujarat,Freelancer,Premium,475213.23,2022-01-08,Rohan Malhotra
C00317,Sara,Singh,Female,1979-03-27,Bhopal,Madhya Pradesh,Freelancer,Premium,860792.71,2024-04-08,Sara Singh
C00318,Ishaan,Bansal,Female,2003-06-21,Gurugram,Haryana,Business Owner,Retail,259413.78,2020-12-03,Ishaan Bansal
C00319,Sara,Joshi,Male,1978-08-28,Nagpur,Maharashtra,Freelancer,Retail,540236.17,2022-04-13,Sara Joshi
C00320,Myra,Reddy,Male,1979-07-02,Bhopal,Madhya Pradesh,Self Employed,SME,513794.43,2024-06-18,Myra Reddy
C00321,Sara,Chopra,Male,1991-02-05,Gurugram,Haryana,Salaried,Premium,983525.45,2023-12-27,Sara Chopra
C00322,Aarav,Mehta,Male,1983-01-11,Noida,Uttar Pradesh,Freelancer,Corporate,1002766.42,2021-11-11,Aarav Mehta
C00323,Vivaan,Nair,Female,1968-02-13,Chennai,Tamil Nadu,Student,Retail,363772.54,2026-03-01,Vivaan Nair
C00324,Nisha,Jain,Female,1998-09-11,Bhopal,Madhya Pradesh,Self Employed,Retail,542234.96,2019-11-07,Nisha Jain
C00325,Diya,Verma,Female,1961-04-08,Ahmedabad,Gujarat,Freelancer,Premium,881715.31,2020-11-13,Diya Verma
C00326,Aarav,Verma,Male,1999-01-20,Kochi,Kerala,Student,Wealth,2063165.82,2022-12-25,Aarav Verma
C00327,Kabir,Sharma,Female,1967-09-09,Ahmedabad,Gujarat,Student,Retail,180000.0,2025-06-03,Kabir Sharma
C00328,Nisha,Gupta,Male,2002-09-09,Mysuru,Karnataka,Business Owner,Premium,1103135.6,2019-04-12,Nisha Gupta
C00329,Reyansh,Desai,Female,1991-04-20,Mysuru,Karnataka,Business Owner,Retail,276797.45,2019-10-19,Reyansh Desai
C00330,Aarav,Patel,Male,1995-08-07,Pune,Maharashtra,Retired,Premium,777588.89,2025-07-03,Aarav Patel
C00331,Krishna,Mehta,Female,1969-02-25,Indore,Madhya Pradesh,Business Owner,Retail,559453.53,2020-12-17,Krishna Mehta
C00332,Sneha,Iyer,Female,1963-02-27,Jaipur,Rajasthan,Freelancer,Retail,239777.02,2019-04-20,Sneha Iyer
C00333,Nisha,Kulkarni,Female,1962-01-28,Mysuru,Karnataka,Freelancer,Retail,544096.43,2019-01-16,Nisha Kulkarni
C00334,Aadhya,Jain,Female,1981-03-04,Kolkata,West Bengal,Freelancer,Retail,805363.91,2019-11-15,Aadhya Jain
C00335,Sneha,Kapoor,Female,1968-12-24,Mysuru,Karnataka,Self Employed,Retail,364542.64,2024-11-08,Sneha Kapoor
C00336,Sara,Gupta,Female,1982-10-01,Ahmedabad,Gujarat,Student,SME,1266238.3,2018-07-08,Sara Gupta
C00337,Pooja,Kapoor,Male,1976-11-11,Bengaluru,Karnataka,Freelancer,Retail,919306.69,2021-10-17,Pooja Kapoor
C00338,Sara,Desai,Female,1993-12-23,Bhopal,Madhya Pradesh,Self Employed,Premium,631587.44,2024-04-05,Sara Desai
C00339,Sara,Kumar,Male,1963-01-21,Chandigarh,Chandigarh,Student,SME,625540.09,2021-08-06,Sara Kumar
C00340,Rahul,Mehta,Male,1981-05-02,Lucknow,Uttar Pradesh,Student,Retail,477671.07,2022-12-25,Rahul Mehta
C00341,Anika,Sharma,Male,1988-02-28,Nagpur,Maharashtra,Retired,Retail,402522.19,2024-12-10,Anika Sharma
C00342,Rahul,Verma,Male,1992-09-07,Chennai,Tamil Nadu,Student,Premium,747956.5,2021-09-21,Rahul Verma
C00343,Vihaan,Mehta,Male,1999-10-16,Kochi,Kerala,Business Owner,Premium,629184.51,2021-12-25,Vihaan Mehta
C00344,Pooja,Bansal,Male,1995-09-12,Chennai,Tamil Nadu,Business Owner,Premium,324000.0,2024-11-07,Pooja Bansal
C00345,Neha,Iyer,Male,1972-02-28,Noida,Uttar Pradesh,Student,Retail,367537.62,2018-07-10,Neha Iyer
C00346,Vivaan,Malhotra,Female,1967-08-15,Nagpur,Maharashtra,Retired,Premium,794472.23,2023-06-02,Vivaan Malhotra
C00347,Rohan,Mishra,Female,1971-12-19,Bhopal,Madhya Pradesh,Retired,Retail,616494.89,2022-04-25,Rohan Mishra
C00348,Ishaan,Kulkarni,Male,1998-12-25,Surat,Gujarat,Self Employed,Retail,382070.0,2022-08-18,Ishaan Kulkarni
C00349,Neha,Malhotra,Male,2004-12-17,Chandigarh,Chandigarh,Self Employed,Retail,1732166.82,2020-05-08,Neha Malhotra
C00350,Sai,Agarwal,Female,1978-11-12,Chandigarh,Chandigarh,Freelancer,SME,252000.0,2019-04-18,Sai Agarwal
C00351,Pooja,Malhotra,Female,1995-08-19,Kolkata,West Bengal,Student,Premium,1043968.27,2018-02-22,Pooja Malhotra
C00352,Amit,Kumar,Female,1966-01-13,Bhopal,Madhya Pradesh,Freelancer,Retail,540785.29,2020-10-23,Amit Kumar
C00353,Priya,Malhotra,Male,1963-12-26,Delhi,Delhi,Freelancer,Retail,615461.64,2025-04-04,Priya Malhotra
C00354,Rohan,Verma,Female,1984-04-17,Kochi,Kerala,Student,Corporate,1445916.87,2022-09-03,Rohan Verma
C00355,Ayaan,Desai,Male,1995-01-01,Coimbatore,Tamil Nadu,Freelancer,Corporate,1792477.48,2020-03-03,Ayaan Desai
C00356,Sai,Kapoor,Female,1988-03-22,Chennai,Tamil Nadu,Salaried,Retail,333278.32,2021-09-15,Sai Kapoor
C00357,Kabir,Mishra,Female,1969-01-05,Jaipur,Rajasthan,Student,SME,927583.01,2024-06-03,Kabir Mishra
C00358,Ira,Patel,Male,1982-02-26,Kochi,Kerala,Student,Premium,1390072.34,2024-02-03,Ira Patel
C00359,Diya,Nair,Male,1985-02-12,Kochi,Kerala,Retired,Retail,295134.66,2023-12-13,Diya Nair
C00360,Kabir,Mishra,Male,1995-11-01,Indore,Madhya Pradesh,Salaried,Retail,365393.61,2025-08-27,Kabir Mishra
C00361,Ira,Agarwal,Female,1984-02-13,Coimbatore,Tamil Nadu,Student,Retail,474182.12,2018-06-29,Ira Agarwal
C00362,Aarav,Patel,Male,2001-04-11,Chennai,Tamil Nadu,Freelancer,Retail,1123320.78,2025-01-22,Aarav Patel
C00363,Pooja,Bansal,Male,2003-07-27,Noida,Uttar Pradesh,Freelancer,Retail,498738.77,2025-09-11,Pooja Bansal
C00364,Pari,Mehta,Female,1961-08-23,Delhi,Delhi,Student,Retail,829171.17,2022-05-09,Pari Mehta
C00365,Aarav,Mishra,Male,2000-07-14,Jaipur,Rajasthan,Freelancer,Retail,393073.16,2024-07-26,Aarav Mishra
C00366,Amit,Kulkarni,Female,2004-02-12,Pune,Maharashtra,Student,SME,504482.9,2025-05-30,Amit Kulkarni
C00367,Priya,Malhotra,Female,1990-03-18,Mumbai,Maharashtra,Freelancer,Retail,1391109.42,2019-08-14,Priya Malhotra
C00368,Anika,Singh,Male,2003-12-21,Chennai,Tamil Nadu,Salaried,Retail,1143789.65,2018-01-21,Anika Singh
C00369,Pooja,Desai,Male,1998-07-18,Nagpur,Maharashtra,Student,Retail,269537.04,2025-03-30,Pooja Desai
C00370,Sai,Kapoor,Male,1969-03-06,Bhopal,Madhya Pradesh,Retired,Retail,654764.13,2023-03-05,Sai Kapoor
C00371,Arjun,Mehta,Male,1964-05-22,Kochi,Kerala,Business Owner,Retail,434494.13,2024-12-12,Arjun Mehta
C00372,Pari,Singh,Female,1972-06-16,Bengaluru,Karnataka,Business Owner,Retail,518192.22,2022-10-21,Pari Singh
C00373,Krishna,Desai,Male,1960-06-08,Gurugram,Haryana,Freelancer,Corporate,1699624.89,2021-09-20,Krishna Desai
C00374,Kabir,Mishra,Male,1989-08-12,Indore,Madhya Pradesh,Business Owner,Corporate,959975.52,2019-07-28,Kabir Mishra
C00375,Aarav,Kapoor,Female,1972-05-24,Kochi,Kerala,Retired,SME,252000.0,2020-05-21,Aarav Kapoor
C00376,Arjun,Desai,Female,1995-05-18,Pune,Maharashtra,Self Employed,SME,690135.21,2024-08-12,Arjun Desai
C00377,Rohan,Mehta,Male,1968-08-17,Chennai,Tamil Nadu,Retired,Retail,363806.48,2019-07-29,Rohan Mehta
C00378,Diya,Verma,Male,1970-03-19,Jaipur,Rajasthan,Student,SME,953078.46,2020-08-07,Diya Verma
C00379,Myra,Verma,Male,1976-06-08,Bengaluru,Karnataka,Freelancer,Retail,345636.33,2021-08-20,Myra Verma
C00380,Pari,Kumar,Female,1993-11-27,Mysuru,Karnataka,Freelancer,Retail,760469.27,2022-03-31,Pari Kumar
C00381,Rahul,Desai,Female,1997-11-27,Kolkata,West Bengal,Student,Retail,284917.73,2024-10-10,Rahul Desai
C00382,Diya,Mishra,Male,1992-03-15,Mumbai,Maharashtra,Freelancer,Retail,316549.64,2020-08-01,Diya Mishra
C00383,Sai,Bansal,Male,1981-12-04,Surat,Gujarat,Self Employed,Retail,431349.78,2018-06-26,Sai Bansal
C00384,Arjun,Verma,Male,1996-10-06,Delhi,Delhi,Business Owner,Retail,493480.02,2020-01-08,Arjun Verma
C00385,Sara,Jain,Male,1985-10-19,Bhopal,Madhya Pradesh,Self Employed,Premium,403602.32,2022-08-10,Sara Jain
C00386,Sai,Iyer,Female,1969-10-27,Chandigarh,Chandigarh,Retired,Corporate,1234409.55,2024-08-16,Sai Iyer
C00387,Sai,Jain,Male,1974-07-13,Bengaluru,Karnataka,Retired,Retail,966037.46,2023-08-24,Sai Jain
C00388,Nisha,Bansal,Female,1965-08-22,Mysuru,Karnataka,Business Owner,Retail,779226.45,2018-06-27,Nisha Bansal
C00389,Sneha,Kapoor,Male,1987-04-26,Bhopal,Madhya Pradesh,Student,Retail,653641.85,2019-07-03,Sneha Kapoor
C00390,Krishna,Joshi,Male,1990-04-28,Hyderabad,Telangana,Freelancer,Retail,542131.25,2018-01-30,Krishna Joshi
C00391,Anaya,Bansal,Female,1993-02-17,Nagpur,Maharashtra,Salaried,Retail,705755.54,2019-09-26,Anaya Bansal
C00392,Riya,Reddy,Female,2001-10-09,Surat,Gujarat,Self Employed,Retail,478424.78,2022-08-20,Riya Reddy
C00393,Ishaan,Kapoor,Female,1995-08-06,Kochi,Kerala,Freelancer,Retail,474222.14,2022-06-19,Ishaan Kapoor
C00394,Sneha,Iyer,Male,2002-02-24,Delhi,Delhi,Self Employed,Retail,205436.6,2022-05-13,Sneha Iyer
C00395,Ayaan,Desai,Male,1965-03-16,Mumbai,Maharashtra,Retired,SME,580313.34,2018-06-04,Ayaan Desai
C00396,Amit,Kumar,Female,1985-10-21,Ahmedabad,Gujarat,Student,Retail,726513.59,2018-02-13,Amit Kumar
C00397,Neha,Mehta,Male,2002-09-10,Noida,Uttar Pradesh,Freelancer,Retail,764824.88,2018-05-28,Neha Mehta
C00398,Aadhya,Desai,Female,1975-11-01,Kolkata,West Bengal,Student,Wealth,774690.9,2024-07-28,Aadhya Desai
C00399,Pooja,Malhotra,Female,1993-01-24,Noida,Uttar Pradesh,Business Owner,Premium,1916295.82,2021-02-06,Pooja Malhotra
C00400,Kiara,Agarwal,Male,1998-04-15,Lucknow,Uttar Pradesh,Retired,SME,681550.44,2018-10-24,Kiara Agarwal
C00401,Neha,Kulkarni,Female,1978-06-04,Bhopal,Madhya Pradesh,Retired,SME,1241108.48,2023-06-04,Neha Kulkarni
C00402,Vihaan,Reddy,Male,1981-08-22,Lucknow,Uttar Pradesh,Student,Retail,481291.32,2025-02-08,Vihaan Reddy
C00403,Anika,Sharma,Female,2003-12-08,Lucknow,Uttar Pradesh,Self Employed,SME,545109.14,2021-03-22,Anika Sharma
C00404,Nisha,Kapoor,Female,1985-11-24,Bengaluru,Karnataka,Self Employed,SME,598543.13,2025-08-30,Nisha Kapoor
C00405,Ayaan,Joshi,Male,1991-12-07,Noida,Uttar Pradesh,Retired,Retail,317644.44,2021-12-29,Ayaan Joshi
C00406,Amit,Malhotra,Male,1966-02-03,Delhi,Delhi,Student,Premium,1187169.3,2022-03-01,Amit Malhotra
C00407,Karan,Agarwal,Female,1980-08-19,Chandigarh,Chandigarh,Student,SME,355236.34,2020-06-28,Karan Agarwal
C00408,Ira,Desai,Female,1968-01-17,Nagpur,Maharashtra,Freelancer,Corporate,930906.11,2019-12-17,Ira Desai
C00409,Anaya,Desai,Female,1967-12-17,Jaipur,Rajasthan,Self Employed,Retail,230644.89,2024-02-25,Anaya Desai
C00410,Kiara,Joshi,Female,1975-05-16,Hyderabad,Telangana,Freelancer,Wealth,1107044.07,2022-03-05,Kiara Joshi
C00411,Ayaan,Gupta,Female,1985-05-15,Kolkata,West Bengal,Self Employed,Retail,194730.19,2024-03-24,Ayaan Gupta
C00412,Aarav,Kumar,Female,1984-04-05,Surat,Gujarat,Student,SME,949363.56,2019-07-05,Aarav Kumar
C00413,Pari,Verma,Female,1994-12-11,Bhopal,Madhya Pradesh,Salaried,Corporate,632575.26,2025-09-29,Pari Verma
C00414,Diya,Malhotra,Female,1963-04-27,Gurugram,Haryana,Business Owner,Retail,604267.58,2018-03-23,Diya Malhotra
C00415,Kabir,Malhotra,Male,1967-06-28,Surat,Gujarat,Business Owner,Premium,1007721.4,2021-12-25,Kabir Malhotra
C00416,Riya,Nair,Female,2003-09-16,Coimbatore,Tamil Nadu,Freelancer,Corporate,921836.92,2019-08-17,Riya Nair
C00417,Aditya,Patel,Male,2000-06-14,Gurugram,Haryana,Business Owner,Premium,1245600.18,2020-07-23,Aditya Patel
C00418,Nisha,Kulkarni,Female,1980-11-10,Coimbatore,Tamil Nadu,Freelancer,Premium,938713.66,2024-08-01,Nisha Kulkarni
C00419,Sai,Chopra,Male,1988-07-06,Bhopal,Madhya Pradesh,Salaried,Retail,543533.54,2018-09-19,Sai Chopra
C00420,Aditya,Chopra,Female,1995-01-01,Indore,Madhya Pradesh,Self Employed,Corporate,396000.0,2020-10-10,Aditya Chopra
C00421,Anaya,Jain,Female,1988-11-05,Chennai,Tamil Nadu,Retired,Retail,1335962.88,2021-01-20,Anaya Jain
C00422,Pooja,Kapoor,Female,1988-03-23,Kochi,Kerala,Retired,Retail,517983.75,2025-03-05,Pooja Kapoor
C00423,Diya,Bansal,Female,1979-06-16,Kochi,Kerala,Self Employed,Retail,740522.48,2021-05-28,Diya Bansal
C00424,Anika,Sharma,Female,1960-09-27,Mumbai,Maharashtra,Student,Corporate,601583.27,2021-05-12,Anika Sharma
C00425,Kiara,Malhotra,Female,1987-05-20,Mumbai,Maharashtra,Student,Retail,210591.44,2020-10-20,Kiara Malhotra
C00426,Ayaan,Agarwal,Female,2001-07-27,Gurugram,Haryana,Business Owner,Retail,300415.96,2025-04-10,Ayaan Agarwal
C00427,Kabir,Kulkarni,Female,1977-07-07,Kochi,Kerala,Business Owner,SME,406221.58,2025-11-09,Kabir Kulkarni
C00428,Sai,Gupta,Female,1991-04-11,Chandigarh,Chandigarh,Business Owner,Retail,180000.0,2019-05-28,Sai Gupta
C00429,Ishaan,Jain,Female,1960-04-03,Jaipur,Rajasthan,Student,Retail,438359.49,2025-10-25,Ishaan Jain
C00430,Aadhya,Patel,Female,1981-02-27,Pune,Maharashtra,Self Employed,Corporate,617354.67,2020-02-27,Aadhya Patel
C00431,Myra,Mehta,Male,1984-01-04,Hyderabad,Telangana,Self Employed,Wealth,1844783.61,2023-03-03,Myra Mehta
C00432,Anaya,Kumar,Male,1993-11-07,Mysuru,Karnataka,Freelancer,Retail,567430.79,2024-03-01,Anaya Kumar
C00433,Vihaan,Mehta,Female,1967-05-16,Bhopal,Madhya Pradesh,Business Owner,Premium,1234834.47,2018-03-03,Vihaan Mehta
C00434,Neha,Mishra,Male,1977-10-04,Gurugram,Haryana,Business Owner,Retail,566579.1,2019-01-02,Neha Mishra
C00435,Diya,Singh,Male,1970-08-03,Lucknow,Uttar Pradesh,Self Employed,Premium,1033373.14,2023-06-22,Diya Singh
C00436,Pooja,Joshi,Male,1980-09-26,Lucknow,Uttar Pradesh,Freelancer,Premium,324000.0,2022-03-28,Pooja Joshi
C00437,Neha,Jain,Male,1968-05-02,Kolkata,West Bengal,Retired,Retail,406926.02,2020-02-04,Neha Jain
C00438,Priya,Malhotra,Male,1982-06-24,Kochi,Kerala,Salaried,Retail,1050111.3,2023-12-16,Priya Malhotra
C00439,Sai,Sharma,Female,1988-05-27,Delhi,Delhi,Retired,Retail,545648.31,2020-09-05,Sai Sharma
C00440,Amit,Malhotra,Male,1964-11-18,Coimbatore,Tamil Nadu,Retired,SME,252000.0,2021-03-05,Amit Malhotra
C00441,Rahul,Singh,Male,1986-11-11,Coimbatore,Tamil Nadu,Salaried,Retail,452912.66,2020-04-07,Rahul Singh
C00442,Sara,Agarwal,Female,1991-04-04,Mysuru,Karnataka,Salaried,Retail,550596.32,2022-02-09,Sara Agarwal
C00443,Diya,Malhotra,Female,1998-12-03,Lucknow,Uttar Pradesh,Business Owner,Retail,406986.75,2025-12-11,Diya Malhotra
C00444,Reyansh,Agarwal,Male,1999-05-17,Pune,Maharashtra,Salaried,Retail,247130.46,2026-02-18,Reyansh Agarwal
C00445,Sai,Malhotra,Female,1994-07-07,Lucknow,Uttar Pradesh,Freelancer,Retail,624216.85,2019-03-09,Sai Malhotra
C00446,Sneha,Kumar,Female,1982-11-15,Nagpur,Maharashtra,Retired,Premium,737472.15,2021-10-14,Sneha Kumar
C00447,Anaya,Desai,Female,1994-10-15,Gurugram,Haryana,Freelancer,SME,1440553.04,2022-10-30,Anaya Desai
C00448,Pooja,Reddy,Female,1998-04-19,Coimbatore,Tamil Nadu,Student,Retail,340407.5,2023-01-07,Pooja Reddy
C00449,Nisha,Nair,Male,1960-12-02,Ahmedabad,Gujarat,Business Owner,Wealth,1600651.41,2020-06-27,Nisha Nair
C00450,Anika,Agarwal,Male,1980-01-25,Noida,Uttar Pradesh,Salaried,SME,793100.95,2018-06-04,Anika Agarwal
C00451,Krishna,Nair,Male,1982-03-05,Jaipur,Rajasthan,Retired,Retail,722213.52,2022-06-26,Krishna Nair
C00452,Rahul,Kapoor,Male,1973-12-03,Nagpur,Maharashtra,Retired,Premium,1112285.34,2025-03-15,Rahul Kapoor
C00453,Rahul,Bansal,Female,1962-12-26,Chennai,Tamil Nadu,Salaried,Premium,1178530.85,2020-07-17,Rahul Bansal
C00454,Anaya,Malhotra,Male,1960-11-25,Chandigarh,Chandigarh,Business Owner,Premium,328816.28,2023-08-20,Anaya Malhotra
C00455,Riya,Kapoor,Male,1969-01-22,Lucknow,Uttar Pradesh,Self Employed,Corporate,811100.91,2022-11-05,Riya Kapoor
C00456,Anika,Chopra,Female,1985-03-05,Chennai,Tamil Nadu,Salaried,Retail,404556.99,2022-06-21,Anika Chopra
C00457,Aadhya,Kapoor,Male,1987-12-05,Bhopal,Madhya Pradesh,Retired,Corporate,951704.58,2024-11-28,Aadhya Kapoor
C00458,Pari,Patel,Male,1975-04-03,Bhopal,Madhya Pradesh,Freelancer,Retail,358862.78,2022-08-22,Pari Patel
C00459,Ishaan,Kumar,Female,1983-06-07,Surat,Gujarat,Retired,Retail,484452.29,2022-12-17,Ishaan Kumar
C00460,Arjun,Patel,Male,1969-08-02,Chandigarh,Chandigarh,Freelancer,SME,278525.42,2018-08-12,Arjun Patel
C00461,Sneha,Gupta,Female,1999-03-28,Lucknow,Uttar Pradesh,Student,SME,456540.87,2023-04-14,Sneha Gupta
C00462,Krishna,Malhotra,Female,1981-04-24,Mumbai,Maharashtra,Retired,Retail,246168.37,2026-03-09,Krishna Malhotra
C00463,Vivaan,Reddy,Male,2004-12-22,Delhi,Delhi,Salaried,Retail,558362.71,2021-03-09,Vivaan Reddy
C00464,Priya,Desai,Male,2004-10-09,Noida,Uttar Pradesh,Salaried,Retail,383008.59,2021-04-13,Priya Desai
C00465,Priya,Mishra,Male,1974-07-17,Ahmedabad,Gujarat,Self Employed,Wealth,764308.38,2020-03-25,Priya Mishra
C00466,Anaya,Jain,Female,1989-09-23,Bhopal,Madhya Pradesh,Freelancer,Retail,266601.83,2019-10-06,Anaya Jain
C00467,Vivaan,Reddy,Female,1982-11-12,Mumbai,Maharashtra,Salaried,Retail,825385.91,2024-03-23,Vivaan Reddy
C00468,Aadhya,Agarwal,Male,1974-03-11,Hyderabad,Telangana,Student,SME,728537.8,2020-09-11,Aadhya Agarwal
C00469,Reyansh,Singh,Male,1969-07-10,Nagpur,Maharashtra,Self Employed,SME,435651.01,2021-06-19,Reyansh Singh
C00470,Pooja,Gupta,Male,1968-07-25,Bhopal,Madhya Pradesh,Business Owner,Retail,299835.3,2019-08-20,Pooja Gupta
C00471,Kabir,Reddy,Male,1980-07-14,Mumbai,Maharashtra,Self Employed,Retail,1622897.58,2019-03-14,Kabir Reddy
C00472,Riya,Mehta,Male,1971-01-25,Delhi,Delhi,Self Employed,Wealth,1755723.72,2025-09-16,Riya Mehta
C00473,Sai,Chopra,Female,1982-02-23,Mumbai,Maharashtra,Student,Corporate,894797.53,2019-07-18,Sai Chopra
C00474,Rohan,Joshi,Male,1972-04-02,Gurugram,Haryana,Salaried,Retail,764042.67,2019-12-27,Rohan Joshi
C00475,Aadhya,Verma,Female,1999-08-23,Jaipur,Rajasthan,Freelancer,Retail,419499.37,2021-07-05,Aadhya Verma
C00476,Sneha,Verma,Male,1999-12-19,Ahmedabad,Gujarat,Student,Premium,964567.69,2023-02-15,Sneha Verma
C00477,Ira,Verma,Male,1975-09-18,Pune,Maharashtra,Business Owner,Retail,730642.58,2022-12-06,Ira Verma
C00478,Aditya,Agarwal,Male,1979-05-15,Ahmedabad,Gujarat,Self Employed,Retail,401473.44,2024-07-25,Aditya Agarwal
C00479,Nisha,Joshi,Female,1968-07-14,Kochi,Kerala,Salaried,Retail,194752.04,2020-10-21,Nisha Joshi
C00480,Vihaan,Kulkarni,Female,2004-11-23,Coimbatore,Tamil Nadu,Salaried,Corporate,1231257.57,2023-11-16,Vihaan Kulkarni
C00481,Karan,Iyer,Male,1992-10-06,Ahmedabad,Gujarat,Self Employed,Retail,272089.18,2019-08-16,Karan Iyer
C00482,Kabir,Kumar,Male,1963-07-10,Gurugram,Haryana,Self Employed,Retail,699225.74,2020-04-10,Kabir Kumar
C00483,Aarav,Mishra,Female,1999-05-01,Mumbai,Maharashtra,Self Employed,Retail,922277.38,2020-06-07,Aarav Mishra
C00484,Ayaan,Malhotra,Female,2002-08-15,Nagpur,Maharashtra,Retired,Retail,180000.0,2025-01-18,Ayaan Malhotra
C00485,Priya,Verma,Female,1973-01-06,Kochi,Kerala,Business Owner,Retail,514080.97,2018-12-26,Priya Verma
C00486,Neha,Mishra,Male,1966-07-06,Pune,Maharashtra,Student,Retail,242801.33,2024-06-29,Neha Mishra
C00487,Aditya,Bansal,Male,1962-02-25,Kolkata,West Bengal,Business Owner,Retail,362335.33,2023-04-13,Aditya Bansal
C00488,Neha,Joshi,Male,1967-12-28,Delhi,Delhi,Salaried,Retail,466819.32,2024-05-29,Neha Joshi
C00489,Anaya,Reddy,Female,1965-08-24,Bhopal,Madhya Pradesh,Self Employed,Premium,476604.59,2024-11-21,Anaya Reddy
C00490,Riya,Mehta,Female,1991-09-24,Nagpur,Maharashtra,Self Employed,Premium,789506.08,2018-01-07,Riya Mehta
C00491,Riya,Bansal,Female,1961-08-21,Mysuru,Karnataka,Salaried,Corporate,1291253.24,2021-09-29,Riya Bansal
C00492,Sneha,Patel,Female,1995-11-07,Kolkata,West Bengal,Business Owner,Retail,298799.25,2023-09-07,Sneha Patel
C00493,Riya,Sharma,Male,1980-01-04,Kochi,Kerala,Self Employed,Premium,462629.14,2021-09-15,Riya Sharma
C00494,Kabir,Kulkarni,Female,2003-08-16,Coimbatore,Tamil Nadu,Student,Corporate,1268703.0,2022-08-23,Kabir Kulkarni
C00495,Reyansh,Kapoor,Female,1993-05-19,Pune,Maharashtra,Business Owner,Premium,547274.48,2018-09-29,Reyansh Kapoor
C00496,Pari,Mishra,Female,1977-01-11,Delhi,Delhi,Self Employed,Wealth,2830748.49,2024-09-03,Pari Mishra
C00497,Sara,Mehta,Female,1979-12-28,Mysuru,Karnataka,Student,Retail,208152.26,2021-05-24,Sara Mehta
C00498,Karan,Patel,Female,1993-05-06,Noida,Uttar Pradesh,Retired,Retail,1483509.67,2018-04-13,Karan Patel
C00499,Ishaan,Iyer,Male,1992-03-07,Indore,Madhya Pradesh,Salaried,Retail,390955.77,2023-10-16,Ishaan Iyer
C00500,Aarav,Nair,Male,1973-12-02,Delhi,Delhi,Freelancer,Retail,674744.59,2024-08-31,Aarav Nair
C00501,Aarav,Kapoor,Female,1981-08-02,Bengaluru,Karnataka,Freelancer,Retail,1187138.04,2020-05-09,Aarav Kapoor
C00502,Vihaan,Reddy,Male,1972-04-10,Coimbatore,Tamil Nadu,Self Employed,Retail,326008.4,2021-01-25,Vihaan Reddy
C00503,Anaya,Reddy,Male,1960-10-18,Mysuru,Karnataka,Freelancer,Retail,288906.69,2021-03-06,Anaya Reddy
C00504,Vivaan,Singh,Male,1975-03-03,Nagpur,Maharashtra,Student,Retail,990108.39,2025-07-29,Vivaan Singh
C00505,Nisha,Kapoor,Female,1966-07-02,Pune,Maharashtra,Retired,Retail,313225.76,2021-12-27,Nisha Kapoor
C00506,Sneha,Kulkarni,Male,1981-04-23,Chennai,Tamil Nadu,Student,Corporate,1044418.85,2021-06-25,Sneha Kulkarni
C00507,Diya,Chopra,Male,1990-04-08,Jaipur,Rajasthan,Freelancer,Retail,731765.93,2025-06-17,Diya Chopra
C00508,Myra,Kumar,Female,1980-08-16,Coimbatore,Tamil Nadu,Business Owner,Retail,426819.21,2024-10-11,Myra Kumar
C00509,Anika,Patel,Female,1968-09-04,Nagpur,Maharashtra,Retired,Retail,554817.97,2023-03-04,Anika Patel
C00510,Aadhya,Patel,Female,1997-07-08,Ahmedabad,Gujarat,Self Employed,Premium,4504741.56,2025-10-13,Aadhya Patel
C00511,Rohan,Patel,Female,1987-07-19,Nagpur,Maharashtra,Salaried,Corporate,1028342.85,2024-08-22,Rohan Patel
C00512,Aadhya,Patel,Male,1989-06-18,Chandigarh,Chandigarh,Freelancer,Retail,410568.73,2024-09-08,Aadhya Patel
C00513,Anika,Nair,Female,1980-08-21,Ahmedabad,Gujarat,Retired,Premium,538205.78,2024-06-25,Anika Nair
C00514,Rohan,Nair,Female,1972-04-22,Jaipur,Rajasthan,Freelancer,SME,252000.0,2021-11-11,Rohan Nair
C00515,Ishaan,Verma,Female,1997-01-20,Bengaluru,Karnataka,Retired,Wealth,1196609.49,2018-08-06,Ishaan Verma
C00516,Neha,Kapoor,Female,1995-06-04,Mumbai,Maharashtra,Freelancer,SME,972512.88,2021-07-27,Neha Kapoor
C00517,Reyansh,Malhotra,Female,1985-07-14,Ahmedabad,Gujarat,Business Owner,Retail,592410.04,2022-09-05,Reyansh Malhotra
C00518,Kiara,Singh,Male,1978-11-05,Delhi,Delhi,Self Employed,Retail,664548.72,2025-03-15,Kiara Singh
C00519,Kiara,Malhotra,Female,1989-12-20,Surat,Gujarat,Student,SME,766516.39,2021-12-26,Kiara Malhotra
C00520,Neha,Agarwal,Female,1971-07-20,Lucknow,Uttar Pradesh,Student,Retail,439563.5,2024-02-16,Neha Agarwal
C00521,Sara,Patel,Male,1983-01-02,Nagpur,Maharashtra,Freelancer,Premium,990306.22,2026-03-15,Sara Patel
C00522,Rohan,Patel,Female,1977-08-17,Bhopal,Madhya Pradesh,Retired,Retail,400061.74,2018-08-05,Rohan Patel
C00523,Anaya,Bansal,Female,1994-01-16,Coimbatore,Tamil Nadu,Business Owner,Retail,1087390.51,2021-03-30,Anaya Bansal
C00524,Vivaan,Jain,Male,1962-12-20,Gurugram,Haryana,Retired,Corporate,1590107.77,2018-07-31,Vivaan Jain
C00525,Riya,Reddy,Female,1999-01-10,Chennai,Tamil Nadu,Business Owner,Retail,632836.76,2018-02-28,Riya Reddy
C00526,Sai,Reddy,Male,1998-03-19,Mysuru,Karnataka,Student,Corporate,1235188.15,2020-01-11,Sai Reddy
C00527,Rahul,Jain,Female,1962-06-03,Bhopal,Madhya Pradesh,Student,Wealth,2200701.06,2020-09-01,Rahul Jain
C00528,Vivaan,Kumar,Female,2000-03-07,Jaipur,Rajasthan,Student,Premium,324000.0,2023-05-05,Vivaan Kumar
C00529,Aadhya,Jain,Female,1990-12-25,Chennai,Tamil Nadu,Self Employed,SME,279972.42,2023-12-13,Aadhya Jain
C00530,Karan,Malhotra,Female,1960-05-26,Surat,Gujarat,Student,Retail,529628.73,2024-11-05,Karan Malhotra
C00531,Myra,Mehta,Male,1981-05-09,Hyderabad,Telangana,Retired,SME,355516.0,2021-10-14,Myra Mehta
C00532,Ishaan,Reddy,Male,1980-09-01,Gurugram,Haryana,Salaried,Premium,745972.22,2018-04-08,Ishaan Reddy
C00533,Vihaan,Patel,Male,1965-01-20,Chandigarh,Chandigarh,Student,Premium,1244306.63,2025-05-12,Vihaan Patel
C00534,Aditya,Kulkarni,Female,1971-02-23,Nagpur,Maharashtra,Student,Retail,249971.26,2025-10-06,Aditya Kulkarni
C00535,Anaya,Verma,Female,1976-03-25,Coimbatore,Tamil Nadu,Business Owner,Retail,675780.19,2019-12-30,Anaya Verma
C00536,Arjun,Malhotra,Female,1964-08-07,Jaipur,Rajasthan,Self Employed,Premium,438217.11,2024-11-19,Arjun Malhotra
C00537,Krishna,Kulkarni,Male,1988-12-09,Mysuru,Karnataka,Student,Retail,180000.0,2019-09-02,Krishna Kulkarni
C00538,Amit,Jain,Female,1962-11-13,Mumbai,Maharashtra,Student,Retail,511612.7,2022-07-13,Amit Jain
C00539,Vihaan,Kapoor,Female,1994-04-01,Bengaluru,Karnataka,Business Owner,Retail,995579.65,2025-08-24,Vihaan Kapoor
C00540,Priya,Iyer,Male,1985-01-21,Chennai,Tamil Nadu,Student,Wealth,1651626.42,2021-04-02,Priya Iyer
C00541,Aadhya,Gupta,Female,1971-09-02,Noida,Uttar Pradesh,Student,Wealth,1647746.34,2018-12-14,Aadhya Gupta
C00542,Sara,Chopra,Male,1972-03-02,Jaipur,Rajasthan,Retired,Retail,736267.28,2025-03-20,Sara Chopra
C00543,Pooja,Verma,Female,1991-09-27,Chennai,Tamil Nadu,Salaried,SME,492625.56,2020-05-17,Pooja Verma
C00544,Karan,Patel,Male,1989-11-28,Bhopal,Madhya Pradesh,Freelancer,SME,281831.49,2019-08-03,Karan Patel
C00545,Kabir,Singh,Male,2001-01-16,Indore,Madhya Pradesh,Self Employed,SME,717803.95,2025-02-04,Kabir Singh
C00546,Riya,Mishra,Male,1979-02-15,Pune,Maharashtra,Salaried,Premium,1116761.35,2020-04-10,Riya Mishra
C00547,Anika,Singh,Female,1981-12-22,Surat,Gujarat,Self Employed,Retail,180000.0,2018-07-06,Anika Singh
C00548,Neha,Desai,Male,1971-06-03,Nagpur,Maharashtra,Student,Retail,248004.45,2020-09-24,Neha Desai
C00549,Sai,Sharma,Female,1962-03-04,Nagpur,Maharashtra,Salaried,Corporate,1188721.23,2018-01-27,Sai Sharma
C00550,Sneha,Jain,Male,1971-02-23,Mumbai,Maharashtra,Self Employed,Premium,1488299.18,2019-08-10,Sneha Jain
C00551,Riya,Kumar,Female,1993-08-14,Hyderabad,Telangana,Retired,Retail,180000.0,2018-12-27,Riya Kumar
C00552,Kabir,Joshi,Female,1982-07-01,Chennai,Tamil Nadu,Salaried,Premium,806989.79,2020-03-04,Kabir Joshi
C00553,Rohan,Verma,Male,1969-11-28,Mysuru,Karnataka,Freelancer,Wealth,1288902.45,2022-01-31,Rohan Verma
C00554,Vivaan,Gupta,Male,1973-07-09,Chennai,Tamil Nadu,Retired,Retail,1456841.38,2019-12-22,Vivaan Gupta
C00555,Reyansh,Iyer,Male,1961-08-17,Gurugram,Haryana,Salaried,Retail,503719.97,2021-08-28,Reyansh Iyer
C00556,Vivaan,Bansal,Male,1966-04-24,Lucknow,Uttar Pradesh,Self Employed,Retail,180000.0,2024-11-01,Vivaan Bansal
C00557,Krishna,Joshi,Female,1971-07-12,Jaipur,Rajasthan,Self Employed,Retail,777350.75,2018-05-12,Krishna Joshi
C00558,Amit,Iyer,Male,1963-05-05,Nagpur,Maharashtra,Business Owner,Retail,418362.09,2024-10-08,Amit Iyer
C00559,Kiara,Agarwal,Female,2000-10-06,Gurugram,Haryana,Self Employed,Premium,849503.39,2024-08-20,Kiara Agarwal
C00560,Anaya,Bansal,Male,1989-05-01,Indore,Madhya Pradesh,Retired,Corporate,1308331.77,2019-09-03,Anaya Bansal
C00561,Vivaan,Bansal,Female,1960-07-02,Nagpur,Maharashtra,Student,Retail,392515.75,2025-10-24,Vivaan Bansal
C00562,Kiara,Joshi,Male,1988-08-08,Mysuru,Karnataka,Business Owner,Retail,963398.65,2021-04-26,Kiara Joshi
C00563,Priya,Kapoor,Male,2001-02-01,Lucknow,Uttar Pradesh,Student,Retail,237838.81,2023-03-15,Priya Kapoor
C00564,Aarav,Patel,Female,1985-03-26,Delhi,Delhi,Freelancer,SME,927794.66,2021-09-25,Aarav Patel
C00565,Pari,Joshi,Male,1962-05-14,Bhopal,Madhya Pradesh,Retired,Corporate,1576490.01,2021-10-07,Pari Joshi
C00566,Riya,Verma,Female,1992-11-12,Pune,Maharashtra,Business Owner,SME,347275.21,2019-12-19,Riya Verma
C00567,Anika,Gupta,Female,1964-09-23,Kochi,Kerala,Freelancer,Corporate,582719.35,2024-07-04,Anika Gupta
C00568,Vivaan,Patel,Female,1974-06-12,Noida,Uttar Pradesh,Business Owner,SME,623000.62,2023-01-28,Vivaan Patel
C00569,Anika,Nair,Female,1992-09-27,Indore,Madhya Pradesh,Retired,Retail,818664.5,2022-02-16,Anika Nair
C00570,Aditya,Gupta,Male,1972-08-03,Bengaluru,Karnataka,Business Owner,Retail,749853.29,2019-04-04,Aditya Gupta
C00571,Karan,Singh,Female,1991-03-28,Delhi,Delhi,Business Owner,Retail,345255.76,2022-09-17,Karan Singh
C00572,Anaya,Bansal,Female,2001-01-10,Jaipur,Rajasthan,Freelancer,Retail,854173.11,2025-03-31,Anaya Bansal
C00573,Ishaan,Kapoor,Male,1991-10-22,Coimbatore,Tamil Nadu,Business Owner,Premium,1424488.57,2019-12-05,Ishaan Kapoor
C00574,Sai,Mishra,Male,1974-08-12,Hyderabad,Telangana,Freelancer,Wealth,1028788.41,2024-01-02,Sai Mishra
C00575,Anaya,Kapoor,Male,1971-03-27,Chennai,Tamil Nadu,Student,Premium,554515.6,2020-12-02,Anaya Kapoor
C00576,Sai,Malhotra,Female,1971-04-18,Kolkata,West Bengal,Salaried,Premium,436064.44,2018-04-13,Sai Malhotra
C00577,Kabir,Nair,Female,1991-03-15,Ahmedabad,Gujarat,Business Owner,SME,676618.21,2024-06-07,Kabir Nair
C00578,Vivaan,Singh,Male,1996-12-15,Delhi,Delhi,Business Owner,Retail,219239.93,2018-04-12,Vivaan Singh
C00579,Reyansh,Kapoor,Male,1999-04-15,Ahmedabad,Gujarat,Business Owner,Retail,291240.44,2020-03-12,Reyansh Kapoor
C00580,Ira,Chopra,Male,1965-09-28,Mumbai,Maharashtra,Student,Retail,528273.64,2021-07-25,Ira Chopra
C00581,Priya,Bansal,Female,1998-09-02,Chandigarh,Chandigarh,Student,SME,531054.24,2022-03-08,Priya Bansal
C00582,Reyansh,Kulkarni,Female,1978-06-12,Mumbai,Maharashtra,Student,Retail,393571.52,2021-03-28,Reyansh Kulkarni
C00583,Reyansh,Nair,Female,1987-12-14,Gurugram,Haryana,Retired,Retail,484079.96,2021-10-05,Reyansh Nair
C00584,Sai,Malhotra,Female,1997-07-03,Bengaluru,Karnataka,Freelancer,Retail,529787.64,2024-05-15,Sai Malhotra
C00585,Rahul,Nair,Female,1972-03-27,Delhi,Delhi,Student,Retail,466524.95,2024-04-09,Rahul Nair
C00586,Kabir,Nair,Female,1974-01-26,Jaipur,Rajasthan,Self Employed,Retail,804445.01,2023-07-08,Kabir Nair
C00587,Pari,Bansal,Female,1961-02-25,Lucknow,Uttar Pradesh,Freelancer,Retail,769174.02,2025-09-10,Pari Bansal
C00588,Sai,Kapoor,Male,2004-02-12,Indore,Madhya Pradesh,Self Employed,Retail,700105.44,2021-08-02,Sai Kapoor
C00589,Karan,Desai,Male,2004-03-12,Jaipur,Rajasthan,Business Owner,Retail,305740.26,2021-04-09,Karan Desai
C00590,Riya,Kumar,Female,2000-02-17,Bhopal,Madhya Pradesh,Business Owner,Retail,739234.16,2025-09-06,Riya Kumar
C00591,Rahul,Singh,Male,1977-11-23,Chennai,Tamil Nadu,Self Employed,Premium,324000.0,2023-10-24,Rahul Singh
C00592,Reyansh,Malhotra,Male,1983-08-14,Chennai,Tamil Nadu,Student,Retail,291131.13,2023-03-02,Reyansh Malhotra
C00593,Rahul,Kulkarni,Female,1967-03-01,Bengaluru,Karnataka,Self Employed,Retail,334732.45,2025-12-17,Rahul Kulkarni
C00594,Neha,Mehta,Female,1961-12-27,Chennai,Tamil Nadu,Self Employed,Retail,180000.0,2020-05-09,Neha Mehta
C00595,Reyansh,Gupta,Male,1965-07-23,Delhi,Delhi,Freelancer,Corporate,948215.22,2023-10-05,Reyansh Gupta
C00596,Aarav,Gupta,Male,1963-08-04,Nagpur,Maharashtra,Retired,SME,334169.57,2020-04-21,Aarav Gupta
C00597,Ira,Mishra,Male,1972-03-22,Nagpur,Maharashtra,Retired,Retail,372863.27,2024-05-24,Ira Mishra
C00598,Ishaan,Kumar,Male,1966-10-25,Bengaluru,Karnataka,Freelancer,Retail,317969.29,2019-02-09,Ishaan Kumar
C00599,Vihaan,Kumar,Female,1992-12-16,Noida,Uttar Pradesh,Student,Retail,514271.66,2022-10-04,Vihaan Kumar
C00600,Anika,Verma,Male,1992-04-14,Noida,Uttar Pradesh,Business Owner,Retail,1022849.15,2023-07-16,Anika Verma
C00601,Ishaan,Bansal,Male,1984-05-15,Mysuru,Karnataka,Salaried,Premium,707324.09,2023-05-03,Ishaan Bansal
C00602,Rohan,Patel,Male,1971-01-22,Kolkata,West Bengal,Self Employed,Retail,227989.61,2022-06-06,Rohan Patel
C00603,Diya,Joshi,Female,2004-10-04,Ahmedabad,Gujarat,Self Employed,Corporate,1519485.18,2024-09-02,Diya Joshi
C00604,Amit,Kapoor,Female,1967-04-27,Ahmedabad,Gujarat,Freelancer,Retail,440836.71,2022-06-28,Amit Kapoor
C00605,Vihaan,Reddy,Female,1990-11-20,Kolkata,West Bengal,Student,Wealth,721099.02,2020-08-03,Vihaan Reddy
C00606,Rohan,Iyer,Male,1961-02-24,Delhi,Delhi,Business Owner,Retail,910257.17,2024-12-22,Rohan Iyer
C00607,Reyansh,Nair,Female,1966-02-22,Chandigarh,Chandigarh,Student,Corporate,3290384.2,2023-08-30,Reyansh Nair
C00608,Vivaan,Bansal,Male,1994-06-26,Hyderabad,Telangana,Student,SME,1566109.15,2023-01-18,Vivaan Bansal
C00609,Amit,Nair,Male,1984-08-15,Coimbatore,Tamil Nadu,Student,Retail,180741.73,2022-10-31,Amit Nair
C00610,Rohan,Malhotra,Female,1979-12-13,Delhi,Delhi,Student,Retail,180000.0,2024-04-21,Rohan Malhotra
C00611,Rohan,Desai,Female,1992-01-13,Gurugram,Haryana,Business Owner,Retail,507913.08,2018-09-09,Rohan Desai
C00612,Aarav,Iyer,Female,1997-01-05,Mumbai,Maharashtra,Salaried,SME,356351.24,2022-10-20,Aarav Iyer
C00613,Ishaan,Kapoor,Male,1982-07-12,Kolkata,West Bengal,Freelancer,Retail,322768.7,2018-09-26,Ishaan Kapoor
C00614,Priya,Bansal,Female,1967-06-06,Chennai,Tamil Nadu,Business Owner,Retail,326329.21,2018-03-25,Priya Bansal
C00615,Sneha,Jain,Male,1997-01-11,Indore,Madhya Pradesh,Freelancer,Retail,347270.64,2025-07-28,Sneha Jain
C00616,Ishaan,Desai,Female,1981-08-17,Noida,Uttar Pradesh,Self Employed,SME,748620.56,2023-07-29,Ishaan Desai
C00617,Sneha,Mehta,Male,1994-04-10,Bengaluru,Karnataka,Freelancer,Retail,282544.85,2024-06-26,Sneha Mehta
C00618,Reyansh,Desai,Male,1997-06-09,Mysuru,Karnataka,Freelancer,Retail,760380.03,2021-05-21,Reyansh Desai
C00619,Riya,Agarwal,Female,1979-07-22,Bhopal,Madhya Pradesh,Freelancer,Retail,275552.99,2024-02-21,Riya Agarwal
C00620,Rohan,Kulkarni,Female,1961-11-23,Gurugram,Haryana,Freelancer,Retail,245098.24,2023-12-23,Rohan Kulkarni
C00621,Arjun,Mehta,Male,1987-10-24,Chandigarh,Chandigarh,Freelancer,Premium,823105.01,2025-09-08,Arjun Mehta
C00622,Priya,Bansal,Female,1987-07-11,Chennai,Tamil Nadu,Business Owner,SME,1787210.98,2025-03-31,Priya Bansal
C00623,Aarav,Mehta,Female,1976-11-20,Gurugram,Haryana,Student,Retail,330948.18,2023-06-12,Aarav Mehta
C00624,Aarav,Reddy,Female,1987-07-21,Kochi,Kerala,Freelancer,SME,420774.54,2024-03-05,Aarav Reddy
C00625,Priya,Patel,Female,2001-01-24,Gurugram,Haryana,Business Owner,Retail,180000.0,2025-07-14,Priya Patel
C00626,Rahul,Kapoor,Female,1985-12-27,Bengaluru,Karnataka,Student,Retail,1039769.87,2019-01-05,Rahul Kapoor
C00627,Aadhya,Mehta,Female,1998-02-25,Lucknow,Uttar Pradesh,Self Employed,SME,420402.29,2019-08-14,Aadhya Mehta
C00628,Sara,Malhotra,Female,1971-04-09,Mysuru,Karnataka,Freelancer,Retail,251524.27,2019-04-08,Sara Malhotra
C00629,Neha,Desai,Female,1994-07-16,Coimbatore,Tamil Nadu,Salaried,Premium,1521243.86,2025-03-28,Neha Desai
C00630,Aadhya,Nair,Female,1962-12-22,Chandigarh,Chandigarh,Freelancer,Corporate,1208873.67,2019-05-15,Aadhya Nair
C00631,Karan,Mehta,Female,1975-08-13,Kochi,Kerala,Self Employed,Retail,777660.38,2019-10-19,Karan Mehta
C00632,Priya,Patel,Female,2000-06-26,Jaipur,Rajasthan,Student,Corporate,888185.76,2022-08-19,Priya Patel
C00633,Kiara,Mishra,Female,1987-02-27,Coimbatore,Tamil Nadu,Student,Retail,347469.98,2025-10-18,Kiara Mishra
C00634,Aarav,Chopra,Male,1963-11-21,Mumbai,Maharashtra,Freelancer,Retail,381251.06,2021-06-05,Aarav Chopra
C00635,Rahul,Singh,Female,1996-02-04,Coimbatore,Tamil Nadu,Business Owner,Retail,736038.7,2023-01-24,Rahul Singh
C00636,Sai,Chopra,Female,1968-05-06,Indore,Madhya Pradesh,Retired,Premium,490010.74,2020-07-08,Sai Chopra
C00637,Myra,Joshi,Female,1961-09-21,Mumbai,Maharashtra,Freelancer,Premium,601276.84,2019-11-23,Myra Joshi
C00638,Aarav,Agarwal,Female,1985-10-14,Pune,Maharashtra,Student,Premium,387920.47,2025-07-22,Aarav Agarwal
C00639,Aadhya,Singh,Female,1967-04-23,Indore,Madhya Pradesh,Self Employed,Retail,185347.97,2024-09-23,Aadhya Singh
C00640,Ayaan,Desai,Female,1978-12-22,Noida,Uttar Pradesh,Salaried,Retail,280803.66,2018-02-12,Ayaan Desai
C00641,Kiara,Mishra,Female,1968-06-23,Indore,Madhya Pradesh,Salaried,Retail,284804.55,2019-01-26,Kiara Mishra
C00642,Riya,Mishra,Male,1963-01-11,Kochi,Kerala,Salaried,SME,593621.17,2020-11-04,Riya Mishra
C00643,Nisha,Malhotra,Male,1999-07-10,Bhopal,Madhya Pradesh,Retired,Wealth,1598905.68,2020-01-05,Nisha Malhotra
C00644,Anaya,Agarwal,Female,1970-09-16,Hyderabad,Telangana,Self Employed,SME,933987.66,2020-12-02,Anaya Agarwal
C00645,Diya,Bansal,Female,1980-01-05,Mysuru,Karnataka,Business Owner,Retail,823405.21,2024-11-15,Diya Bansal
C00646,Priya,Kulkarni,Male,1993-06-14,Hyderabad,Telangana,Self Employed,SME,830348.36,2019-09-01,Priya Kulkarni
C00647,Vihaan,Jain,Male,1974-03-02,Pune,Maharashtra,Student,Retail,243838.54,2021-12-31,Vihaan Jain
C00648,Diya,Patel,Male,1991-08-16,Kochi,Kerala,Business Owner,Retail,564328.1,2020-01-10,Diya Patel
C00649,Aarav,Agarwal,Male,1992-05-19,Gurugram,Haryana,Student,SME,752072.61,2018-11-11,Aarav Agarwal
C00650,Pari,Gupta,Female,1991-11-04,Lucknow,Uttar Pradesh,Self Employed,SME,820612.35,2018-04-29,Pari Gupta
C00651,Rohan,Sharma,Female,1989-12-22,Bengaluru,Karnataka,Salaried,Retail,522170.28,2025-05-11,Rohan Sharma
C00652,Sneha,Verma,Male,1988-06-24,Chandigarh,Chandigarh,Retired,Wealth,1973706.42,2024-10-02,Sneha Verma
C00653,Kabir,Singh,Male,1965-07-09,Ahmedabad,Gujarat,Business Owner,Retail,194837.37,2023-07-04,Kabir Singh
C00654,Ira,Joshi,Female,1979-11-20,Surat,Gujarat,Student,Retail,1121195.58,2022-05-09,Ira Joshi
C00655,Riya,Kumar,Female,1977-10-20,Indore,Madhya Pradesh,Freelancer,Retail,1591892.34,2022-10-11,Riya Kumar
C00656,Neha,Singh,Female,1962-09-11,Bengaluru,Karnataka,Retired,Wealth,2128736.85,2025-01-22,Neha Singh
C00657,Arjun,Singh,Female,1965-05-15,Bhopal,Madhya Pradesh,Self Employed,Retail,923106.66,2023-11-13,Arjun Singh
C00658,Ira,Bansal,Female,1978-10-02,Surat,Gujarat,Salaried,Premium,1788663.1,2023-03-19,Ira Bansal
C00659,Sneha,Kumar,Female,1976-06-09,Nagpur,Maharashtra,Salaried,Premium,1215045.81,2018-12-08,Sneha Kumar
C00660,Sneha,Reddy,Female,1979-06-19,Surat,Gujarat,Self Employed,Premium,1238291.59,2020-05-14,Sneha Reddy
C00661,Aarav,Sharma,Female,1965-12-20,Gurugram,Haryana,Salaried,Retail,590647.9,2018-02-24,Aarav Sharma
C00662,Riya,Mishra,Female,2001-08-15,Gurugram,Haryana,Freelancer,Premium,960378.55,2025-07-22,Riya Mishra
C00663,Aarav,Joshi,Female,1979-02-05,Ahmedabad,Gujarat,Freelancer,Retail,555626.09,2019-08-18,Aarav Joshi
C00664,Myra,Singh,Female,1987-11-28,Lucknow,Uttar Pradesh,Student,Corporate,641323.58,2018-03-31,Myra Singh
C00665,Priya,Kulkarni,Male,1970-03-24,Mysuru,Karnataka,Self Employed,Premium,1822863.83,2021-04-22,Priya Kulkarni
C00666,Kiara,Jain,Female,1985-01-11,Nagpur,Maharashtra,Salaried,Retail,679337.81,2023-06-20,Kiara Jain
C00667,Vivaan,Agarwal,Male,1991-09-19,Ahmedabad,Gujarat,Student,Premium,1250926.33,2024-06-18,Vivaan Agarwal
C00668,Sara,Mishra,Female,1995-02-09,Coimbatore,Tamil Nadu,Student,SME,533930.0,2025-10-28,Sara Mishra
C00669,Ira,Mehta,Female,1961-03-10,Surat,Gujarat,Retired,Premium,756255.33,2026-01-08,Ira Mehta
C00670,Sneha,Jain,Male,1968-05-24,Jaipur,Rajasthan,Retired,Premium,1473536.25,2020-04-28,Sneha Jain
C00671,Riya,Jain,Male,2004-12-03,Chennai,Tamil Nadu,Student,Premium,514327.55,2023-07-16,Riya Jain
C00672,Rahul,Agarwal,Male,1975-04-18,Chennai,Tamil Nadu,Salaried,Retail,376882.57,2021-10-15,Rahul Agarwal
C00673,Anaya,Desai,Male,1967-10-08,Surat,Gujarat,Retired,Retail,311526.36,2020-12-31,Anaya Desai
C00674,Rahul,Gupta,Male,2004-09-20,Delhi,Delhi,Retired,Premium,714776.13,2024-11-02,Rahul Gupta
C00675,Karan,Desai,Male,1995-01-17,Mysuru,Karnataka,Freelancer,Retail,1143213.31,2021-04-11,Karan Desai
C00676,Rahul,Singh,Male,1992-08-24,Jaipur,Rajasthan,Self Employed,SME,370946.6,2022-12-04,Rahul Singh
C00677,Aditya,Reddy,Female,1960-04-27,Surat,Gujarat,Freelancer,SME,457710.37,2022-08-27,Aditya Reddy
C00678,Ayaan,Singh,Female,2000-11-08,Kolkata,West Bengal,Student,Retail,669062.02,2022-08-04,Ayaan Singh
C00679,Neha,Agarwal,Male,1993-11-12,Jaipur,Rajasthan,Salaried,SME,489311.38,2021-10-17,Neha Agarwal
C00680,Kabir,Singh,Male,1985-03-14,Coimbatore,Tamil Nadu,Freelancer,Retail,908602.03,2025-12-31,Kabir Singh
C00681,Pooja,Iyer,Female,1978-07-13,Bhopal,Madhya Pradesh,Salaried,SME,2770892.53,2021-02-19,Pooja Iyer
C00682,Riya,Mishra,Female,1999-03-23,Bhopal,Madhya Pradesh,Freelancer,Retail,1480034.21,2021-11-15,Riya Mishra
C00683,Pooja,Singh,Female,1972-05-03,Ahmedabad,Gujarat,Self Employed,Retail,250679.92,2019-01-16,Pooja Singh
C00684,Nisha,Malhotra,Female,1995-05-17,Bhopal,Madhya Pradesh,Self Employed,Retail,504385.04,2021-05-29,Nisha Malhotra
C00685,Diya,Gupta,Male,1992-02-24,Surat,Gujarat,Freelancer,Retail,320839.58,2019-05-26,Diya Gupta
C00686,Pooja,Kapoor,Male,1979-10-24,Jaipur,Rajasthan,Business Owner,Retail,362621.65,2021-05-10,Pooja Kapoor
C00687,Ayaan,Gupta,Female,2002-12-19,Chennai,Tamil Nadu,Retired,Premium,1213289.57,2024-07-13,Ayaan Gupta
C00688,Aditya,Verma,Female,1983-08-04,Noida,Uttar Pradesh,Self Employed,Retail,392680.03,2023-05-05,Aditya Verma
C00689,Amit,Chopra,Female,1988-02-12,Noida,Uttar Pradesh,Retired,Premium,646765.15,2023-08-06,Amit Chopra
C00690,Ira,Singh,Female,1988-12-16,Surat,Gujarat,Freelancer,Corporate,886310.39,2023-02-18,Ira Singh
C00691,Sai,Malhotra,Female,1992-09-04,Delhi,Delhi,Salaried,Premium,762469.6,2024-09-30,Sai Malhotra
C00692,Sneha,Singh,Male,1967-02-12,Surat,Gujarat,Retired,Premium,554979.89,2022-09-24,Sneha Singh
C00693,Vivaan,Bansal,Female,1979-05-07,Pune,Maharashtra,Retired,Retail,464215.17,2021-06-22,Vivaan Bansal
C00694,Kabir,Kulkarni,Female,1988-06-26,Nagpur,Maharashtra,Freelancer,Retail,295916.27,2023-01-14,Kabir Kulkarni
C00695,Nisha,Chopra,Female,1980-02-26,Delhi,Delhi,Retired,Premium,963271.64,2018-07-07,Nisha Chopra
C00696,Sneha,Nair,Male,1977-11-03,Jaipur,Rajasthan,Freelancer,SME,978000.06,2024-04-10,Sneha Nair
C00697,Reyansh,Jain,Male,1972-10-18,Bengaluru,Karnataka,Salaried,Premium,324000.0,2025-05-20,Reyansh Jain
C00698,Nisha,Kapoor,Female,1971-01-09,Kochi,Kerala,Salaried,Corporate,430224.43,2023-12-26,Nisha Kapoor
C00699,Priya,Agarwal,Female,1980-07-19,Chandigarh,Chandigarh,Student,Retail,399683.04,2020-11-19,Priya Agarwal
C00700,Aditya,Singh,Female,1967-02-18,Bengaluru,Karnataka,Student,Retail,281766.68,2025-08-11,Aditya Singh
C00701,Vihaan,Iyer,Male,1963-10-11,Gurugram,Haryana,Student,Retail,589306.59,2021-08-20,Vihaan Iyer
C00702,Sara,Agarwal,Female,1984-02-02,Hyderabad,Telangana,Salaried,Retail,785970.1,2021-01-08,Sara Agarwal
C00703,Ayaan,Sharma,Female,1980-08-18,Pune,Maharashtra,Retired,Retail,431401.21,2024-07-28,Ayaan Sharma
C00704,Aditya,Agarwal,Male,1975-09-21,Mysuru,Karnataka,Self Employed,Corporate,713333.32,2022-03-10,Aditya Agarwal
C00705,Vivaan,Sharma,Female,1970-04-18,Kochi,Kerala,Retired,Wealth,3531237.66,2021-03-30,Vivaan Sharma
C00706,Diya,Joshi,Female,1960-01-16,Gurugram,Haryana,Salaried,Retail,212242.63,2019-10-24,Diya Joshi
C00707,Pooja,Malhotra,Female,1996-02-10,Kochi,Kerala,Student,Retail,1335165.89,2020-05-13,Pooja Malhotra
C00708,Rohan,Iyer,Female,1992-06-22,Chandigarh,Chandigarh,Self Employed,SME,811071.67,2023-02-27,Rohan Iyer
C00709,Aarav,Sharma,Male,1981-01-23,Chandigarh,Chandigarh,Student,Retail,1224954.72,2024-03-26,Aarav Sharma
C00710,Aarav,Kulkarni,Male,1985-09-03,Indore,Madhya Pradesh,Business Owner,Corporate,1133656.77,2022-03-22,Aarav Kulkarni
C00711,Reyansh,Kulkarni,Male,1982-07-06,Chandigarh,Chandigarh,Self Employed,SME,352941.78,2018-03-23,Reyansh Kulkarni
C00712,Sneha,Mehta,Male,2003-12-12,Hyderabad,Telangana,Student,Retail,980971.65,2022-01-26,Sneha Mehta
C00713,Rahul,Chopra,Male,1977-08-23,Pune,Maharashtra,Business Owner,Premium,565998.01,2024-05-20,Rahul Chopra
C00714,Riya,Kapoor,Male,1991-03-18,Bhopal,Madhya Pradesh,Salaried,Retail,879715.53,2024-08-06,Riya Kapoor
C00715,Priya,Sharma,Female,1964-03-09,Delhi,Delhi,Freelancer,SME,834087.28,2024-04-13,Priya Sharma
C00716,Anaya,Bansal,Female,1960-07-21,Jaipur,Rajasthan,Business Owner,Premium,2097887.49,2019-05-14,Anaya Bansal
C00717,Aadhya,Joshi,Female,1989-08-12,Bhopal,Madhya Pradesh,Salaried,Retail,462649.03,2024-05-31,Aadhya Joshi
C00718,Anaya,Nair,Male,1974-12-14,Mumbai,Maharashtra,Freelancer,Wealth,2166263.73,2025-01-05,Anaya Nair
C00719,Anaya,Reddy,Male,1961-08-14,Mysuru,Karnataka,Salaried,SME,782381.46,2023-04-24,Anaya Reddy
C00720,Amit,Gupta,Female,1981-01-27,Lucknow,Uttar Pradesh,Retired,Retail,876687.64,2019-05-27,Amit Gupta
C00721,Kabir,Bansal,Male,1963-01-13,Bengaluru,Karnataka,Salaried,Retail,409030.94,2025-08-07,Kabir Bansal
C00722,Kiara,Mehta,Male,1995-01-10,Pune,Maharashtra,Student,SME,486052.67,2022-04-22,Kiara Mehta
C00723,Aarav,Kulkarni,Female,1987-10-20,Jaipur,Rajasthan,Retired,Retail,686391.9,2020-02-28,Aarav Kulkarni
C00724,Nisha,Kapoor,Male,1966-01-20,Mysuru,Karnataka,Freelancer,Premium,1380880.21,2023-09-16,Nisha Kapoor
C00725,Sneha,Verma,Male,1982-07-16,Hyderabad,Telangana,Self Employed,Premium,743222.97,2021-06-30,Sneha Verma
C00726,Amit,Singh,Male,1987-09-21,Nagpur,Maharashtra,Student,Corporate,396000.0,2021-06-18,Amit Singh
C00727,Arjun,Verma,Male,1981-05-12,Chandigarh,Chandigarh,Retired,Wealth,1393522.17,2024-04-10,Arjun Verma
C00728,Aditya,Iyer,Male,1987-06-07,Pune,Maharashtra,Freelancer,Wealth,1566959.91,2023-05-03,Aditya Iyer
C00729,Ishaan,Bansal,Female,1998-12-11,Jaipur,Rajasthan,Self Employed,SME,680339.74,2019-03-06,Ishaan Bansal
C00730,Myra,Mishra,Male,1962-08-08,Jaipur,Rajasthan,Self Employed,SME,949099.05,2023-05-24,Myra Mishra
C00731,Aditya,Desai,Male,1984-04-13,Coimbatore,Tamil Nadu,Retired,Retail,913840.5,2019-04-17,Aditya Desai
C00732,Aarav,Joshi,Male,1978-08-07,Delhi,Delhi,Business Owner,Premium,1463218.99,2019-12-15,Aarav Joshi
C00733,Aarav,Kumar,Female,1976-12-06,Lucknow,Uttar Pradesh,Salaried,Retail,470996.17,2018-03-27,Aarav Kumar
C00734,Myra,Mehta,Female,1984-11-26,Delhi,Delhi,Business Owner,SME,510622.84,2025-05-31,Myra Mehta
C00735,Diya,Iyer,Female,1993-10-14,Gurugram,Haryana,Freelancer,SME,387946.37,2020-09-28,Diya Iyer
C00736,Ayaan,Verma,Female,1999-10-07,Pune,Maharashtra,Self Employed,SME,493061.84,2023-09-13,Ayaan Verma
C00737,Aditya,Kumar,Female,1991-04-24,Nagpur,Maharashtra,Freelancer,Retail,407481.6,2023-09-17,Aditya Kumar
C00738,Sara,Jain,Female,1991-09-15,Kolkata,West Bengal,Business Owner,Retail,675026.45,2024-07-08,Sara Jain
C00739,Priya,Mehta,Female,2000-10-21,Ahmedabad,Gujarat,Self Employed,Retail,317412.29,2021-06-07,Priya Mehta
C00740,Arjun,Patel,Female,1984-10-06,Surat,Gujarat,Student,SME,475528.4,2023-10-27,Arjun Patel
C00741,Myra,Bansal,Female,1974-10-02,Kolkata,West Bengal,Business Owner,Retail,539901.47,2023-07-31,Myra Bansal
C00742,Diya,Patel,Female,1977-07-01,Coimbatore,Tamil Nadu,Retired,Retail,217889.69,2023-10-02,Diya Patel
C00743,Diya,Verma,Male,2001-02-26,Kochi,Kerala,Business Owner,Retail,330562.46,2020-03-16,Diya Verma
C00744,Neha,Mishra,Male,1976-05-24,Coimbatore,Tamil Nadu,Freelancer,SME,786352.49,2024-02-03,Neha Mishra
C00745,Aadhya,Kapoor,Male,1960-05-10,Hyderabad,Telangana,Student,SME,969520.22,2025-05-03,Aadhya Kapoor
C00746,Ira,Kapoor,Female,1969-07-08,Bhopal,Madhya Pradesh,Freelancer,Retail,691954.47,2023-03-05,Ira Kapoor
C00747,Reyansh,Kulkarni,Female,1965-06-28,Coimbatore,Tamil Nadu,Retired,Retail,1028701.5,2018-05-04,Reyansh Kulkarni
C00748,Rohan,Chopra,Female,1968-10-28,Kolkata,West Bengal,Business Owner,Retail,341057.5,2024-08-01,Rohan Chopra
C00749,Kabir,Mishra,Female,1996-01-05,Mumbai,Maharashtra,Student,Retail,837079.14,2020-04-16,Kabir Mishra
C00750,Myra,Nair,Male,1964-09-13,Ahmedabad,Gujarat,Self Employed,Retail,187626.88,2019-03-04,Myra Nair
C00751,Aditya,Chopra,Female,1971-01-27,Kochi,Kerala,Self Employed,Premium,785893.59,2020-08-12,Aditya Chopra
C00752,Pooja,Patel,Female,2002-09-03,Chennai,Tamil Nadu,Self Employed,Retail,242396.39,2019-06-17,Pooja Patel
C00753,Ishaan,Kapoor,Male,1979-07-27,Noida,Uttar Pradesh,Retired,Premium,749933.39,2026-01-14,Ishaan Kapoor
C00754,Riya,Mehta,Female,1977-04-01,Jaipur,Rajasthan,Retired,Wealth,991239.72,2023-07-04,Riya Mehta
C00755,Neha,Nair,Female,1989-10-02,Jaipur,Rajasthan,Retired,Corporate,848216.07,2019-12-19,Neha Nair
C00756,Sai,Kapoor,Male,1975-03-20,Surat,Gujarat,Student,Corporate,622940.43,2025-11-01,Sai Kapoor
C00757,Aditya,Joshi,Female,1975-03-09,Pune,Maharashtra,Student,SME,689202.08,2024-03-14,Aditya Joshi
C00758,Myra,Kumar,Female,1983-02-25,Mysuru,Karnataka,Self Employed,Retail,642510.45,2023-09-04,Myra Kumar
C00759,Anaya,Chopra,Male,1989-01-03,Pune,Maharashtra,Student,Premium,1083531.67,2018-06-04,Anaya Chopra
C00760,Sara,Kulkarni,Male,1976-02-23,Mumbai,Maharashtra,Salaried,SME,323643.0,2024-02-25,Sara Kulkarni
C00761,Aarav,Mishra,Male,1988-03-16,Lucknow,Uttar Pradesh,Self Employed,SME,913496.46,2021-04-19,Aarav Mishra
C00762,Sai,Joshi,Male,1994-12-13,Mysuru,Karnataka,Freelancer,Retail,301795.47,2023-12-21,Sai Joshi
C00763,Neha,Gupta,Female,1988-12-02,Noida,Uttar Pradesh,Freelancer,SME,1404553.07,2021-06-16,Neha Gupta
C00764,Ayaan,Desai,Male,1963-10-01,Jaipur,Rajasthan,Self Employed,Retail,382728.96,2019-01-10,Ayaan Desai
C00765,Ayaan,Gupta,Male,1986-01-01,Mumbai,Maharashtra,Freelancer,Retail,183981.36,2019-11-16,Ayaan Gupta
C00766,Riya,Joshi,Female,1986-09-04,Pune,Maharashtra,Student,SME,395608.12,2019-05-10,Riya Joshi
C00767,Krishna,Mishra,Female,1973-02-12,Lucknow,Uttar Pradesh,Salaried,Retail,204405.85,2018-10-03,Krishna Mishra
C00768,Vihaan,Mishra,Female,1986-05-25,Noida,Uttar Pradesh,Freelancer,Premium,1186947.4,2025-10-23,Vihaan Mishra
C00769,Anaya,Jain,Male,2003-12-05,Ahmedabad,Gujarat,Business Owner,Retail,1329944.56,2018-03-14,Anaya Jain
C00770,Neha,Sharma,Male,1997-08-13,Chandigarh,Chandigarh,Salaried,Retail,700440.8,2024-11-29,Neha Sharma
C00771,Arjun,Desai,Female,1979-04-24,Mysuru,Karnataka,Business Owner,Retail,340155.5,2020-04-07,Arjun Desai
C00772,Myra,Iyer,Male,1984-04-21,Delhi,Delhi,Business Owner,Retail,1195381.45,2021-07-24,Myra Iyer
C00773,Pooja,Iyer,Female,1993-07-21,Pune,Maharashtra,Self Employed,SME,841631.32,2020-04-23,Pooja Iyer
C00774,Priya,Chopra,Female,1963-11-08,Kochi,Kerala,Self Employed,SME,785950.91,2022-12-17,Priya Chopra
C00775,Sneha,Joshi,Male,1964-08-03,Mumbai,Maharashtra,Retired,Wealth,670741.14,2018-11-17,Sneha Joshi
C00776,Ayaan,Nair,Female,1989-05-06,Surat,Gujarat,Retired,Premium,594545.56,2023-01-11,Ayaan Nair
C00777,Sara,Kulkarni,Female,1977-08-03,Noida,Uttar Pradesh,Retired,Wealth,1072713.96,2024-11-01,Sara Kulkarni
C00778,Karan,Nair,Male,1969-08-01,Surat,Gujarat,Retired,Corporate,903231.69,2026-02-24,Karan Nair
C00779,Sara,Patel,Female,1976-07-15,Gurugram,Haryana,Self Employed,Retail,277304.93,2026-01-07,Sara Patel
C00780,Kiara,Chopra,Female,1972-03-07,Indore,Madhya Pradesh,Student,Retail,362488.94,2023-06-29,Kiara Chopra
C00781,Reyansh,Bansal,Female,2001-10-03,Chennai,Tamil Nadu,Freelancer,Retail,344493.65,2021-11-28,Reyansh Bansal
C00782,Kiara,Mehta,Male,1991-11-23,Bhopal,Madhya Pradesh,Student,Retail,224371.27,2018-05-22,Kiara Mehta
C00783,Riya,Kulkarni,Male,2000-12-22,Kolkata,West Bengal,Business Owner,Retail,531496.12,2020-10-10,Riya Kulkarni
C00784,Neha,Kapoor,Male,1997-11-27,Chandigarh,Chandigarh,Retired,Retail,611891.21,2020-02-13,Neha Kapoor
C00785,Nisha,Chopra,Female,1970-07-09,Surat,Gujarat,Freelancer,Premium,797385.94,2022-08-13,Nisha Chopra
C00786,Pooja,Joshi,Female,1966-11-19,Bengaluru,Karnataka,Freelancer,Corporate,820110.32,2021-06-15,Pooja Joshi
C00787,Kiara,Nair,Female,1970-08-01,Mumbai,Maharashtra,Self Employed,Retail,689465.4,2019-12-24,Kiara Nair
C00788,Sai,Joshi,Male,1971-12-05,Kolkata,West Bengal,Freelancer,Retail,344280.73,2020-01-19,Sai Joshi
C00789,Sai,Patel,Female,1976-07-15,Noida,Uttar Pradesh,Salaried,Premium,1942722.58,2022-03-28,Sai Patel
C00790,Amit,Gupta,Male,1977-02-11,Mysuru,Karnataka,Salaried,Retail,272093.96,2020-12-25,Amit Gupta
C00791,Aarav,Chopra,Female,2002-10-26,Mumbai,Maharashtra,Student,Wealth,598539.33,2023-04-23,Aarav Chopra
C00792,Vivaan,Desai,Female,1998-07-11,Coimbatore,Tamil Nadu,Salaried,Retail,568405.49,2018-01-13,Vivaan Desai
C00793,Neha,Mehta,Female,2004-07-24,Jaipur,Rajasthan,Student,SME,290223.25,2024-12-07,Neha Mehta
C00794,Sneha,Iyer,Female,1992-07-22,Indore,Madhya Pradesh,Self Employed,Retail,385298.61,2024-10-21,Sneha Iyer
C00795,Rohan,Gupta,Female,1985-12-20,Indore,Madhya Pradesh,Business Owner,Corporate,2155619.58,2024-10-22,Rohan Gupta
C00796,Rahul,Malhotra,Female,1969-09-19,Noida,Uttar Pradesh,Self Employed,Corporate,971224.39,2023-01-02,Rahul Malhotra
C00797,Rohan,Patel,Male,1990-11-18,Mysuru,Karnataka,Student,Retail,180000.0,2026-01-10,Rohan Patel
C00798,Sara,Gupta,Male,1970-06-13,Mumbai,Maharashtra,Retired,Corporate,682187.97,2025-02-08,Sara Gupta
C00799,Aadhya,Chopra,Female,1965-12-11,Indore,Madhya Pradesh,Self Employed,SME,808796.23,2020-07-04,Aadhya Chopra
C00800,Reyansh,Gupta,Female,1967-05-03,Hyderabad,Telangana,Self Employed,Retail,305697.9,2021-07-07,Reyansh Gupta
C00801,Aadhya,Bansal,Female,1996-12-01,Ahmedabad,Gujarat,Business Owner,Retail,491338.72,2025-08-14,Aadhya Bansal
C00802,Rahul,Nair,Male,1993-11-20,Delhi,Delhi,Student,Premium,1294711.22,2025-08-17,Rahul Nair
C00803,Neha,Verma,Female,1969-10-10,Jaipur,Rajasthan,Business Owner,Retail,970092.13,2023-08-20,Neha Verma
C00804,Neha,Chopra,Male,1977-12-19,Mysuru,Karnataka,Business Owner,Retail,817616.99,2019-09-18,Neha Chopra
C00805,Sara,Chopra,Female,1974-12-24,Noida,Uttar Pradesh,Freelancer,Retail,673326.5,2019-10-15,Sara Chopra
C00806,Aadhya,Chopra,Male,1995-07-11,Mumbai,Maharashtra,Retired,Retail,425712.29,2026-02-24,Aadhya Chopra
C00807,Anaya,Kapoor,Male,1978-12-07,Chennai,Tamil Nadu,Freelancer,Premium,837326.93,2021-05-30,Anaya Kapoor
C00808,Arjun,Joshi,Male,2001-03-19,Jaipur,Rajasthan,Freelancer,Retail,574243.31,2020-03-12,Arjun Joshi
C00809,Karan,Verma,Male,1983-12-28,Mumbai,Maharashtra,Business Owner,Premium,515784.76,2023-04-25,Karan Verma
C00810,Vivaan,Gupta,Male,1963-02-17,Gurugram,Haryana,Student,Premium,973640.66,2023-06-25,Vivaan Gupta
C00811,Sneha,Patel,Female,2004-10-06,Chennai,Tamil Nadu,Freelancer,Premium,543752.24,2022-04-15,Sneha Patel
C00812,Ira,Mehta,Male,2000-11-15,Hyderabad,Telangana,Retired,Retail,429031.51,2024-06-04,Ira Mehta
C00813,Sara,Bansal,Female,1990-05-23,Nagpur,Maharashtra,Retired,Corporate,1366277.04,2019-05-28,Sara Bansal
C00814,Rahul,Sharma,Female,1980-02-23,Mysuru,Karnataka,Retired,SME,871710.97,2024-01-07,Rahul Sharma
C00815,Kabir,Gupta,Male,1991-02-17,Bhopal,Madhya Pradesh,Freelancer,SME,758795.95,2019-04-26,Kabir Gupta
C00816,Vivaan,Singh,Male,1998-12-06,Gurugram,Haryana,Freelancer,Retail,411428.92,2019-10-23,Vivaan Singh
C00817,Vivaan,Agarwal,Female,1995-05-28,Bengaluru,Karnataka,Freelancer,Corporate,1187059.92,2023-12-28,Vivaan Agarwal
C00818,Diya,Mishra,Male,1968-10-16,Jaipur,Rajasthan,Freelancer,Premium,3676710.38,2019-02-10,Diya Mishra
C00819,Arjun,Mishra,Male,1975-01-07,Pune,Maharashtra,Retired,Retail,678823.9,2022-01-10,Arjun Mishra
C00820,Kabir,Kumar,Female,1968-12-20,Hyderabad,Telangana,Student,Retail,471473.26,2018-12-08,Kabir Kumar
C00821,Krishna,Joshi,Female,2003-07-23,Hyderabad,Telangana,Retired,Retail,208031.28,2025-05-16,Krishna Joshi
C00822,Aadhya,Sharma,Male,1998-03-14,Bhopal,Madhya Pradesh,Salaried,SME,273754.19,2021-01-11,Aadhya Sharma
C00823,Krishna,Singh,Male,1994-02-22,Mysuru,Karnataka,Business Owner,Retail,364322.0,2018-02-10,Krishna Singh
C00824,Ira,Nair,Female,1984-04-13,Mysuru,Karnataka,Salaried,Wealth,1799415.39,2023-12-07,Ira Nair
C00825,Vivaan,Kumar,Female,2004-10-28,Kolkata,West Bengal,Student,Retail,348093.63,2020-01-11,Vivaan Kumar
C00826,Arjun,Reddy,Male,2003-09-18,Kolkata,West Bengal,Freelancer,Premium,1496118.94,2023-10-05,Arjun Reddy
C00827,Pooja,Desai,Male,2002-03-05,Delhi,Delhi,Freelancer,Retail,559348.93,2024-10-29,Pooja Desai
C00828,Krishna,Bansal,Male,1989-03-15,Surat,Gujarat,Business Owner,Wealth,2336978.85,2025-02-16,Krishna Bansal
C00829,Sara,Sharma,Female,1979-07-25,Bengaluru,Karnataka,Freelancer,Retail,740537.93,2023-09-15,Sara Sharma
C00830,Vihaan,Chopra,Male,1990-08-17,Delhi,Delhi,Retired,Premium,1137672.58,2020-02-18,Vihaan Chopra
C00831,Karan,Agarwal,Male,1987-12-18,Mumbai,Maharashtra,Retired,Corporate,396000.0,2023-01-12,Karan Agarwal
C00832,Diya,Verma,Female,2003-09-08,Gurugram,Haryana,Student,Retail,382797.24,2022-04-02,Diya Verma
C00833,Amit,Gupta,Female,1983-02-11,Gurugram,Haryana,Business Owner,SME,371081.69,2023-06-02,Amit Gupta
C00834,Ishaan,Agarwal,Male,1976-04-01,Chennai,Tamil Nadu,Student,Corporate,1057547.63,2024-12-05,Ishaan Agarwal
C00835,Aarav,Desai,Male,1963-06-01,Indore,Madhya Pradesh,Student,Premium,619961.67,2021-12-23,Aarav Desai
C00836,Kiara,Gupta,Female,1966-07-16,Mumbai,Maharashtra,Salaried,Retail,579839.79,2019-09-30,Kiara Gupta
C00837,Anika,Reddy,Male,1974-08-13,Hyderabad,Telangana,Student,Retail,180000.0,2025-05-12,Anika Reddy
C00838,Ishaan,Verma,Male,1970-03-12,Jaipur,Rajasthan,Student,Corporate,1215211.82,2022-09-21,Ishaan Verma
C00839,Krishna,Gupta,Female,1962-03-22,Coimbatore,Tamil Nadu,Student,Retail,417333.62,2024-03-03,Krishna Gupta
C00840,Rahul,Chopra,Male,2003-12-05,Indore,Madhya Pradesh,Salaried,Retail,452680.5,2019-03-18,Rahul Chopra
C00841,Rohan,Iyer,Female,1968-03-12,Mumbai,Maharashtra,Retired,Retail,615653.08,2018-02-02,Rohan Iyer
C00842,Arjun,Agarwal,Male,1990-05-10,Surat,Gujarat,Self Employed,Retail,613688.76,2021-02-25,Arjun Agarwal
C00843,Sneha,Gupta,Male,1976-12-08,Mysuru,Karnataka,Self Employed,Premium,701332.69,2024-08-18,Sneha Gupta
C00844,Arjun,Bansal,Male,1974-02-05,Delhi,Delhi,Retired,Retail,339717.42,2020-03-28,Arjun Bansal
C00845,Vivaan,Agarwal,Female,1963-07-14,Bengaluru,Karnataka,Freelancer,Retail,280013.79,2018-07-31,Vivaan Agarwal
C00846,Anaya,Verma,Male,1967-05-12,Chennai,Tamil Nadu,Salaried,Retail,347475.58,2018-01-03,Anaya Verma
C00847,Vihaan,Bansal,Male,2002-12-11,Pune,Maharashtra,Business Owner,Retail,331679.0,2023-07-06,Vihaan Bansal
C00848,Pooja,Desai,Female,1981-05-04,Kolkata,West Bengal,Self Employed,Retail,737248.85,2025-04-17,Pooja Desai
C00849,Riya,Gupta,Male,1973-10-13,Hyderabad,Telangana,Retired,Retail,180000.0,2025-05-04,Riya Gupta
C00850,Anaya,Nair,Female,1972-12-15,Noida,Uttar Pradesh,Self Employed,SME,255716.24,2023-12-26,Anaya Nair
C00851,Diya,Kulkarni,Male,1962-03-07,Delhi,Delhi,Student,Retail,482743.76,2018-10-05,Diya Kulkarni
C00852,Arjun,Nair,Male,1986-09-17,Indore,Madhya Pradesh,Retired,Corporate,631279.22,2018-09-07,Arjun Nair
C00853,Myra,Agarwal,Female,1985-08-22,Noida,Uttar Pradesh,Retired,Retail,448542.1,2022-05-18,Myra Agarwal
C00854,Neha,Sharma,Female,1998-05-07,Ahmedabad,Gujarat,Retired,Retail,293569.48,2025-12-08,Neha Sharma
C00855,Sai,Mehta,Male,1976-05-28,Bhopal,Madhya Pradesh,Retired,Retail,686084.8,2020-09-02,Sai Mehta
C00856,Priya,Verma,Male,1962-11-05,Chennai,Tamil Nadu,Self Employed,SME,486317.36,2023-12-30,Priya Verma
C00857,Neha,Malhotra,Female,1960-11-12,Mysuru,Karnataka,Freelancer,Premium,1540231.63,2019-07-02,Neha Malhotra
C00858,Krishna,Kumar,Female,1999-05-11,Surat,Gujarat,Salaried,Wealth,800259.6,2024-01-11,Krishna Kumar
C00859,Kabir,Mishra,Male,1966-12-24,Nagpur,Maharashtra,Student,Premium,1402814.86,2020-06-22,Kabir Mishra
C00860,Myra,Mehta,Female,1977-04-19,Coimbatore,Tamil Nadu,Business Owner,Premium,1392883.22,2019-08-31,Myra Mehta
C00861,Pari,Jain,Male,1965-08-06,Indore,Madhya Pradesh,Freelancer,Retail,635032.38,2021-03-01,Pari Jain
C00862,Arjun,Patel,Female,1979-03-06,Mumbai,Maharashtra,Self Employed,SME,770003.92,2023-02-07,Arjun Patel
C00863,Vihaan,Sharma,Male,1966-12-17,Ahmedabad,Gujarat,Self Employed,Retail,239643.4,2020-10-14,Vihaan Sharma
C00864,Rahul,Iyer,Male,1977-03-21,Bengaluru,Karnataka,Self Employed,Premium,1452987.16,2019-07-25,Rahul Iyer
C00865,Vivaan,Malhotra,Female,1996-08-27,Indore,Madhya Pradesh,Freelancer,Retail,366679.92,2024-02-05,Vivaan Malhotra
C00866,Aadhya,Singh,Female,1961-01-04,Mysuru,Karnataka,Freelancer,Retail,316042.39,2021-03-20,Aadhya Singh
C00867,Sai,Gupta,Male,2003-07-22,Lucknow,Uttar Pradesh,Salaried,SME,872923.95,2021-02-28,Sai Gupta
C00868,Sai,Bansal,Female,1964-10-11,Kolkata,West Bengal,Retired,Retail,1136838.64,2020-01-13,Sai Bansal
C00869,Vihaan,Reddy,Female,1969-11-22,Surat,Gujarat,Freelancer,Retail,700697.75,2022-02-20,Vihaan Reddy
C00870,Anaya,Singh,Female,1964-01-28,Hyderabad,Telangana,Student,SME,252000.0,2026-02-02,Anaya Singh
C00871,Anaya,Singh,Male,1964-02-19,Indore,Madhya Pradesh,Student,Retail,568119.74,2021-12-15,Anaya Singh
C00872,Anaya,Singh,Male,1991-07-16,Coimbatore,Tamil Nadu,Student,Premium,537442.97,2022-09-11,Anaya Singh
C00873,Aditya,Kapoor,Female,1991-09-18,Kochi,Kerala,Retired,Retail,462490.2,2024-06-24,Aditya Kapoor
C00874,Arjun,Gupta,Male,2004-02-08,Lucknow,Uttar Pradesh,Business Owner,Retail,345657.78,2022-01-18,Arjun Gupta
C00875,Kiara,Mehta,Male,1978-08-05,Delhi,Delhi,Self Employed,SME,1256976.36,2018-08-17,Kiara Mehta
C00876,Kiara,Desai,Male,1967-12-23,Delhi,Delhi,Freelancer,Retail,912295.01,2019-03-11,Kiara Desai
C00877,Arjun,Patel,Male,1964-08-27,Nagpur,Maharashtra,Salaried,Premium,545646.96,2018-02-21,Arjun Patel
C00878,Neha,Nair,Female,1986-03-25,Nagpur,Maharashtra,Student,Retail,1101649.62,2026-02-07,Neha Nair
C00879,Sai,Agarwal,Male,1988-11-23,Coimbatore,Tamil Nadu,Salaried,Retail,621301.32,2022-06-12,Sai Agarwal
C00880,Ishaan,Mehta,Female,2003-08-18,Surat,Gujarat,Self Employed,Premium,467113.82,2021-01-18,Ishaan Mehta
C00881,Aadhya,Kumar,Male,1993-07-05,Bengaluru,Karnataka,Freelancer,Corporate,881084.34,2023-04-03,Aadhya Kumar
C00882,Diya,Bansal,Male,1980-11-21,Indore,Madhya Pradesh,Business Owner,Retail,392658.73,2019-03-21,Diya Bansal
C00883,Sai,Malhotra,Male,1964-06-20,Mysuru,Karnataka,Salaried,Corporate,793589.52,2020-05-17,Sai Malhotra
C00884,Krishna,Patel,Male,1960-05-07,Chandigarh,Chandigarh,Retired,Premium,911393.39,2023-06-05,Krishna Patel
C00885,Ishaan,Chopra,Male,1963-06-03,Pune,Maharashtra,Business Owner,SME,301222.87,2022-05-20,Ishaan Chopra
C00886,Vihaan,Agarwal,Male,1968-12-22,Kolkata,West Bengal,Salaried,Retail,315418.04,2024-08-02,Vihaan Agarwal
C00887,Myra,Patel,Male,1990-10-28,Ahmedabad,Gujarat,Freelancer,SME,490447.02,2020-08-06,Myra Patel
C00888,Kabir,Agarwal,Female,2003-11-05,Noida,Uttar Pradesh,Student,Corporate,1030086.53,2019-06-22,Kabir Agarwal
C00889,Amit,Chopra,Male,1978-06-20,Coimbatore,Tamil Nadu,Self Employed,SME,341152.0,2024-11-05,Amit Chopra
C00890,Arjun,Nair,Male,1964-03-19,Chandigarh,Chandigarh,Student,Premium,786869.14,2019-01-21,Arjun Nair
C00891,Aditya,Patel,Male,1980-03-10,Jaipur,Rajasthan,Freelancer,Retail,319379.83,2023-03-03,Aditya Patel
C00892,Vihaan,Kapoor,Female,1990-05-25,Hyderabad,Telangana,Salaried,SME,730474.4,2022-01-28,Vihaan Kapoor
C00893,Ira,Mishra,Female,1985-07-28,Chennai,Tamil Nadu,Business Owner,Premium,1080034.06,2018-12-08,Ira Mishra
C00894,Anika,Sharma,Male,1992-08-09,Surat,Gujarat,Salaried,SME,1543624.08,2021-04-05,Anika Sharma
C00895,Myra,Malhotra,Female,1970-10-13,Ahmedabad,Gujarat,Salaried,SME,791441.1,2018-12-18,Myra Malhotra
C00896,Anaya,Mishra,Female,1966-07-25,Gurugram,Haryana,Self Employed,Retail,400583.33,2025-11-16,Anaya Mishra
C00897,Kabir,Joshi,Female,1967-05-15,Indore,Madhya Pradesh,Retired,Retail,239705.32,2018-05-09,Kabir Joshi
C00898,Vivaan,Joshi,Male,1984-01-26,Chandigarh,Chandigarh,Freelancer,Retail,390339.13,2022-09-29,Vivaan Joshi
C00899,Ishaan,Kulkarni,Female,1976-11-06,Hyderabad,Telangana,Retired,Retail,223431.5,2020-05-26,Ishaan Kulkarni
C00900,Ishaan,Kumar,Male,1971-01-03,Hyderabad,Telangana,Business Owner,SME,252000.0,2022-09-13,Ishaan Kumar
C00901,Karan,Kapoor,Female,1990-09-23,Indore,Madhya Pradesh,Salaried,Corporate,2123225.98,2024-04-16,Karan Kapoor
C00902,Rahul,Iyer,Male,1972-02-24,Chandigarh,Chandigarh,Self Employed,Premium,936914.02,2023-02-22,Rahul Iyer
C00903,Pooja,Sharma,Female,1991-06-04,Delhi,Delhi,Self Employed,Corporate,1216015.77,2025-02-11,Pooja Sharma
C00904,Neha,Malhotra,Male,2000-10-04,Jaipur,Rajasthan,Retired,Retail,588534.29,2022-03-27,Neha Malhotra
C00905,Rahul,Desai,Male,1982-04-07,Noida,Uttar Pradesh,Business Owner,Wealth,1428545.88,2021-06-11,Rahul Desai
C00906,Diya,Malhotra,Female,1967-12-16,Bhopal,Madhya Pradesh,Retired,Premium,742197.58,2021-10-07,Diya Malhotra
C00907,Kiara,Chopra,Female,1971-08-14,Mysuru,Karnataka,Freelancer,Retail,469509.65,2025-09-21,Kiara Chopra
C00908,Riya,Bansal,Male,2000-05-23,Surat,Gujarat,Student,Premium,324000.0,2024-12-30,Riya Bansal
C00909,Priya,Bansal,Male,1966-11-15,Kochi,Kerala,Self Employed,Retail,1054442.39,2023-02-06,Priya Bansal
C00910,Sneha,Kulkarni,Female,1984-02-07,Kochi,Kerala,Freelancer,SME,1191961.75,2025-11-22,Sneha Kulkarni
C00911,Sneha,Bansal,Male,1960-06-26,Ahmedabad,Gujarat,Salaried,Retail,180000.0,2022-08-26,Sneha Bansal
C00912,Pooja,Mishra,Female,1960-01-05,Pune,Maharashtra,Business Owner,Corporate,1899056.13,2019-11-30,Pooja Mishra
C00913,Rahul,Verma,Female,1987-04-18,Nagpur,Maharashtra,Self Employed,Wealth,587156.22,2025-02-19,Rahul Verma
C00914,Sneha,Singh,Male,1971-07-11,Ahmedabad,Gujarat,Freelancer,Retail,414324.17,2024-06-21,Sneha Singh
C00915,Kabir,Kapoor,Male,2000-05-27,Ahmedabad,Gujarat,Salaried,Premium,402569.82,2024-12-06,Kabir Kapoor
C00916,Sai,Mehta,Male,1965-10-13,Kochi,Kerala,Business Owner,Retail,782648.24,2020-03-04,Sai Mehta
C00917,Vivaan,Reddy,Male,1975-12-25,Kochi,Kerala,Self Employed,SME,530169.02,2025-01-13,Vivaan Reddy
C00918,Vihaan,Singh,Female,2000-10-28,Mumbai,Maharashtra,Business Owner,Retail,402144.96,2020-01-10,Vihaan Singh
C00919,Sara,Sharma,Female,1964-08-28,Bengaluru,Karnataka,Salaried,Retail,747126.73,2023-06-16,Sara Sharma
C00920,Aarav,Kumar,Male,1973-11-14,Bengaluru,Karnataka,Salaried,Retail,630930.45,2021-11-05,Aarav Kumar
C00921,Karan,Gupta,Male,1990-10-20,Kolkata,West Bengal,Retired,Retail,180000.0,2018-05-02,Karan Gupta
C00922,Nisha,Joshi,Male,1961-09-17,Kochi,Kerala,Business Owner,Corporate,638573.85,2019-07-22,Nisha Joshi
C00923,Aditya,Desai,Female,1965-12-23,Lucknow,Uttar Pradesh,Student,SME,405746.59,2023-07-24,Aditya Desai
C00924,Reyansh,Jain,Female,1992-07-07,Surat,Gujarat,Student,Retail,488473.54,2022-10-02,Reyansh Jain
C00925,Diya,Desai,Male,1977-06-20,Chandigarh,Chandigarh,Student,Retail,385427.9,2019-11-17,Diya Desai
C00926,Ira,Desai,Female,1992-05-19,Pune,Maharashtra,Salaried,Retail,983155.22,2019-04-15,Ira Desai
C00927,Diya,Desai,Male,1980-07-26,Gurugram,Haryana,Business Owner,Retail,325725.48,2019-05-16,Diya Desai
C00928,Anaya,Mehta,Male,1980-12-01,Mumbai,Maharashtra,Student,Premium,426513.01,2021-03-07,Anaya Mehta
C00929,Nisha,Patel,Female,1973-09-07,Chandigarh,Chandigarh,Freelancer,Retail,259339.96,2022-11-18,Nisha Patel
C00930,Krishna,Bansal,Male,1980-04-07,Coimbatore,Tamil Nadu,Salaried,Retail,439765.01,2023-01-29,Krishna Bansal
C00931,Kabir,Kapoor,Male,1998-06-19,Gurugram,Haryana,Student,Retail,489355.1,2021-03-10,Kabir Kapoor
C00932,Krishna,Iyer,Female,1985-01-18,Delhi,Delhi,Student,SME,1737334.28,2018-11-23,Krishna Iyer
C00933,Karan,Gupta,Female,1980-08-20,Kochi,Kerala,Retired,Retail,434730.8,2019-02-25,Karan Gupta
C00934,Neha,Bansal,Male,1974-01-27,Mumbai,Maharashtra,Self Employed,Retail,255196.48,2018-12-27,Neha Bansal
C00935,Sneha,Verma,Male,1983-09-01,Noida,Uttar Pradesh,Salaried,SME,990052.52,2021-05-31,Sneha Verma
C00936,Sai,Singh,Female,1976-06-23,Bengaluru,Karnataka,Salaried,Premium,1192583.0,2019-06-02,Sai Singh
C00937,Vihaan,Agarwal,Male,1969-10-28,Coimbatore,Tamil Nadu,Retired,Wealth,1144789.62,2023-05-12,Vihaan Agarwal
C00938,Ishaan,Patel,Female,1977-06-25,Indore,Madhya Pradesh,Retired,Corporate,684926.09,2020-09-19,Ishaan Patel
C00939,Reyansh,Kapoor,Female,2004-02-03,Noida,Uttar Pradesh,Business Owner,Wealth,955294.44,2025-12-12,Reyansh Kapoor
C00940,Diya,Chopra,Female,2001-03-28,Jaipur,Rajasthan,Retired,Retail,729543.63,2023-10-05,Diya Chopra
C00941,Priya,Kapoor,Male,1985-04-03,Noida,Uttar Pradesh,Self Employed,Retail,280042.42,2023-03-04,Priya Kapoor
C00942,Krishna,Gupta,Male,1967-04-01,Mysuru,Karnataka,Business Owner,SME,818747.71,2022-11-03,Krishna Gupta
C00943,Diya,Gupta,Male,1969-07-17,Noida,Uttar Pradesh,Freelancer,Retail,334100.32,2022-04-16,Diya Gupta
C00944,Sara,Agarwal,Female,1972-05-07,Surat,Gujarat,Salaried,Retail,534256.46,2025-08-22,Sara Agarwal
C00945,Vihaan,Reddy,Male,2001-04-04,Pune,Maharashtra,Retired,Retail,349349.62,2025-11-05,Vihaan Reddy
C00946,Sara,Joshi,Male,1985-07-04,Ahmedabad,Gujarat,Self Employed,Retail,1192720.61,2021-11-24,Sara Joshi
C00947,Priya,Mehta,Male,1998-05-24,Chennai,Tamil Nadu,Business Owner,Retail,688054.42,2025-08-23,Priya Mehta
C00948,Sai,Reddy,Male,1970-03-11,Bengaluru,Karnataka,Self Employed,SME,597485.57,2025-08-14,Sai Reddy
C00949,Vihaan,Verma,Male,1998-06-16,Mumbai,Maharashtra,Retired,Premium,784753.81,2025-08-17,Vihaan Verma
C00950,Myra,Jain,Female,1974-09-17,Chennai,Tamil Nadu,Retired,Retail,219949.17,2020-11-20,Myra Jain
C00951,Nisha,Agarwal,Female,1976-06-15,Indore,Madhya Pradesh,Salaried,Retail,273825.71,2021-01-10,Nisha Agarwal
C00952,Arjun,Desai,Female,2000-01-05,Bhopal,Madhya Pradesh,Salaried,Wealth,3560650.47,2020-09-27,Arjun Desai
C00953,Krishna,Malhotra,Female,2004-07-12,Nagpur,Maharashtra,Retired,Retail,388763.36,2019-12-18,Krishna Malhotra
C00954,Ira,Iyer,Male,2003-06-11,Hyderabad,Telangana,Student,Retail,366728.68,2023-02-07,Ira Iyer
C00955,Myra,Singh,Female,1982-05-04,Nagpur,Maharashtra,Retired,Wealth,1322974.2,2024-04-05,Myra Singh
C00956,Reyansh,Nair,Male,1979-08-10,Gurugram,Haryana,Salaried,Retail,310320.29,2023-06-24,Reyansh Nair
C00957,Priya,Agarwal,Male,1960-07-12,Chennai,Tamil Nadu,Salaried,Premium,653833.15,2025-12-31,Priya Agarwal
C00958,Vivaan,Jain,Female,1969-12-07,Hyderabad,Telangana,Self Employed,Retail,771789.11,2025-08-11,Vivaan Jain
C00959,Sai,Kapoor,Female,1987-07-04,Ahmedabad,Gujarat,Freelancer,SME,1656742.16,2021-08-13,Sai Kapoor
C00960,Ishaan,Nair,Male,1968-11-25,Nagpur,Maharashtra,Business Owner,Retail,204595.64,2024-05-10,Ishaan Nair
C00961,Ira,Kulkarni,Female,1994-03-13,Jaipur,Rajasthan,Retired,Corporate,1379081.79,2025-09-07,Ira Kulkarni
C00962,Karan,Malhotra,Male,1989-06-14,Kolkata,West Bengal,Student,Retail,992722.49,2018-12-29,Karan Malhotra
C00963,Anika,Kapoor,Female,1999-05-26,Delhi,Delhi,Salaried,Retail,448290.75,2022-05-28,Anika Kapoor
C00964,Rahul,Verma,Male,1985-11-01,Delhi,Delhi,Salaried,Retail,740318.93,2021-01-11,Rahul Verma
C00965,Priya,Verma,Male,1981-10-04,Mysuru,Karnataka,Freelancer,SME,756185.95,2024-07-22,Priya Verma
C00966,Arjun,Mehta,Male,1963-12-07,Bhopal,Madhya Pradesh,Business Owner,Retail,2647742.96,2025-01-17,Arjun Mehta
C00967,Vihaan,Mehta,Male,1960-08-20,Chennai,Tamil Nadu,Salaried,Premium,890200.93,2023-04-25,Vihaan Mehta
C00968,Sai,Mehta,Female,1992-08-13,Mumbai,Maharashtra,Retired,Retail,242976.79,2025-08-22,Sai Mehta
C00969,Rahul,Mehta,Male,2002-10-04,Jaipur,Rajasthan,Retired,Retail,517953.51,2025-11-05,Rahul Mehta
C00970,Aadhya,Chopra,Male,1972-08-16,Kochi,Kerala,Student,Retail,433662.66,2022-09-04,Aadhya Chopra
C00971,Ishaan,Verma,Female,1969-01-10,Surat,Gujarat,Salaried,Retail,470362.48,2021-12-23,Ishaan Verma
C00972,Priya,Agarwal,Male,1989-12-15,Delhi,Delhi,Business Owner,Retail,897842.43,2025-12-02,Priya Agarwal
C00973,Pari,Iyer,Female,1984-09-03,Bhopal,Madhya Pradesh,Freelancer,Retail,180000.0,2019-07-28,Pari Iyer
C00974,Sara,Mishra,Male,2002-05-13,Hyderabad,Telangana,Retired,Retail,822556.39,2025-12-12,Sara Mishra
C00975,Aadhya,Patel,Male,2002-09-09,Bhopal,Madhya Pradesh,Salaried,Retail,304160.26,2019-10-14,Aadhya Patel
C00976,Ayaan,Mehta,Male,1966-11-04,Lucknow,Uttar Pradesh,Self Employed,Retail,568164.65,2026-03-02,Ayaan Mehta
C00977,Karan,Kumar,Female,1986-02-02,Ahmedabad,Gujarat,Salaried,Premium,1496599.22,2025-11-01,Karan Kumar
C00978,Myra,Nair,Male,1984-03-21,Jaipur,Rajasthan,Self Employed,Premium,545127.86,2019-10-26,Myra Nair
C00979,Reyansh,Verma,Male,1993-04-03,Surat,Gujarat,Salaried,Premium,1150216.69,2022-01-12,Reyansh Verma
C00980,Karan,Agarwal,Female,1996-09-28,Surat,Gujarat,Self Employed,Retail,180000.0,2020-04-29,Karan Agarwal
C00981,Kabir,Chopra,Male,1990-09-12,Nagpur,Maharashtra,Retired,Retail,734643.68,2018-11-17,Kabir Chopra
C00982,Anaya,Sharma,Male,1993-05-04,Delhi,Delhi,Business Owner,Retail,233768.73,2020-10-26,Anaya Sharma
C00983,Karan,Mishra,Female,1982-02-28,Ahmedabad,Gujarat,Student,SME,1005301.19,2024-12-08,Karan Mishra
C00984,Kiara,Reddy,Male,1994-12-04,Pune,Maharashtra,Business Owner,Premium,924667.18,2018-09-01,Kiara Reddy
C00985,Aditya,Kapoor,Male,1973-09-27,Delhi,Delhi,Business Owner,Corporate,1552515.71,2018-10-17,Aditya Kapoor
C00986,Arjun,Reddy,Male,1998-12-20,Surat,Gujarat,Salaried,SME,1249142.29,2018-05-26,Arjun Reddy
C00987,Nisha,Mehta,Male,1992-04-21,Indore,Madhya Pradesh,Salaried,Retail,401603.43,2018-04-18,Nisha Mehta
C00988,Aadhya,Singh,Female,1994-10-28,Noida,Uttar Pradesh,Freelancer,Retail,430436.59,2022-10-15,Aadhya Singh
C00989,Diya,Joshi,Female,1968-02-15,Kochi,Kerala,Student,Retail,1371498.3,2018-08-26,Diya Joshi
C00990,Sneha,Malhotra,Male,1974-02-19,Lucknow,Uttar Pradesh,Salaried,Retail,317581.08,2026-01-27,Sneha Malhotra
C00991,Ayaan,Nair,Male,1963-02-02,Lucknow,Uttar Pradesh,Retired,Retail,293198.9,2022-06-18,Ayaan Nair
C00992,Sara,Desai,Male,2002-02-22,Indore,Madhya Pradesh,Student,Retail,263951.43,2025-12-30,Sara Desai
C00993,Vihaan,Verma,Female,1983-09-10,Chennai,Tamil Nadu,Student,SME,426671.84,2025-11-29,Vihaan Verma
C00994,Reyansh,Gupta,Female,1991-05-03,Chandigarh,Chandigarh,Freelancer,Retail,180000.0,2019-08-05,Reyansh Gupta
C00995,Sara,Verma,Female,1975-12-15,Pune,Maharashtra,Business Owner,Premium,758071.94,2024-08-06,Sara Verma
C00996,Priya,Chopra,Female,1979-02-02,Ahmedabad,Gujarat,Student,Retail,543180.82,2018-07-01,Priya Chopra
C00997,Vivaan,Malhotra,Female,1973-07-06,Lucknow,Uttar Pradesh,Salaried,Premium,871579.62,2024-10-29,Vivaan Malhotra
C00998,Kiara,Bansal,Male,1976-10-07,Coimbatore,Tamil Nadu,Salaried,Corporate,404170.82,2024-03-16,Kiara Bansal
C00999,Pooja,Kapoor,Female,2003-05-28,Ahmedabad,Gujarat,Self Employed,Wealth,1404986.55,2022-04-11,Pooja Kapoor
C01000,Ayaan,Malhotra,Female,1975-03-01,Jaipur,Rajasthan,Business Owner,Retail,560980.54,2024-05-28,Ayaan Malhotra
C01001,Sneha,Mishra,Male,1962-10-09,Ahmedabad,Gujarat,Salaried,Retail,882508.74,2021-06-11,Sneha Mishra
C01002,Myra,Sharma,Female,2002-06-27,Nagpur,Maharashtra,Salaried,Retail,251675.32,2022-01-09,Myra Sharma
C01003,Nisha,Mishra,Female,2000-09-07,Indore,Madhya Pradesh,Salaried,Retail,480011.88,2022-12-10,Nisha Mishra
C01004,Arjun,Mishra,Male,1976-05-09,Gurugram,Haryana,Self Employed,SME,252000.0,2019-04-14,Arjun Mishra
C01005,Neha,Mehta,Male,1971-11-17,Pune,Maharashtra,Freelancer,SME,670080.73,2020-11-27,Neha Mehta
C01006,Riya,Mehta,Female,1961-11-28,Hyderabad,Telangana,Salaried,SME,378962.12,2018-11-14,Riya Mehta
C01007,Rahul,Bansal,Male,1988-02-17,Bhopal,Madhya Pradesh,Freelancer,Retail,230967.46,2022-10-13,Rahul Bansal
C01008,Ishaan,Mishra,Male,1969-01-11,Chennai,Tamil Nadu,Self Employed,Premium,1450534.57,2022-02-17,Ishaan Mishra
C01009,Ira,Agarwal,Female,1978-03-19,Pune,Maharashtra,Self Employed,Retail,756107.35,2022-04-01,Ira Agarwal
C01010,Aditya,Mehta,Female,1962-11-24,Nagpur,Maharashtra,Retired,Retail,896601.26,2019-05-12,Aditya Mehta
C01011,Reyansh,Kapoor,Female,1963-10-16,Bhopal,Madhya Pradesh,Self Employed,Premium,819031.34,2021-09-08,Reyansh Kapoor
C01012,Kiara,Desai,Male,1983-04-15,Lucknow,Uttar Pradesh,Business Owner,Retail,180000.0,2024-04-14,Kiara Desai
C01013,Ayaan,Kapoor,Male,1964-06-21,Bhopal,Madhya Pradesh,Retired,Retail,180000.0,2020-09-30,Ayaan Kapoor
C01014,Anaya,Gupta,Male,2003-10-22,Surat,Gujarat,Student,Retail,322164.97,2022-09-21,Anaya Gupta
C01015,Anika,Jain,Male,1969-10-16,Bhopal,Madhya Pradesh,Self Employed,Premium,489948.59,2018-05-20,Anika Jain
C01016,Anika,Mehta,Female,1961-12-06,Surat,Gujarat,Salaried,Wealth,1054637.67,2021-10-11,Anika Mehta
C01017,Karan,Desai,Female,1997-10-20,Coimbatore,Tamil Nadu,Student,Retail,554780.39,2025-01-27,Karan Desai
C01018,Amit,Kapoor,Male,1987-05-25,Jaipur,Rajasthan,Self Employed,Retail,290041.36,2018-02-01,Amit Kapoor
C01019,Ira,Kapoor,Female,1997-06-22,Nagpur,Maharashtra,Salaried,Premium,650214.25,2020-08-09,Ira Kapoor
C01020,Priya,Bansal,Female,1991-06-02,Chennai,Tamil Nadu,Business Owner,Premium,1943438.83,2022-04-23,Priya Bansal
C01021,Pari,Mishra,Female,1971-03-02,Coimbatore,Tamil Nadu,Salaried,SME,351082.94,2021-11-23,Pari Mishra
C01022,Ishaan,Reddy,Male,1970-02-10,Chennai,Tamil Nadu,Self Employed,Retail,267614.84,2025-06-22,Ishaan Reddy
C01023,Riya,Verma,Male,1969-02-07,Hyderabad,Telangana,Salaried,Premium,804246.46,2023-06-24,Riya Verma
C01024,Ira,Singh,Female,1983-04-10,Mumbai,Maharashtra,Business Owner,SME,795801.54,2019-03-25,Ira Singh
C01025,Diya,Patel,Male,1988-07-16,Mysuru,Karnataka,Freelancer,Retail,566574.85,2018-11-01,Diya Patel
C01026,Amit,Patel,Female,1970-09-11,Coimbatore,Tamil Nadu,Salaried,Retail,569775.07,2022-11-11,Amit Patel
C01027,Vivaan,Sharma,Male,1993-06-07,Mysuru,Karnataka,Self Employed,SME,2144257.21,2024-07-29,Vivaan Sharma
C01028,Reyansh,Patel,Male,1974-11-07,Ahmedabad,Gujarat,Salaried,Retail,601501.32,2022-11-14,Reyansh Patel
C01029,Krishna,Mishra,Female,1991-09-20,Bengaluru,Karnataka,Freelancer,Retail,262502.56,2024-07-19,Krishna Mishra
C01030,Kabir,Chopra,Female,2000-06-16,Lucknow,Uttar Pradesh,Retired,Retail,603742.96,2023-05-25,Kabir Chopra
C01031,Ayaan,Bansal,Male,1966-04-04,Chennai,Tamil Nadu,Self Employed,Wealth,1157043.96,2023-03-19,Ayaan Bansal
C01032,Sara,Jain,Female,2002-02-12,Coimbatore,Tamil Nadu,Freelancer,Premium,1870458.23,2020-08-19,Sara Jain
C01033,Anika,Iyer,Female,1978-05-17,Mumbai,Maharashtra,Freelancer,Retail,774802.65,2021-07-24,Anika Iyer
C01034,Pooja,Mehta,Female,1985-08-14,Surat,Gujarat,Freelancer,Retail,752961.52,2018-07-06,Pooja Mehta
C01035,Kabir,Gupta,Female,1988-07-08,Chennai,Tamil Nadu,Self Employed,Premium,535747.1,2024-10-13,Kabir Gupta
C01036,Ira,Joshi,Female,1961-12-01,Kochi,Kerala,Retired,SME,715762.61,2020-03-23,Ira Joshi
C01037,Diya,Iyer,Female,1994-07-28,Gurugram,Haryana,Self Employed,Premium,628893.72,2024-03-14,Diya Iyer
C01038,Sai,Nair,Female,1960-01-28,Lucknow,Uttar Pradesh,Salaried,Retail,366973.79,2020-07-31,Sai Nair
C01039,Arjun,Reddy,Male,1962-05-24,Lucknow,Uttar Pradesh,Salaried,Retail,962683.45,2018-10-30,Arjun Reddy
C01040,Vihaan,Kapoor,Female,1986-01-01,Bhopal,Madhya Pradesh,Self Employed,Corporate,1581729.71,2024-10-16,Vihaan Kapoor
C01041,Vihaan,Reddy,Female,1980-07-17,Chennai,Tamil Nadu,Student,Corporate,689319.95,2021-04-07,Vihaan Reddy
C01042,Anika,Agarwal,Male,1965-04-14,Surat,Gujarat,Student,Premium,671748.71,2018-03-12,Anika Agarwal
C01043,Aarav,Chopra,Male,1985-06-25,Indore,Madhya Pradesh,Student,Retail,274772.54,2022-02-23,Aarav Chopra
C01044,Aditya,Gupta,Male,1996-02-21,Indore,Madhya Pradesh,Self Employed,Retail,180000.0,2023-06-30,Aditya Gupta
C01045,Rahul,Kapoor,Male,1975-02-05,Nagpur,Maharashtra,Salaried,Retail,863972.95,2023-07-15,Rahul Kapoor
C01046,Pari,Mishra,Female,1986-05-24,Hyderabad,Telangana,Salaried,Retail,272167.37,2021-01-03,Pari Mishra
C01047,Myra,Jain,Male,1995-08-18,Noida,Uttar Pradesh,Salaried,Retail,780163.35,2022-10-10,Myra Jain
C01048,Reyansh,Kulkarni,Male,1984-03-25,Bengaluru,Karnataka,Salaried,Retail,451989.7,2022-10-04,Reyansh Kulkarni
C01049,Vihaan,Bansal,Female,1970-11-26,Indore,Madhya Pradesh,Freelancer,Retail,409235.88,2025-08-03,Vihaan Bansal
C01050,Ishaan,Agarwal,Male,1993-06-20,Hyderabad,Telangana,Retired,SME,665742.99,2026-01-05,Ishaan Agarwal
C01051,Pooja,Singh,Male,1993-10-09,Kolkata,West Bengal,Retired,Retail,294302.45,2026-01-07,Pooja Singh
C01052,Myra,Iyer,Male,1960-06-14,Indore,Madhya Pradesh,Salaried,Retail,323469.25,2025-01-03,Myra Iyer
C01053,Kabir,Sharma,Male,1998-03-03,Jaipur,Rajasthan,Business Owner,Retail,475497.38,2021-03-10,Kabir Sharma
C01054,Reyansh,Patel,Male,1997-12-10,Surat,Gujarat,Salaried,Retail,519637.51,2026-03-12,Reyansh Patel
C01055,Kabir,Chopra,Female,1977-03-09,Noida,Uttar Pradesh,Retired,Premium,380954.45,2024-08-22,Kabir Chopra
C01056,Aarav,Mehta,Male,1977-12-28,Chandigarh,Chandigarh,Salaried,Premium,1297725.41,2024-11-23,Aarav Mehta
C01057,Vivaan,Singh,Female,1969-03-16,Delhi,Delhi,Student,SME,252000.0,2025-06-16,Vivaan Singh
C01058,Amit,Chopra,Female,1980-05-17,Indore,Madhya Pradesh,Business Owner,Corporate,650399.86,2021-06-30,Amit Chopra
C01059,Anika,Kulkarni,Female,1980-09-03,Bhopal,Madhya Pradesh,Freelancer,SME,2151878.86,2020-10-23,Anika Kulkarni
C01060,Myra,Desai,Female,1995-07-21,Mysuru,Karnataka,Self Employed,Retail,218354.94,2024-12-02,Myra Desai
C01061,Aarav,Kapoor,Female,1972-07-12,Kochi,Kerala,Business Owner,Retail,394236.18,2019-01-21,Aarav Kapoor
C01062,Sara,Chopra,Male,1976-09-01,Kolkata,West Bengal,Freelancer,Premium,433976.08,2025-11-24,Sara Chopra
C01063,Sara,Malhotra,Male,1977-11-02,Hyderabad,Telangana,Salaried,Wealth,1695369.24,2022-02-22,Sara Malhotra
C01064,Neha,Verma,Female,1999-12-05,Mumbai,Maharashtra,Salaried,Premium,417763.15,2024-02-07,Neha Verma
C01065,Nisha,Iyer,Male,1972-11-20,Hyderabad,Telangana,Retired,Corporate,601454.94,2026-02-05,Nisha Iyer
C01066,Aditya,Joshi,Male,1993-01-22,Kolkata,West Bengal,Freelancer,Retail,1160724.66,2020-12-28,Aditya Joshi
C01067,Sai,Sharma,Female,1971-08-02,Bengaluru,Karnataka,Business Owner,Retail,248974.75,2024-04-15,Sai Sharma
C01068,Myra,Patel,Male,1967-06-15,Kolkata,West Bengal,Salaried,Premium,1220441.29,2020-01-18,Myra Patel
C01069,Ayaan,Nair,Male,1971-06-19,Bengaluru,Karnataka,Freelancer,Premium,587205.94,2019-06-28,Ayaan Nair
C01070,Kiara,Mehta,Male,1963-07-23,Chennai,Tamil Nadu,Business Owner,Retail,273899.0,2020-03-27,Kiara Mehta
C01071,Diya,Desai,Female,1978-05-23,Gurugram,Haryana,Freelancer,Retail,243681.45,2025-09-15,Diya Desai
C01072,Rohan,Nair,Male,1962-10-13,Gurugram,Haryana,Business Owner,Retail,370901.2,2025-11-05,Rohan Nair
C01073,Reyansh,Kulkarni,Female,1995-12-26,Bhopal,Madhya Pradesh,Salaried,Retail,449488.94,2019-04-18,Reyansh Kulkarni
C01074,Pari,Chopra,Male,2002-11-06,Bhopal,Madhya Pradesh,Business Owner,Retail,422672.24,2025-11-12,Pari Chopra
C01075,Anaya,Gupta,Male,2000-06-28,Mysuru,Karnataka,Business Owner,SME,335236.68,2021-06-08,Anaya Gupta
C01076,Pari,Kapoor,Female,1989-09-06,Gurugram,Haryana,Freelancer,Corporate,837648.72,2022-06-24,Pari Kapoor
C01077,Ishaan,Verma,Male,1975-05-24,Indore,Madhya Pradesh,Retired,Retail,274888.66,2019-03-18,Ishaan Verma
C01078,Karan,Nair,Male,1987-05-19,Surat,Gujarat,Retired,Retail,180000.0,2019-07-26,Karan Nair
C01079,Amit,Singh,Female,2002-06-26,Delhi,Delhi,Student,Wealth,2523309.3,2022-06-10,Amit Singh
C01080,Aditya,Kumar,Male,1989-01-22,Gurugram,Haryana,Self Employed,Retail,742024.59,2022-11-24,Aditya Kumar
C01081,Reyansh,Jain,Female,1975-03-22,Bengaluru,Karnataka,Student,Premium,860592.55,2025-12-02,Reyansh Jain
C01082,Anaya,Nair,Female,1966-07-05,Lucknow,Uttar Pradesh,Retired,Retail,877073.9,2022-06-02,Anaya Nair
C01083,Ayaan,Desai,Female,1964-06-16,Kochi,Kerala,Business Owner,Premium,1239816.24,2023-08-16,Ayaan Desai
C01084,Sara,Joshi,Male,1999-10-25,Mumbai,Maharashtra,Self Employed,Retail,263536.33,2021-05-21,Sara Joshi
C01085,Aadhya,Jain,Male,1965-06-13,Surat,Gujarat,Business Owner,Premium,721983.46,2022-09-24,Aadhya Jain
C01086,Kabir,Chopra,Male,1970-07-22,Gurugram,Haryana,Self Employed,Retail,257163.85,2021-07-30,Kabir Chopra
C01087,Vivaan,Nair,Female,1996-09-13,Delhi,Delhi,Business Owner,Premium,1051613.89,2025-02-10,Vivaan Nair
C01088,Anika,Desai,Male,1998-08-17,Mysuru,Karnataka,Self Employed,Retail,426114.68,2022-10-03,Anika Desai
C01089,Rahul,Mishra,Female,1984-11-03,Kochi,Kerala,Student,Retail,491891.01,2018-07-18,Rahul Mishra
C01090,Riya,Desai,Female,1978-01-04,Jaipur,Rajasthan,Student,SME,595400.86,2021-10-14,Riya Desai
C01091,Anaya,Nair,Male,1961-09-09,Chennai,Tamil Nadu,Retired,Retail,385600.73,2019-04-03,Anaya Nair
C01092,Arjun,Singh,Female,1962-09-24,Kolkata,West Bengal,Student,Retail,228897.92,2021-01-30,Arjun Singh
C01093,Myra,Verma,Male,1989-12-20,Kolkata,West Bengal,Business Owner,Retail,701385.49,2022-03-07,Myra Verma
C01094,Pooja,Patel,Female,1969-10-24,Pune,Maharashtra,Freelancer,Premium,1426857.17,2021-05-21,Pooja Patel
C01095,Nisha,Patel,Female,1985-01-06,Surat,Gujarat,Salaried,Wealth,685343.37,2020-02-24,Nisha Patel
C01096,Sneha,Verma,Female,1976-05-20,Nagpur,Maharashtra,Retired,Retail,688297.07,2023-04-22,Sneha Verma
C01097,Vivaan,Mishra,Female,1987-05-24,Noida,Uttar Pradesh,Self Employed,Premium,439258.25,2025-08-09,Vivaan Mishra
C01098,Krishna,Reddy,Female,1977-01-14,Chennai,Tamil Nadu,Retired,Retail,961605.35,2025-02-13,Krishna Reddy
C01099,Ishaan,Mishra,Female,1966-04-08,Coimbatore,Tamil Nadu,Retired,Retail,370737.05,2022-09-20,Ishaan Mishra
C01100,Anaya,Desai,Female,1981-09-13,Chandigarh,Chandigarh,Self Employed,Retail,480603.15,2023-03-08,Anaya Desai
C01101,Rohan,Kapoor,Male,1973-09-23,Indore,Madhya Pradesh,Freelancer,Retail,371856.44,2023-06-16,Rohan Kapoor
C01102,Amit,Iyer,Female,1982-02-07,Kochi,Kerala,Freelancer,Corporate,1013150.8,2023-03-30,Amit Iyer
C01103,Amit,Sharma,Female,1969-10-19,Mumbai,Maharashtra,Retired,Retail,345839.73,2023-07-04,Amit Sharma
C01104,Vihaan,Kapoor,Female,1984-09-05,Lucknow,Uttar Pradesh,Self Employed,Retail,390538.61,2019-10-14,Vihaan Kapoor
C01105,Anaya,Desai,Male,1995-07-12,Ahmedabad,Gujarat,Freelancer,Corporate,802765.63,2025-09-14,Anaya Desai
C01106,Myra,Nair,Female,1992-09-18,Coimbatore,Tamil Nadu,Self Employed,Retail,865133.07,2019-12-29,Myra Nair
C01107,Rohan,Gupta,Female,1978-01-18,Ahmedabad,Gujarat,Retired,SME,1274498.06,2025-04-29,Rohan Gupta
C01108,Riya,Agarwal,Male,1986-07-07,Surat,Gujarat,Retired,Premium,907087.34,2024-05-26,Riya Agarwal
C01109,Aditya,Desai,Male,1961-06-20,Surat,Gujarat,Freelancer,Retail,500734.03,2024-09-29,Aditya Desai
C01110,Pooja,Mehta,Male,1995-09-28,Ahmedabad,Gujarat,Student,Retail,908022.18,2025-12-29,Pooja Mehta
C01111,Myra,Mehta,Male,1980-03-10,Noida,Uttar Pradesh,Student,Retail,391711.7,2023-08-11,Myra Mehta
C01112,Aditya,Sharma,Male,1998-06-28,Mysuru,Karnataka,Freelancer,SME,340667.01,2025-08-04,Aditya Sharma
C01113,Neha,Mishra,Male,1993-08-28,Surat,Gujarat,Student,Retail,966864.58,2023-05-24,Neha Mishra
C01114,Neha,Agarwal,Female,1978-07-27,Pune,Maharashtra,Student,SME,922462.41,2019-05-24,Neha Agarwal
C01115,Sai,Desai,Female,1969-05-25,Mysuru,Karnataka,Freelancer,SME,810855.07,2021-10-23,Sai Desai
C01116,Myra,Jain,Male,1975-08-07,Delhi,Delhi,Business Owner,Retail,262072.39,2021-11-03,Myra Jain
C01117,Riya,Verma,Male,2004-08-11,Chennai,Tamil Nadu,Self Employed,Corporate,1505382.52,2023-11-08,Riya Verma
C01118,Neha,Kumar,Female,1961-04-12,Chennai,Tamil Nadu,Student,Premium,1065275.95,2025-12-30,Neha Kumar
C01119,Ishaan,Chopra,Female,2003-05-05,Jaipur,Rajasthan,Freelancer,Corporate,1207577.43,2020-07-22,Ishaan Chopra
C01120,Ira,Agarwal,Female,1973-10-10,Mumbai,Maharashtra,Student,Retail,214473.29,2024-12-08,Ira Agarwal
C01121,Aadhya,Jain,Male,1982-11-05,Gurugram,Haryana,Retired,Premium,798072.53,2023-05-29,Aadhya Jain
C01122,Reyansh,Mehta,Male,1990-07-01,Gurugram,Haryana,Business Owner,Premium,468834.43,2024-10-28,Reyansh Mehta
C01123,Aarav,Agarwal,Male,2001-04-12,Mysuru,Karnataka,Freelancer,Retail,530315.92,2020-04-09,Aarav Agarwal
C01124,Krishna,Malhotra,Male,2002-01-13,Kolkata,West Bengal,Salaried,Premium,1892943.68,2023-01-04,Krishna Malhotra
C01125,Kabir,Mehta,Male,1993-04-08,Nagpur,Maharashtra,Freelancer,Retail,916262.94,2026-01-17,Kabir Mehta
C01126,Pooja,Patel,Male,1971-01-20,Jaipur,Rajasthan,Retired,Retail,195376.63,2021-05-25,Pooja Patel
C01127,Anika,Verma,Female,1973-04-08,Pune,Maharashtra,Freelancer,Premium,918890.66,2018-10-27,Anika Verma
C01128,Reyansh,Mishra,Female,1990-02-15,Noida,Uttar Pradesh,Business Owner,Retail,237066.03,2024-05-20,Reyansh Mishra
C01129,Kabir,Joshi,Female,1997-07-28,Mumbai,Maharashtra,Salaried,SME,898852.6,2020-10-28,Kabir Joshi
C01130,Ishaan,Nair,Female,1998-05-16,Surat,Gujarat,Retired,Premium,582380.48,2020-10-16,Ishaan Nair
C01131,Amit,Kumar,Female,1977-11-18,Coimbatore,Tamil Nadu,Salaried,Retail,505709.53,2021-07-31,Amit Kumar
C01132,Vihaan,Kulkarni,Female,1990-08-06,Bhopal,Madhya Pradesh,Freelancer,Retail,937923.88,2025-09-14,Vihaan Kulkarni
C01133,Ishaan,Iyer,Female,1971-04-25,Kochi,Kerala,Salaried,Retail,307040.79,2025-09-05,Ishaan Iyer
C01134,Aadhya,Kumar,Male,1999-04-19,Chennai,Tamil Nadu,Retired,Premium,648238.23,2025-06-06,Aadhya Kumar
C01135,Krishna,Mehta,Female,1980-09-16,Gurugram,Haryana,Student,Premium,2743648.97,2021-05-28,Krishna Mehta
C01136,Ishaan,Bansal,Female,1969-05-11,Kolkata,West Bengal,Student,Premium,1253574.56,2018-01-24,Ishaan Bansal
C01137,Krishna,Sharma,Male,1963-07-12,Ahmedabad,Gujarat,Self Employed,Premium,426019.75,2025-06-04,Krishna Sharma
C01138,Anika,Joshi,Male,1978-06-01,Hyderabad,Telangana,Retired,Retail,664687.32,2023-08-23,Anika Joshi
C01139,Pooja,Kapoor,Female,1977-02-03,Jaipur,Rajasthan,Salaried,Retail,322394.74,2025-05-24,Pooja Kapoor
C01140,Myra,Nair,Male,2004-12-16,Ahmedabad,Gujarat,Student,Retail,320873.75,2019-07-05,Myra Nair
C01141,Pari,Joshi,Male,1980-12-14,Bengaluru,Karnataka,Student,SME,1463950.67,2020-10-01,Pari Joshi
C01142,Neha,Sharma,Male,1996-09-25,Coimbatore,Tamil Nadu,Salaried,Premium,1067140.8,2025-11-04,Neha Sharma
C01143,Myra,Desai,Female,1983-08-24,Coimbatore,Tamil Nadu,Self Employed,SME,353602.24,2025-08-07,Myra Desai
C01144,Kiara,Chopra,Female,1976-10-24,Hyderabad,Telangana,Salaried,SME,252000.0,2023-12-05,Kiara Chopra
C01145,Anika,Jain,Female,1992-06-01,Pune,Maharashtra,Retired,Premium,1343645.91,2021-09-29,Anika Jain
C01146,Sneha,Agarwal,Male,1964-10-03,Bengaluru,Karnataka,Retired,Wealth,2336167.8,2023-04-03,Sneha Agarwal
C01147,Myra,Kulkarni,Male,2001-04-25,Chandigarh,Chandigarh,Freelancer,Retail,1146687.5,2021-09-15,Myra Kulkarni
C01148,Rahul,Bansal,Male,1971-11-19,Bengaluru,Karnataka,Student,Retail,481692.89,2024-06-12,Rahul Bansal
C01149,Arjun,Reddy,Male,1960-10-27,Chennai,Tamil Nadu,Retired,Retail,223165.23,2025-07-25,Arjun Reddy
C01150,Diya,Kapoor,Male,1994-08-21,Coimbatore,Tamil Nadu,Self Employed,Premium,1448821.76,2019-08-31,Diya Kapoor
C01151,Amit,Singh,Female,1979-03-04,Noida,Uttar Pradesh,Salaried,Retail,821779.26,2021-09-03,Amit Singh
C01152,Vivaan,Kulkarni,Female,1974-11-07,Coimbatore,Tamil Nadu,Student,Retail,674866.09,2020-03-24,Vivaan Kulkarni
C01153,Pari,Agarwal,Male,1984-10-27,Noida,Uttar Pradesh,Self Employed,Retail,1085480.98,2020-05-08,Pari Agarwal
C01154,Reyansh,Patel,Female,1991-12-20,Mysuru,Karnataka,Student,Retail,983754.46,2020-11-11,Reyansh Patel
C01155,Priya,Gupta,Female,1967-08-01,Bhopal,Madhya Pradesh,Business Owner,Retail,713102.58,2021-06-23,Priya Gupta
C01156,Sneha,Chopra,Female,1987-11-10,Bengaluru,Karnataka,Salaried,Retail,761548.99,2021-01-30,Sneha Chopra
C01157,Arjun,Singh,Female,1962-03-28,Coimbatore,Tamil Nadu,Salaried,Retail,474431.86,2018-09-08,Arjun Singh
C01158,Kiara,Kumar,Male,1973-12-22,Chandigarh,Chandigarh,Retired,Retail,828642.17,2019-09-13,Kiara Kumar
C01159,Kabir,Desai,Female,1983-02-26,Gurugram,Haryana,Retired,Retail,440945.29,2021-08-08,Kabir Desai
C01160,Ira,Kumar,Male,1961-06-01,Mumbai,Maharashtra,Salaried,SME,463934.46,2018-03-03,Ira Kumar
C01161,Kiara,Malhotra,Female,1974-02-14,Kolkata,West Bengal,Self Employed,Wealth,660738.3,2024-10-06,Kiara Malhotra
C01162,Anika,Desai,Male,1979-08-16,Mumbai,Maharashtra,Student,SME,441383.85,2023-07-12,Anika Desai
C01163,Rohan,Patel,Male,1972-03-08,Nagpur,Maharashtra,Freelancer,Retail,619168.71,2022-07-13,Rohan Patel
C01164,Anaya,Kulkarni,Female,1999-02-08,Chennai,Tamil Nadu,Self Employed,Retail,184687.82,2021-09-05,Anaya Kulkarni
C01165,Vivaan,Joshi,Male,1983-11-05,Surat,Gujarat,Salaried,Premium,1484709.01,2019-08-09,Vivaan Joshi
C01166,Diya,Joshi,Female,1975-03-13,Pune,Maharashtra,Student,Retail,504728.41,2020-05-29,Diya Joshi
C01167,Ira,Iyer,Female,1999-05-18,Jaipur,Rajasthan,Self Employed,Retail,865305.19,2020-11-11,Ira Iyer
C01168,Ira,Reddy,Male,1991-09-15,Coimbatore,Tamil Nadu,Business Owner,Premium,1013424.89,2022-10-14,Ira Reddy
C01169,Anika,Nair,Male,1994-03-04,Mumbai,Maharashtra,Business Owner,Retail,422867.86,2021-06-11,Anika Nair
C01170,Rohan,Mehta,Male,1987-09-03,Jaipur,Rajasthan,Self Employed,Wealth,1343246.49,2021-12-20,Rohan Mehta
C01171,Diya,Malhotra,Male,1998-03-19,Bhopal,Madhya Pradesh,Freelancer,SME,697168.16,2023-12-15,Diya Malhotra
C01172,Ayaan,Singh,Female,1983-03-04,Gurugram,Haryana,Self Employed,Premium,1963378.84,2021-02-14,Ayaan Singh
C01173,Ishaan,Sharma,Male,1985-05-13,Pune,Maharashtra,Business Owner,SME,598107.62,2025-12-11,Ishaan Sharma
C01174,Arjun,Jain,Male,2002-05-07,Kochi,Kerala,Self Employed,SME,305933.28,2022-05-22,Arjun Jain
C01175,Ayaan,Reddy,Male,2001-07-13,Gurugram,Haryana,Student,Premium,552708.88,2019-05-21,Ayaan Reddy
C01176,Aarav,Gupta,Female,2003-03-07,Nagpur,Maharashtra,Retired,Retail,872216.74,2019-02-25,Aarav Gupta
C01177,Riya,Kulkarni,Male,1990-04-22,Chandigarh,Chandigarh,Salaried,Retail,858366.07,2026-01-28,Riya Kulkarni
C01178,Kiara,Kapoor,Male,1977-01-13,Coimbatore,Tamil Nadu,Freelancer,SME,333711.95,2025-10-03,Kiara Kapoor
C01179,Priya,Jain,Female,1978-04-17,Indore,Madhya Pradesh,Student,Retail,512270.02,2018-08-21,Priya Jain
C01180,Kiara,Reddy,Female,1977-12-24,Mysuru,Karnataka,Salaried,Retail,274837.08,2018-02-22,Kiara Reddy
C01181,Vihaan,Jain,Female,1991-04-19,Mysuru,Karnataka,Retired,Retail,572074.78,2023-10-27,Vihaan Jain
C01182,Amit,Mehta,Female,1962-10-04,Ahmedabad,Gujarat,Retired,Premium,863406.23,2025-07-18,Amit Mehta
C01183,Priya,Kulkarni,Male,1986-07-23,Chandigarh,Chandigarh,Student,Corporate,493078.54,2025-01-16,Priya Kulkarni
C01184,Priya,Reddy,Female,2002-01-07,Surat,Gujarat,Freelancer,Premium,2278704.01,2021-11-10,Priya Reddy
C01185,Kabir,Reddy,Male,1975-05-15,Kolkata,West Bengal,Self Employed,Corporate,561388.28,2024-04-06,Kabir Reddy
C01186,Priya,Jain,Male,2001-06-24,Kochi,Kerala,Business Owner,Retail,203933.95,2021-12-11,Priya Jain
C01187,Sara,Kumar,Female,1994-12-26,Chandigarh,Chandigarh,Self Employed,SME,750111.47,2020-12-20,Sara Kumar
C01188,Sai,Iyer,Male,1982-06-26,Indore,Madhya Pradesh,Salaried,Retail,378712.16,2020-02-17,Sai Iyer
C01189,Sai,Chopra,Male,1979-09-23,Nagpur,Maharashtra,Self Employed,Premium,514444.05,2019-01-18,Sai Chopra
C01190,Diya,Chopra,Male,1998-11-13,Bengaluru,Karnataka,Student,SME,373222.64,2019-03-01,Diya Chopra
C01191,Krishna,Sharma,Female,1999-10-03,Chennai,Tamil Nadu,Self Employed,Retail,333123.31,2025-10-18,Krishna Sharma
C01192,Kiara,Malhotra,Male,1975-04-15,Lucknow,Uttar Pradesh,Student,Premium,1530516.4,2020-02-02,Kiara Malhotra
C01193,Krishna,Desai,Female,1997-07-21,Bhopal,Madhya Pradesh,Student,Premium,1479455.12,2022-02-25,Krishna Desai
C01194,Arjun,Gupta,Female,1975-06-18,Kolkata,West Bengal,Retired,Retail,263755.37,2021-07-08,Arjun Gupta
C01195,Krishna,Kapoor,Male,1998-04-24,Mysuru,Karnataka,Student,Retail,653684.92,2024-12-09,Krishna Kapoor
C01196,Nisha,Desai,Female,1991-10-14,Jaipur,Rajasthan,Freelancer,Retail,384988.6,2019-08-29,Nisha Desai
C01197,Nisha,Sharma,Female,2003-06-03,Bengaluru,Karnataka,Student,Wealth,1000653.87,2025-11-24,Nisha Sharma
C01198,Anaya,Mehta,Female,1985-04-22,Delhi,Delhi,Self Employed,Retail,494526.76,2024-01-20,Anaya Mehta
C01199,Amit,Patel,Male,1980-01-20,Nagpur,Maharashtra,Retired,Retail,791737.28,2022-08-22,Amit Patel
C01200,Vihaan,Chopra,Female,1972-04-20,Gurugram,Haryana,Student,Corporate,1344247.43,2022-04-11,Vihaan Chopra
C01201,Nisha,Reddy,Female,1968-06-06,Indore,Madhya Pradesh,Salaried,Retail,277380.84,2020-01-26,Nisha Reddy
C01202,Myra,Gupta,Female,1985-04-08,Hyderabad,Telangana,Salaried,Retail,514654.05,2024-10-18,Myra Gupta
C01203,Aadhya,Nair,Male,1995-01-22,Pune,Maharashtra,Retired,Retail,454796.56,2024-04-26,Aadhya Nair
C01204,Diya,Gupta,Male,1964-03-07,Kolkata,West Bengal,Retired,Premium,793441.69,2022-03-13,Diya Gupta
C01205,Rahul,Kulkarni,Male,1971-08-23,Nagpur,Maharashtra,Retired,SME,1042739.7,2018-06-08,Rahul Kulkarni
C01206,Sai,Gupta,Female,1967-05-10,Kochi,Kerala,Self Employed,Retail,674228.38,2024-10-07,Sai Gupta
C01207,Myra,Gupta,Male,1999-06-15,Delhi,Delhi,Business Owner,SME,667001.52,2020-10-05,Myra Gupta
C01208,Rohan,Kapoor,Male,1969-04-27,Kolkata,West Bengal,Retired,Retail,393130.12,2019-01-08,Rohan Kapoor
C01209,Kabir,Joshi,Female,1993-10-19,Coimbatore,Tamil Nadu,Business Owner,Premium,866236.43,2019-07-09,Kabir Joshi
C01210,Aarav,Jain,Male,1972-05-21,Jaipur,Rajasthan,Business Owner,Retail,413869.52,2024-04-17,Aarav Jain
C01211,Rohan,Verma,Male,1999-07-10,Indore,Madhya Pradesh,Self Employed,Retail,646322.73,2019-01-01,Rohan Verma
C01212,Anika,Sharma,Male,1997-12-19,Chennai,Tamil Nadu,Business Owner,Retail,736737.29,2022-04-26,Anika Sharma
C01213,Ira,Agarwal,Male,1982-09-02,Noida,Uttar Pradesh,Retired,SME,841865.56,2022-02-27,Ira Agarwal
C01214,Reyansh,Kapoor,Male,1973-02-15,Pune,Maharashtra,Salaried,SME,373447.47,2022-04-12,Reyansh Kapoor
C01215,Rahul,Iyer,Male,2004-02-10,Noida,Uttar Pradesh,Student,Retail,180000.0,2020-07-24,Rahul Iyer
C01216,Nisha,Bansal,Female,1985-01-05,Kolkata,West Bengal,Self Employed,Retail,214801.03,2025-04-30,Nisha Bansal
C01217,Nisha,Joshi,Female,1986-12-01,Hyderabad,Telangana,Business Owner,Retail,395192.13,2024-09-24,Nisha Joshi
C01218,Neha,Mehta,Male,2000-12-13,Mumbai,Maharashtra,Freelancer,Retail,590861.45,2019-04-14,Neha Mehta
C01219,Karan,Chopra,Female,1970-08-03,Mysuru,Karnataka,Retired,Retail,215342.42,2021-03-19,Karan Chopra
C01220,Reyansh,Patel,Female,1996-05-04,Chennai,Tamil Nadu,Self Employed,Corporate,409083.77,2019-06-05,Reyansh Patel
C01221,Sneha,Patel,Male,1962-08-16,Bhopal,Madhya Pradesh,Student,Retail,180000.0,2024-11-25,Sneha Patel
C01222,Ira,Joshi,Male,1988-12-05,Kolkata,West Bengal,Freelancer,Retail,939620.39,2021-07-26,Ira Joshi
C01223,Kabir,Verma,Female,1996-01-05,Pune,Maharashtra,Student,Retail,370674.97,2019-09-20,Kabir Verma
C01224,Myra,Sharma,Female,1992-02-08,Chennai,Tamil Nadu,Salaried,Retail,190362.45,2020-10-03,Myra Sharma
C01225,Vihaan,Patel,Female,1993-05-18,Chandigarh,Chandigarh,Retired,Retail,472197.24,2023-12-29,Vihaan Patel
C01226,Nisha,Gupta,Male,1999-12-06,Mumbai,Maharashtra,Salaried,Premium,668496.82,2022-04-11,Nisha Gupta
C01227,Amit,Verma,Male,1996-01-27,Mumbai,Maharashtra,Salaried,Retail,688168.66,2025-04-11,Amit Verma
C01228,Pooja,Mehta,Female,1996-11-13,Indore,Madhya Pradesh,Retired,Retail,539806.76,2020-10-21,Pooja Mehta
C01229,Diya,Mehta,Male,2000-08-16,Kolkata,West Bengal,Business Owner,SME,305724.34,2025-02-22,Diya Mehta
C01230,Neha,Malhotra,Male,1984-05-06,Gurugram,Haryana,Student,Retail,237521.22,2019-05-28,Neha Malhotra
C01231,Aadhya,Kulkarni,Female,1973-07-14,Kolkata,West Bengal,Business Owner,SME,578713.8,2021-08-28,Aadhya Kulkarni
C01232,Reyansh,Mishra,Female,1968-12-17,Ahmedabad,Gujarat,Student,Retail,318030.52,2024-02-24,Reyansh Mishra
C01233,Rahul,Mishra,Female,1983-11-10,Surat,Gujarat,Salaried,Retail,543234.85,2020-03-27,Rahul Mishra
C01234,Myra,Sharma,Male,1981-09-06,Noida,Uttar Pradesh,Student,Premium,1645641.81,2024-05-13,Myra Sharma
C01235,Sneha,Joshi,Male,1977-12-22,Gurugram,Haryana,Student,Premium,462729.89,2021-07-20,Sneha Joshi
C01236,Amit,Mishra,Male,1975-12-05,Jaipur,Rajasthan,Freelancer,Corporate,942427.53,2019-02-02,Amit Mishra
C01237,Aditya,Iyer,Female,1965-01-01,Bengaluru,Karnataka,Self Employed,SME,1043353.71,2019-09-09,Aditya Iyer
C01238,Sai,Nair,Female,1979-02-12,Noida,Uttar Pradesh,Salaried,Premium,737948.39,2024-04-20,Sai Nair
C01239,Anika,Malhotra,Female,1969-03-14,Gurugram,Haryana,Freelancer,Retail,852300.96,2021-02-25,Anika Malhotra
C01240,Sara,Kumar,Male,1967-11-05,Lucknow,Uttar Pradesh,Retired,SME,1223220.28,2025-09-19,Sara Kumar
C01241,Nisha,Iyer,Male,1988-10-19,Kolkata,West Bengal,Business Owner,Retail,1170213.94,2018-10-10,Nisha Iyer
C01242,Ishaan,Patel,Female,1968-10-10,Gurugram,Haryana,Retired,Premium,364588.06,2023-07-20,Ishaan Patel
C01243,Ira,Reddy,Male,1999-10-14,Mumbai,Maharashtra,Student,Wealth,1119542.31,2021-07-28,Ira Reddy
C01244,Amit,Kulkarni,Male,1963-11-08,Gurugram,Haryana,Business Owner,Premium,644967.9,2024-03-08,Amit Kulkarni
C01245,Nisha,Jain,Female,1968-10-01,Pune,Maharashtra,Student,Corporate,467887.31,2018-05-28,Nisha Jain
C01246,Kiara,Bansal,Female,2004-07-11,Hyderabad,Telangana,Self Employed,Retail,2872746.86,2021-11-19,Kiara Bansal
C01247,Rohan,Patel,Female,1995-04-16,Hyderabad,Telangana,Retired,Retail,216493.01,2019-04-10,Rohan Patel
C01248,Sneha,Mehta,Male,1968-02-08,Mumbai,Maharashtra,Salaried,Retail,384150.42,2018-02-09,Sneha Mehta
C01249,Myra,Iyer,Male,1981-10-03,Mumbai,Maharashtra,Retired,Retail,1115738.59,2019-05-15,Myra Iyer
C01250,Aditya,Sharma,Female,1968-04-24,Pune,Maharashtra,Freelancer,SME,252000.0,2020-08-12,Aditya Sharma
C01251,Rahul,Joshi,Female,1963-12-03,Noida,Uttar Pradesh,Retired,Retail,512272.44,2025-12-02,Rahul Joshi
C01252,Arjun,Malhotra,Male,1990-05-24,Gurugram,Haryana,Freelancer,Premium,543923.15,2019-05-23,Arjun Malhotra
C01253,Riya,Bansal,Female,1972-03-28,Bengaluru,Karnataka,Self Employed,Retail,605084.88,2022-10-14,Riya Bansal
C01254,Aditya,Verma,Male,1982-12-08,Hyderabad,Telangana,Student,Retail,180000.0,2021-11-10,Aditya Verma
C01255,Pooja,Patel,Female,1999-07-03,Pune,Maharashtra,Retired,Premium,1570089.29,2022-01-20,Pooja Patel
C01256,Pooja,Jain,Female,2003-02-19,Chandigarh,Chandigarh,Student,Retail,793051.2,2021-05-14,Pooja Jain
C01257,Diya,Bansal,Female,1980-09-24,Indore,Madhya Pradesh,Student,Retail,482133.0,2021-08-21,Diya Bansal
C01258,Aarav,Singh,Female,1989-08-15,Ahmedabad,Gujarat,Student,Retail,637469.34,2025-02-02,Aarav Singh
C01259,Reyansh,Sharma,Female,1985-06-01,Delhi,Delhi,Student,Retail,426828.78,2019-10-11,Reyansh Sharma
C01260,Kiara,Kumar,Female,1995-05-08,Chennai,Tamil Nadu,Freelancer,Retail,541035.4,2018-09-02,Kiara Kumar
C01261,Ira,Jain,Male,1966-02-11,Kolkata,West Bengal,Student,Premium,896524.88,2023-07-03,Ira Jain
C01262,Riya,Gupta,Male,1979-11-06,Mumbai,Maharashtra,Retired,Retail,276958.39,2021-02-28,Riya Gupta
C01263,Aarav,Kulkarni,Female,1983-12-28,Coimbatore,Tamil Nadu,Student,Retail,497364.69,2020-10-05,Aarav Kulkarni
C01264,Nisha,Jain,Female,1980-12-08,Noida,Uttar Pradesh,Retired,SME,1747826.74,2021-10-27,Nisha Jain
C01265,Neha,Kapoor,Male,1981-12-07,Nagpur,Maharashtra,Self Employed,SME,1337073.4,2023-06-25,Neha Kapoor
C01266,Sara,Kulkarni,Female,1990-01-11,Nagpur,Maharashtra,Salaried,Retail,502298.68,2023-01-16,Sara Kulkarni
C01267,Anaya,Desai,Female,1972-05-23,Ahmedabad,Gujarat,Retired,Retail,230581.39,2019-08-22,Anaya Desai
C01268,Kabir,Joshi,Male,1980-08-11,Hyderabad,Telangana,Business Owner,Premium,967622.56,2018-09-06,Kabir Joshi
C01269,Priya,Sharma,Female,1993-09-10,Noida,Uttar Pradesh,Business Owner,Retail,299296.41,2020-04-16,Priya Sharma
C01270,Myra,Singh,Female,1978-01-01,Delhi,Delhi,Freelancer,Premium,1041837.82,2022-04-14,Myra Singh
C01271,Krishna,Joshi,Female,1970-10-15,Kochi,Kerala,Business Owner,Corporate,584773.79,2019-10-30,Krishna Joshi
C01272,Diya,Singh,Female,1968-06-01,Nagpur,Maharashtra,Freelancer,Retail,960773.57,2022-03-17,Diya Singh
C01273,Rahul,Verma,Female,1961-11-14,Kochi,Kerala,Business Owner,Premium,687911.94,2024-05-05,Rahul Verma
C01274,Karan,Patel,Male,1962-09-02,Nagpur,Maharashtra,Self Employed,Premium,1188646.45,2019-02-23,Karan Patel
C01275,Aditya,Bansal,Female,1970-12-08,Bhopal,Madhya Pradesh,Salaried,Retail,360411.88,2023-07-11,Aditya Bansal
C01276,Anika,Patel,Male,1994-01-17,Ahmedabad,Gujarat,Student,Retail,1082825.26,2019-10-14,Anika Patel
C01277,Sara,Verma,Male,1976-04-08,Mysuru,Karnataka,Self Employed,Retail,690672.33,2020-08-10,Sara Verma
C01278,Aarav,Agarwal,Female,1968-09-11,Delhi,Delhi,Student,Retail,920283.16,2018-04-07,Aarav Agarwal
C01279,Aditya,Kapoor,Female,1995-02-02,Surat,Gujarat,Retired,Retail,436971.14,2019-11-04,Aditya Kapoor
C01280,Krishna,Malhotra,Female,1973-03-18,Ahmedabad,Gujarat,Retired,Retail,608879.38,2022-05-10,Krishna Malhotra
C01281,Vihaan,Nair,Female,1972-10-09,Gurugram,Haryana,Salaried,Retail,354827.75,2022-12-30,Vihaan Nair
C01282,Aadhya,Gupta,Male,2001-11-17,Chandigarh,Chandigarh,Self Employed,Corporate,710927.38,2024-05-24,Aadhya Gupta
C01283,Vivaan,Mehta,Female,2004-11-07,Chennai,Tamil Nadu,Self Employed,SME,990312.57,2023-09-25,Vivaan Mehta
C01284,Pooja,Chopra,Female,1979-01-07,Mumbai,Maharashtra,Student,SME,950638.95,2022-05-20,Pooja Chopra
C01285,Riya,Gupta,Male,1970-08-16,Chandigarh,Chandigarh,Salaried,Premium,1247281.78,2024-12-11,Riya Gupta
C01286,Sai,Gupta,Male,1960-05-01,Pune,Maharashtra,Business Owner,Retail,341445.18,2020-05-31,Sai Gupta
C01287,Amit,Verma,Male,1987-12-12,Noida,Uttar Pradesh,Business Owner,Retail,408547.0,2019-08-04,Amit Verma
C01288,Aarav,Jain,Male,1989-04-04,Hyderabad,Telangana,Salaried,SME,1278028.46,2019-04-07,Aarav Jain
C01289,Aarav,Kapoor,Female,1975-08-28,Bengaluru,Karnataka,Salaried,SME,797705.72,2026-03-15,Aarav Kapoor
C01290,Rahul,Kulkarni,Female,1973-02-13,Delhi,Delhi,Self Employed,Premium,329461.42,2018-02-24,Rahul Kulkarni
C01291,Krishna,Sharma,Female,1962-11-03,Nagpur,Maharashtra,Self Employed,Wealth,1719643.98,2020-08-19,Krishna Sharma
C01292,Neha,Jain,Male,1960-11-02,Jaipur,Rajasthan,Freelancer,SME,1084808.06,2018-07-13,Neha Jain
C01293,Diya,Desai,Male,1983-02-20,Chennai,Tamil Nadu,Business Owner,Retail,859814.67,2025-03-03,Diya Desai
C01294,Ishaan,Singh,Female,1986-03-19,Kolkata,West Bengal,Freelancer,Retail,422094.87,2024-01-31,Ishaan Singh
C01295,Diya,Kulkarni,Female,1983-07-03,Surat,Gujarat,Retired,Premium,1372201.56,2025-08-18,Diya Kulkarni
C01296,Pooja,Kumar,Male,1962-06-17,Gurugram,Haryana,Self Employed,SME,412378.4,2025-10-10,Pooja Kumar
C01297,Pari,Sharma,Female,1965-07-04,Ahmedabad,Gujarat,Retired,Wealth,1447023.81,2025-06-15,Pari Sharma
C01298,Rahul,Desai,Female,1974-11-23,Gurugram,Haryana,Retired,Corporate,958688.83,2025-05-14,Rahul Desai
C01299,Arjun,Joshi,Male,1974-10-12,Ahmedabad,Gujarat,Retired,Corporate,470691.43,2019-03-18,Arjun Joshi
C01300,Rahul,Joshi,Male,1969-02-23,Indore,Madhya Pradesh,Self Employed,Wealth,880675.29,2018-04-07,Rahul Joshi
C01301,Aditya,Reddy,Female,1961-05-04,Mumbai,Maharashtra,Salaried,Retail,1164231.99,2022-09-25,Aditya Reddy
C01302,Reyansh,Nair,Female,2002-07-01,Kolkata,West Bengal,Retired,Premium,585311.53,2024-08-12,Reyansh Nair
C01303,Anaya,Desai,Male,2000-10-19,Indore,Madhya Pradesh,Business Owner,Retail,438693.67,2025-11-09,Anaya Desai
C01304,Diya,Jain,Male,1984-09-25,Indore,Madhya Pradesh,Student,Retail,706838.63,2018-06-08,Diya Jain
C01305,Ayaan,Mishra,Female,1965-08-09,Indore,Madhya Pradesh,Salaried,Retail,373108.42,2021-08-15,Ayaan Mishra
C01306,Rohan,Singh,Male,1995-12-28,Chennai,Tamil Nadu,Retired,Retail,498098.91,2022-12-26,Rohan Singh
C01307,Anika,Verma,Female,1992-03-15,Bengaluru,Karnataka,Retired,Retail,602538.0,2019-04-27,Anika Verma
C01308,Anaya,Bansal,Male,1991-03-15,Bhopal,Madhya Pradesh,Freelancer,Retail,282556.07,2019-09-27,Anaya Bansal
C01309,Kabir,Kumar,Female,1972-08-16,Bengaluru,Karnataka,Salaried,Retail,291784.77,2021-05-23,Kabir Kumar
C01310,Myra,Gupta,Male,1974-06-28,Gurugram,Haryana,Self Employed,Premium,1215305.03,2019-07-25,Myra Gupta
C01311,Aarav,Agarwal,Female,1998-10-01,Delhi,Delhi,Freelancer,Retail,291320.55,2024-02-05,Aarav Agarwal
C01312,Aditya,Patel,Female,1986-08-02,Mysuru,Karnataka,Freelancer,Retail,485798.41,2022-01-04,Aditya Patel
C01313,Rohan,Joshi,Female,1985-09-08,Indore,Madhya Pradesh,Freelancer,SME,294804.94,2024-02-15,Rohan Joshi
C01314,Kiara,Gupta,Male,1995-05-16,Kolkata,West Bengal,Self Employed,Retail,619053.16,2020-04-09,Kiara Gupta
C01315,Rohan,Reddy,Male,1979-03-24,Delhi,Delhi,Business Owner,Premium,1081816.27,2019-07-16,Rohan Reddy
C01316,Reyansh,Gupta,Male,1975-08-26,Coimbatore,Tamil Nadu,Student,Retail,595204.42,2024-03-15,Reyansh Gupta
C01317,Aditya,Jain,Male,1964-03-22,Kochi,Kerala,Retired,Retail,473105.34,2019-11-06,Aditya Jain
C01318,Vivaan,Iyer,Female,2000-07-27,Lucknow,Uttar Pradesh,Salaried,Premium,557440.09,2020-02-28,Vivaan Iyer
C01319,Ira,Bansal,Male,1985-08-20,Kolkata,West Bengal,Self Employed,SME,421593.73,2024-09-19,Ira Bansal
C01320,Anika,Patel,Male,1978-08-25,Bhopal,Madhya Pradesh,Freelancer,Retail,520029.88,2018-06-13,Anika Patel
C01321,Anaya,Nair,Female,1977-07-09,Kolkata,West Bengal,Retired,Retail,296861.86,2023-06-21,Anaya Nair
C01322,Sneha,Kapoor,Male,2004-10-23,Ahmedabad,Gujarat,Student,Premium,1223009.44,2021-10-12,Sneha Kapoor
C01323,Kabir,Reddy,Female,2004-08-11,Bengaluru,Karnataka,Business Owner,Retail,497410.39,2024-08-31,Kabir Reddy
C01324,Ishaan,Joshi,Female,1974-06-11,Bhopal,Madhya Pradesh,Retired,SME,681519.97,2025-08-01,Ishaan Joshi
C01325,Nisha,Singh,Female,1977-05-20,Surat,Gujarat,Self Employed,Retail,845750.4,2025-09-15,Nisha Singh
C01326,Vihaan,Nair,Male,1994-09-11,Kolkata,West Bengal,Self Employed,Retail,411121.07,2024-09-15,Vihaan Nair
C01327,Krishna,Kapoor,Female,1971-11-26,Coimbatore,Tamil Nadu,Retired,Retail,277774.48,2021-10-30,Krishna Kapoor
C01328,Anika,Kapoor,Female,1976-10-03,Delhi,Delhi,Retired,Retail,927567.16,2024-05-13,Anika Kapoor
C01329,Vihaan,Jain,Female,1972-05-02,Surat,Gujarat,Student,Wealth,1681886.19,2021-07-06,Vihaan Jain
C01330,Anika,Malhotra,Female,1968-03-04,Mysuru,Karnataka,Self Employed,Retail,696134.63,2019-01-28,Anika Malhotra
C01331,Riya,Reddy,Female,1973-01-22,Surat,Gujarat,Student,Premium,396173.05,2020-09-12,Riya Reddy
C01332,Rahul,Mehta,Male,1974-10-20,Lucknow,Uttar Pradesh,Salaried,Premium,486907.18,2024-03-17,Rahul Mehta
C01333,Riya,Sharma,Male,1980-04-06,Nagpur,Maharashtra,Salaried,SME,910216.57,2024-05-28,Riya Sharma
C01334,Myra,Mishra,Male,1977-08-04,Chandigarh,Chandigarh,Self Employed,Retail,672205.67,2020-06-21,Myra Mishra
C01335,Priya,Chopra,Female,1966-01-08,Hyderabad,Telangana,Self Employed,Premium,513089.75,2020-08-09,Priya Chopra
C01336,Kiara,Agarwal,Female,1965-07-23,Mysuru,Karnataka,Business Owner,Retail,188783.3,2018-03-26,Kiara Agarwal
C01337,Neha,Patel,Female,1992-10-13,Indore,Madhya Pradesh,Self Employed,SME,727093.14,2022-07-13,Neha Patel
C01338,Ayaan,Chopra,Female,1973-06-12,Noida,Uttar Pradesh,Salaried,Retail,316730.85,2025-09-12,Ayaan Chopra
C01339,Aarav,Jain,Female,1975-11-23,Nagpur,Maharashtra,Freelancer,Retail,491669.89,2022-12-30,Aarav Jain
C01340,Ayaan,Kapoor,Male,1965-07-09,Surat,Gujarat,Salaried,Retail,338022.63,2022-04-12,Ayaan Kapoor
C01341,Anika,Verma,Female,1963-04-03,Kolkata,West Bengal,Salaried,Premium,344723.29,2023-11-22,Anika Verma
C01342,Sai,Mehta,Female,1988-03-10,Hyderabad,Telangana,Business Owner,Retail,276807.7,2019-11-14,Sai Mehta
C01343,Nisha,Kumar,Male,1964-04-28,Bhopal,Madhya Pradesh,Salaried,Retail,965187.72,2020-03-11,Nisha Kumar
C01344,Vihaan,Kulkarni,Female,1964-02-25,Chandigarh,Chandigarh,Freelancer,Retail,637001.93,2020-01-03,Vihaan Kulkarni
C01345,Krishna,Agarwal,Male,1994-03-08,Delhi,Delhi,Retired,Corporate,797814.58,2023-08-29,Krishna Agarwal
C01346,Priya,Mishra,Female,1985-03-06,Pune,Maharashtra,Retired,Retail,304321.04,2021-02-17,Priya Mishra
C01347,Riya,Verma,Male,1975-08-06,Jaipur,Rajasthan,Student,Premium,1012690.57,2019-07-11,Riya Verma
C01348,Anika,Chopra,Female,1978-08-17,Mumbai,Maharashtra,Freelancer,Corporate,1283791.72,2023-10-30,Anika Chopra
C01349,Karan,Bansal,Male,1998-10-23,Kolkata,West Bengal,Retired,SME,549618.24,2023-08-09,Karan Bansal
C01350,Riya,Bansal,Female,1962-04-03,Delhi,Delhi,Student,Premium,666360.61,2021-05-11,Riya Bansal
C01351,Kabir,Singh,Female,1961-06-16,Kolkata,West Bengal,Retired,Retail,197013.6,2019-07-27,Kabir Singh
C01352,Sara,Chopra,Female,1985-04-05,Chennai,Tamil Nadu,Freelancer,Retail,279551.82,2023-03-21,Sara Chopra
C01353,Myra,Chopra,Female,1973-08-05,Kolkata,West Bengal,Salaried,Retail,360821.92,2024-09-16,Myra Chopra
C01354,Reyansh,Nair,Male,1982-09-18,Chennai,Tamil Nadu,Salaried,Retail,429367.15,2019-02-19,Reyansh Nair
C01355,Aarav,Kulkarni,Female,1995-05-02,Delhi,Delhi,Business Owner,Retail,254173.95,2024-11-15,Aarav Kulkarni
C01356,Vihaan,Kulkarni,Female,1982-10-11,Jaipur,Rajasthan,Student,Retail,184005.29,2023-10-07,Vihaan Kulkarni
C01357,Pooja,Reddy,Male,2002-09-24,Pune,Maharashtra,Self Employed,Corporate,555476.53,2020-03-15,Pooja Reddy
C01358,Arjun,Joshi,Female,1999-07-09,Bengaluru,Karnataka,Retired,Retail,237977.42,2020-03-04,Arjun Joshi
C01359,Karan,Kumar,Female,1969-07-18,Surat,Gujarat,Salaried,Premium,1126440.47,2018-11-24,Karan Kumar
C01360,Nisha,Iyer,Female,1981-10-24,Jaipur,Rajasthan,Retired,Wealth,791374.11,2019-09-30,Nisha Iyer
C01361,Rahul,Sharma,Female,1993-11-09,Nagpur,Maharashtra,Student,SME,877122.32,2021-01-19,Rahul Sharma
C01362,Krishna,Gupta,Male,1992-05-16,Coimbatore,Tamil Nadu,Retired,Wealth,2053061.31,2020-07-04,Krishna Gupta
C01363,Kiara,Chopra,Female,1975-08-05,Lucknow,Uttar Pradesh,Retired,SME,902886.53,2021-09-18,Kiara Chopra
C01364,Kiara,Singh,Female,1965-04-06,Chennai,Tamil Nadu,Student,Premium,393973.04,2018-05-06,Kiara Singh
C01365,Aadhya,Kapoor,Male,1983-02-10,Coimbatore,Tamil Nadu,Student,Retail,894431.99,2022-10-28,Aadhya Kapoor
C01366,Pari,Chopra,Male,1978-04-20,Lucknow,Uttar Pradesh,Salaried,SME,421604.79,2018-12-03,Pari Chopra
C01367,Arjun,Verma,Male,1960-03-18,Bengaluru,Karnataka,Student,Retail,1105042.41,2019-12-29,Arjun Verma
C01368,Diya,Kapoor,Male,1968-05-27,Pune,Maharashtra,Salaried,Retail,1216123.56,2019-11-08,Diya Kapoor
C01369,Krishna,Kapoor,Female,1981-02-02,Chennai,Tamil Nadu,Retired,Wealth,2418879.24,2023-11-25,Krishna Kapoor
C01370,Kabir,Agarwal,Male,1999-05-05,Bengaluru,Karnataka,Student,Retail,506543.96,2024-10-20,Kabir Agarwal
C01371,Sara,Kulkarni,Female,2004-05-02,Lucknow,Uttar Pradesh,Retired,Retail,368856.39,2021-06-09,Sara Kulkarni
C01372,Priya,Nair,Female,2001-12-27,Chennai,Tamil Nadu,Self Employed,Retail,646073.99,2020-09-12,Priya Nair
C01373,Anaya,Kapoor,Male,1969-12-05,Jaipur,Rajasthan,Freelancer,Retail,325271.07,2023-05-27,Anaya Kapoor
C01374,Ishaan,Joshi,Female,1986-02-21,Surat,Gujarat,Freelancer,Premium,1448773.56,2018-05-19,Ishaan Joshi
C01375,Rahul,Jain,Female,1970-07-07,Kolkata,West Bengal,Freelancer,Retail,707369.02,2022-06-17,Rahul Jain
C01376,Anaya,Kapoor,Male,1988-03-27,Coimbatore,Tamil Nadu,Salaried,Retail,948186.44,2019-11-04,Anaya Kapoor
C01377,Arjun,Mehta,Female,1986-02-16,Hyderabad,Telangana,Business Owner,SME,526244.56,2020-04-08,Arjun Mehta
C01378,Riya,Desai,Female,1986-01-25,Gurugram,Haryana,Salaried,Retail,362216.47,2019-03-05,Riya Desai
C01379,Pooja,Agarwal,Female,1992-04-07,Indore,Madhya Pradesh,Retired,Retail,1463727.71,2022-05-20,Pooja Agarwal
C01380,Vivaan,Kulkarni,Female,1997-10-20,Bhopal,Madhya Pradesh,Retired,Retail,1140516.07,2023-02-13,Vivaan Kulkarni
C01381,Sara,Bansal,Female,1978-06-01,Pune,Maharashtra,Retired,Retail,786894.96,2024-05-31,Sara Bansal
C01382,Vivaan,Mehta,Female,1980-10-08,Lucknow,Uttar Pradesh,Student,Retail,257407.66,2020-12-22,Vivaan Mehta
C01383,Aarav,Bansal,Male,1993-04-02,Mumbai,Maharashtra,Salaried,Retail,659090.55,2021-01-25,Aarav Bansal
C01384,Riya,Verma,Female,1994-07-01,Kochi,Kerala,Retired,Retail,535214.17,2020-05-24,Riya Verma
C01385,Sai,Malhotra,Male,2002-09-10,Kochi,Kerala,Salaried,Corporate,664440.08,2025-09-07,Sai Malhotra
C01386,Karan,Reddy,Male,1965-06-21,Surat,Gujarat,Freelancer,Retail,433177.59,2021-04-12,Karan Reddy
C01387,Karan,Nair,Female,1986-03-14,Hyderabad,Telangana,Retired,Retail,311322.06,2025-10-03,Karan Nair
C01388,Krishna,Kumar,Male,2000-02-03,Kochi,Kerala,Student,Wealth,4768904.25,2021-10-14,Krishna Kumar
C01389,Sneha,Patel,Female,1992-09-15,Mysuru,Karnataka,Salaried,Retail,422567.31,2021-12-17,Sneha Patel
C01390,Ira,Malhotra,Male,1984-04-18,Gurugram,Haryana,Student,SME,381604.86,2025-01-30,Ira Malhotra
C01391,Ira,Chopra,Male,1961-06-28,Kolkata,West Bengal,Self Employed,Retail,579690.43,2020-02-18,Ira Chopra
C01392,Karan,Jain,Female,2000-08-25,Chandigarh,Chandigarh,Student,Premium,3212866.94,2021-08-12,Karan Jain
C01393,Rohan,Desai,Female,1972-01-02,Kolkata,West Bengal,Student,Retail,213959.73,2018-01-31,Rohan Desai
C01394,Vihaan,Kapoor,Male,1989-02-05,Coimbatore,Tamil Nadu,Student,SME,759253.46,2023-07-18,Vihaan Kapoor
C01395,Rahul,Iyer,Male,1995-12-25,Kochi,Kerala,Business Owner,Retail,499743.27,2024-01-09,Rahul Iyer
C01396,Aditya,Agarwal,Female,1978-01-28,Surat,Gujarat,Salaried,Retail,180000.0,2023-08-03,Aditya Agarwal
C01397,Aditya,Singh,Male,1979-07-01,Chennai,Tamil Nadu,Business Owner,Retail,345013.42,2019-04-10,Aditya Singh
C01398,Sneha,Patel,Male,1976-06-11,Mysuru,Karnataka,Salaried,SME,423494.06,2021-02-06,Sneha Patel
C01399,Karan,Malhotra,Female,1995-09-28,Chennai,Tamil Nadu,Salaried,Retail,955221.43,2022-07-12,Karan Malhotra
C01400,Aditya,Gupta,Male,1979-07-03,Pune,Maharashtra,Salaried,Premium,632799.16,2023-05-08,Aditya Gupta
C01401,Anika,Mehta,Male,1990-06-13,Pune,Maharashtra,Business Owner,Retail,256890.83,2019-11-21,Anika Mehta
C01402,Reyansh,Singh,Male,2001-10-23,Gurugram,Haryana,Freelancer,SME,702246.12,2025-08-27,Reyansh Singh
C01403,Pooja,Joshi,Female,1975-07-01,Bhopal,Madhya Pradesh,Retired,Premium,1837303.56,2020-09-01,Pooja Joshi
C01404,Diya,Singh,Female,1987-04-20,Pune,Maharashtra,Retired,Premium,430763.58,2022-08-13,Diya Singh
C01405,Aarav,Gupta,Female,1978-05-08,Nagpur,Maharashtra,Retired,Premium,443375.23,2020-02-23,Aarav Gupta
C01406,Rohan,Mehta,Male,2004-03-19,Hyderabad,Telangana,Freelancer,Retail,514517.36,2018-06-14,Rohan Mehta
C01407,Reyansh,Reddy,Male,1975-12-02,Lucknow,Uttar Pradesh,Retired,Corporate,1189170.58,2018-01-12,Reyansh Reddy
C01408,Arjun,Gupta,Female,1967-12-01,Noida,Uttar Pradesh,Business Owner,Retail,337487.4,2022-08-11,Arjun Gupta
C01409,Arjun,Joshi,Female,2002-09-22,Ahmedabad,Gujarat,Business Owner,Retail,1305394.75,2020-02-10,Arjun Joshi
C01410,Sai,Verma,Male,1991-08-09,Lucknow,Uttar Pradesh,Freelancer,Retail,292809.27,2023-02-23,Sai Verma
C01411,Sai,Bansal,Male,1978-04-14,Bhopal,Madhya Pradesh,Student,Retail,334303.1,2023-12-10,Sai Bansal
C01412,Priya,Reddy,Female,1997-08-12,Bengaluru,Karnataka,Student,Retail,319488.0,2021-01-09,Priya Reddy
C01413,Anika,Agarwal,Male,1990-04-15,Gurugram,Haryana,Salaried,SME,608920.9,2021-01-01,Anika Agarwal
C01414,Ishaan,Chopra,Male,1993-05-23,Kolkata,West Bengal,Salaried,Retail,896641.84,2024-05-12,Ishaan Chopra
C01415,Anika,Mishra,Male,1975-05-09,Mysuru,Karnataka,Freelancer,SME,1289732.07,2023-07-29,Anika Mishra
C01416,Pari,Iyer,Male,1960-03-01,Bhopal,Madhya Pradesh,Student,Retail,660713.48,2020-03-03,Pari Iyer
C01417,Krishna,Kapoor,Male,1966-12-10,Gurugram,Haryana,Freelancer,Premium,630655.49,2022-07-05,Krishna Kapoor
C01418,Ayaan,Iyer,Male,1996-10-12,Chandigarh,Chandigarh,Business Owner,Retail,428034.28,2022-01-01,Ayaan Iyer
C01419,Neha,Patel,Male,1975-09-11,Indore,Madhya Pradesh,Retired,Retail,381105.29,2019-07-16,Neha Patel
C01420,Vihaan,Malhotra,Female,1986-01-07,Lucknow,Uttar Pradesh,Freelancer,Retail,501958.43,2019-07-10,Vihaan Malhotra
C01421,Nisha,Joshi,Male,1973-04-12,Lucknow,Uttar Pradesh,Business Owner,Retail,1505383.48,2020-08-27,Nisha Joshi
C01422,Amit,Mehta,Male,1967-02-26,Chandigarh,Chandigarh,Student,Retail,637842.31,2025-09-23,Amit Mehta
C01423,Sneha,Bansal,Female,1994-03-22,Hyderabad,Telangana,Salaried,Corporate,396000.0,2018-12-30,Sneha Bansal
C01424,Diya,Kulkarni,Male,1997-04-19,Bhopal,Madhya Pradesh,Salaried,Retail,398059.13,2019-02-04,Diya Kulkarni
C01425,Vivaan,Kumar,Male,1961-11-09,Nagpur,Maharashtra,Self Employed,Retail,658113.34,2020-03-20,Vivaan Kumar
C01426,Vihaan,Joshi,Female,1978-08-02,Delhi,Delhi,Freelancer,Premium,590465.72,2021-05-12,Vihaan Joshi
C01427,Sai,Desai,Male,1969-12-03,Surat,Gujarat,Retired,SME,369249.03,2019-12-19,Sai Desai
C01428,Kiara,Mehta,Male,1966-02-25,Surat,Gujarat,Business Owner,Retail,222254.33,2026-01-02,Kiara Mehta
C01429,Riya,Malhotra,Male,1995-11-17,Bhopal,Madhya Pradesh,Student,SME,954694.64,2022-10-07,Riya Malhotra
C01430,Sneha,Sharma,Male,1999-08-09,Gurugram,Haryana,Student,Retail,1722106.03,2021-04-25,Sneha Sharma
C01431,Nisha,Verma,Male,1994-08-03,Ahmedabad,Gujarat,Freelancer,SME,252000.0,2025-11-08,Nisha Verma
C01432,Rahul,Singh,Male,1967-09-16,Kochi,Kerala,Retired,Retail,722926.91,2020-01-07,Rahul Singh
C01433,Nisha,Patel,Male,1974-03-08,Kochi,Kerala,Retired,SME,632017.78,2024-03-12,Nisha Patel
C01434,Rahul,Kumar,Male,1981-09-18,Bengaluru,Karnataka,Student,Retail,268439.88,2023-07-03,Rahul Kumar
C01435,Aditya,Bansal,Male,1968-04-23,Noida,Uttar Pradesh,Freelancer,Premium,833129.42,2021-08-11,Aditya Bansal
C01436,Aarav,Sharma,Male,1970-11-09,Jaipur,Rajasthan,Freelancer,Wealth,1132812.78,2018-05-05,Aarav Sharma
C01437,Neha,Joshi,Female,1980-03-25,Bengaluru,Karnataka,Salaried,Corporate,1120365.6,2022-12-04,Neha Joshi
C01438,Pooja,Singh,Female,2001-06-02,Kochi,Kerala,Business Owner,Corporate,1761700.47,2022-04-02,Pooja Singh
C01439,Rahul,Singh,Female,1992-11-10,Mysuru,Karnataka,Business Owner,Corporate,760544.29,2023-07-05,Rahul Singh
C01440,Vivaan,Iyer,Female,1964-03-06,Bhopal,Madhya Pradesh,Student,SME,365934.81,2018-06-15,Vivaan Iyer
C01441,Kabir,Iyer,Male,1987-08-01,Bhopal,Madhya Pradesh,Business Owner,Retail,794230.21,2026-02-13,Kabir Iyer
C01442,Arjun,Reddy,Male,1977-09-05,Bhopal,Madhya Pradesh,Business Owner,Retail,478201.13,2022-02-22,Arjun Reddy
C01443,Anika,Verma,Female,1983-05-27,Pune,Maharashtra,Salaried,Retail,578431.47,2022-07-24,Anika Verma
C01444,Sneha,Sharma,Male,1975-07-20,Noida,Uttar Pradesh,Self Employed,SME,715269.49,2018-09-22,Sneha Sharma
C01445,Nisha,Malhotra,Male,1977-01-04,Pune,Maharashtra,Business Owner,SME,377656.26,2025-01-06,Nisha Malhotra
C01446,Ira,Joshi,Female,2001-03-18,Hyderabad,Telangana,Freelancer,SME,606384.52,2020-02-08,Ira Joshi
C01447,Ishaan,Kumar,Female,2001-02-13,Bhopal,Madhya Pradesh,Student,Retail,720054.71,2021-05-03,Ishaan Kumar
C01448,Vihaan,Nair,Female,1961-04-14,Gurugram,Haryana,Salaried,Corporate,1724599.34,2023-03-08,Vihaan Nair
C01449,Amit,Nair,Male,1984-05-21,Pune,Maharashtra,Self Employed,Retail,255475.2,2022-07-10,Amit Nair
C01450,Priya,Sharma,Male,2003-06-11,Lucknow,Uttar Pradesh,Student,Retail,306996.32,2022-03-26,Priya Sharma
C01451,Ira,Sharma,Male,1986-05-28,Chennai,Tamil Nadu,Freelancer,Retail,650537.97,2019-03-23,Ira Sharma
C01452,Vivaan,Iyer,Male,1975-09-23,Kolkata,West Bengal,Business Owner,Retail,364961.04,2025-09-14,Vivaan Iyer
C01453,Diya,Joshi,Female,1978-04-07,Pune,Maharashtra,Retired,SME,252000.0,2021-07-14,Diya Joshi
C01454,Neha,Mishra,Female,1985-12-08,Mysuru,Karnataka,Retired,SME,850616.61,2023-03-26,Neha Mishra
C01455,Rohan,Joshi,Female,1994-01-20,Mysuru,Karnataka,Self Employed,Wealth,1014338.19,2019-07-06,Rohan Joshi
C01456,Aditya,Patel,Female,2001-06-08,Ahmedabad,Gujarat,Business Owner,Retail,403828.62,2022-05-14,Aditya Patel
C01457,Nisha,Sharma,Male,1989-09-28,Mysuru,Karnataka,Self Employed,Retail,637062.16,2020-05-04,Nisha Sharma
C01458,Rahul,Mishra,Male,1961-10-04,Mumbai,Maharashtra,Self Employed,Retail,370247.14,2025-09-20,Rahul Mishra
C01459,Riya,Gupta,Female,1981-08-21,Ahmedabad,Gujarat,Salaried,Premium,583494.91,2024-12-18,Riya Gupta
C01460,Vihaan,Agarwal,Female,1985-06-20,Noida,Uttar Pradesh,Salaried,Corporate,803513.02,2024-01-18,Vihaan Agarwal
C01461,Arjun,Bansal,Male,1974-04-13,Chennai,Tamil Nadu,Self Employed,Retail,379953.02,2026-02-09,Arjun Bansal
C01462,Anaya,Iyer,Female,1973-10-20,Gurugram,Haryana,Salaried,Retail,212480.89,2019-01-13,Anaya Iyer
C01463,Kiara,Verma,Female,1962-12-24,Hyderabad,Telangana,Freelancer,SME,413207.17,2018-03-29,Kiara Verma
C01464,Pooja,Singh,Female,1975-08-13,Coimbatore,Tamil Nadu,Salaried,Retail,451434.16,2018-06-22,Pooja Singh
C01465,Rahul,Sharma,Female,1963-09-07,Noida,Uttar Pradesh,Self Employed,Retail,346084.15,2025-09-06,Rahul Sharma
C01466,Vivaan,Bansal,Male,1964-06-24,Jaipur,Rajasthan,Student,Retail,311162.59,2024-06-01,Vivaan Bansal
C01467,Arjun,Mishra,Male,1991-11-28,Mysuru,Karnataka,Retired,Retail,888675.22,2020-12-16,Arjun Mishra
C01468,Myra,Joshi,Female,1962-02-08,Chennai,Tamil Nadu,Business Owner,Retail,567807.73,2020-08-30,Myra Joshi
C01469,Pooja,Gupta,Male,2002-09-24,Indore,Madhya Pradesh,Salaried,SME,414558.03,2025-06-25,Pooja Gupta
C01470,Pari,Kapoor,Male,1988-12-23,Kolkata,West Bengal,Business Owner,Retail,820163.87,2021-03-16,Pari Kapoor
C01471,Neha,Kapoor,Female,1971-01-23,Nagpur,Maharashtra,Retired,Wealth,540000.0,2024-06-03,Neha Kapoor
C01472,Pooja,Kulkarni,Male,2002-05-27,Ahmedabad,Gujarat,Retired,Premium,1019533.79,2021-04-25,Pooja Kulkarni
C01473,Anaya,Kapoor,Male,1994-06-19,Delhi,Delhi,Business Owner,Retail,780116.09,2018-03-29,Anaya Kapoor
C01474,Amit,Bansal,Female,1979-10-20,Bhopal,Madhya Pradesh,Retired,Corporate,396000.0,2024-04-12,Amit Bansal
C01475,Kabir,Gupta,Female,1986-10-23,Pune,Maharashtra,Student,Retail,471965.73,2018-05-06,Kabir Gupta
C01476,Rohan,Mishra,Female,1971-12-07,Jaipur,Rajasthan,Freelancer,Retail,453249.55,2020-09-26,Rohan Mishra
C01477,Neha,Kapoor,Female,1968-11-18,Bhopal,Madhya Pradesh,Business Owner,Corporate,639176.08,2018-05-03,Neha Kapoor
C01478,Rohan,Reddy,Male,1969-07-19,Kochi,Kerala,Retired,Corporate,1022395.37,2022-04-16,Rohan Reddy
C01479,Anika,Jain,Female,1984-06-14,Nagpur,Maharashtra,Salaried,Premium,1326204.56,2025-07-15,Anika Jain
C01480,Krishna,Chopra,Male,1972-09-11,Delhi,Delhi,Self Employed,Premium,596055.71,2024-08-03,Krishna Chopra
C01481,Aarav,Sharma,Female,1992-05-21,Chennai,Tamil Nadu,Retired,SME,252000.0,2022-05-20,Aarav Sharma
C01482,Aditya,Patel,Male,1964-01-04,Ahmedabad,Gujarat,Retired,SME,1021883.8,2021-10-03,Aditya Patel
C01483,Ishaan,Mishra,Male,1963-02-13,Mumbai,Maharashtra,Freelancer,Retail,512321.75,2021-08-09,Ishaan Mishra
C01484,Pari,Kulkarni,Female,1989-07-25,Pune,Maharashtra,Freelancer,Retail,515040.29,2019-08-12,Pari Kulkarni
C01485,Myra,Mishra,Female,1983-04-21,Pune,Maharashtra,Student,Retail,180000.0,2019-10-27,Myra Mishra
C01486,Riya,Singh,Female,1988-03-24,Pune,Maharashtra,Salaried,Retail,1254618.63,2024-03-25,Riya Singh
C01487,Aditya,Singh,Female,1991-12-21,Bengaluru,Karnataka,Business Owner,SME,367865.93,2026-01-07,Aditya Singh
C01488,Aarav,Joshi,Male,1972-06-13,Gurugram,Haryana,Freelancer,Retail,463140.87,2019-02-21,Aarav Joshi
C01489,Rahul,Agarwal,Female,1998-03-01,Bengaluru,Karnataka,Self Employed,Retail,279612.08,2023-03-31,Rahul Agarwal
C01490,Nisha,Malhotra,Female,1994-10-12,Indore,Madhya Pradesh,Business Owner,Retail,260736.14,2020-12-19,Nisha Malhotra
C01491,Aadhya,Nair,Male,1963-12-06,Nagpur,Maharashtra,Salaried,SME,509971.94,2022-11-02,Aadhya Nair
C01492,Aadhya,Jain,Male,1978-01-08,Hyderabad,Telangana,Self Employed,Retail,1229901.85,2023-03-13,Aadhya Jain
C01493,Nisha,Kapoor,Male,2002-09-06,Indore,Madhya Pradesh,Salaried,SME,1818595.03,2025-01-17,Nisha Kapoor
C01494,Sara,Mishra,Female,1976-09-14,Noida,Uttar Pradesh,Self Employed,Retail,521231.73,2022-10-11,Sara Mishra
C01495,Anaya,Bansal,Male,1994-04-04,Lucknow,Uttar Pradesh,Business Owner,SME,252000.0,2020-07-26,Anaya Bansal
C01496,Kabir,Bansal,Female,1988-12-01,Nagpur,Maharashtra,Freelancer,Retail,673483.32,2019-05-03,Kabir Bansal
C01497,Aadhya,Agarwal,Male,1990-12-02,Jaipur,Rajasthan,Salaried,Retail,760046.39,2022-02-04,Aadhya Agarwal
C01498,Kabir,Desai,Female,1984-09-05,Mumbai,Maharashtra,Freelancer,Retail,654889.62,2019-10-15,Kabir Desai
C01499,Myra,Gupta,Female,1985-11-28,Bengaluru,Karnataka,Student,Premium,400051.98,2024-05-21,Myra Gupta
C01500,Myra,Mishra,Male,1964-09-21,Delhi,Delhi,Retired,Corporate,442268.97,2024-08-16,Myra Mishra
C01501,Anika,Sharma,Male,2003-05-08,Kochi,Kerala,Self Employed,Retail,511221.58,2018-06-04,Anika Sharma
C01502,Pooja,Mishra,Female,1962-10-23,Coimbatore,Tamil Nadu,Retired,Premium,1112789.25,2021-04-10,Pooja Mishra
C01503,Aditya,Patel,Female,1979-10-11,Delhi,Delhi,Business Owner,SME,781034.0,2023-01-25,Aditya Patel
C01504,Myra,Chopra,Female,1992-08-26,Kochi,Kerala,Self Employed,Corporate,562837.75,2024-01-18,Myra Chopra
C01505,Anika,Jain,Female,1961-10-15,Gurugram,Haryana,Retired,Retail,1071147.61,2019-09-07,Anika Jain
C01506,Reyansh,Jain,Male,1996-07-17,Chandigarh,Chandigarh,Freelancer,Retail,214813.4,2023-12-20,Reyansh Jain
C01507,Ayaan,Desai,Male,2003-09-01,Coimbatore,Tamil Nadu,Freelancer,Retail,200810.6,2021-01-08,Ayaan Desai
C01508,Rohan,Kulkarni,Male,2002-06-25,Mumbai,Maharashtra,Salaried,Wealth,987905.49,2025-07-19,Rohan Kulkarni
C01509,Ira,Chopra,Female,1970-05-18,Mysuru,Karnataka,Retired,Retail,338603.33,2022-06-03,Ira Chopra
C01510,Kabir,Singh,Female,1968-06-27,Noida,Uttar Pradesh,Student,SME,362043.92,2020-06-29,Kabir Singh
C01511,Anika,Iyer,Female,1994-10-04,Noida,Uttar Pradesh,Self Employed,Retail,570023.26,2021-11-07,Anika Iyer
C01512,Ayaan,Iyer,Female,1970-10-06,Ahmedabad,Gujarat,Salaried,Retail,837922.1,2020-07-04,Ayaan Iyer
C01513,Aadhya,Malhotra,Female,1966-09-23,Bhopal,Madhya Pradesh,Salaried,Retail,436581.03,2024-11-03,Aadhya Malhotra
C01514,Kabir,Mishra,Male,1991-11-10,Coimbatore,Tamil Nadu,Freelancer,SME,448449.85,2023-09-30,Kabir Mishra
C01515,Rahul,Iyer,Male,1964-02-16,Nagpur,Maharashtra,Business Owner,Premium,536532.01,2018-06-04,Rahul Iyer
C01516,Anaya,Iyer,Male,1983-04-13,Bengaluru,Karnataka,Salaried,Retail,327154.24,2020-06-06,Anaya Iyer
C01517,Ira,Gupta,Male,1983-10-07,Gurugram,Haryana,Student,SME,534272.91,2023-01-07,Ira Gupta
C01518,Kabir,Gupta,Female,1962-01-20,Coimbatore,Tamil Nadu,Salaried,Retail,1302472.53,2018-05-25,Kabir Gupta
C01519,Vivaan,Mishra,Male,1971-08-13,Kolkata,West Bengal,Student,Premium,938458.19,2018-01-28,Vivaan Mishra
C01520,Diya,Chopra,Male,1983-03-08,Hyderabad,Telangana,Self Employed,SME,738605.38,2021-09-17,Diya Chopra
C01521,Kiara,Kulkarni,Female,1987-07-02,Kochi,Kerala,Business Owner,Wealth,3028051.26,2021-05-08,Kiara Kulkarni
C01522,Rohan,Reddy,Female,1968-08-23,Gurugram,Haryana,Freelancer,Retail,244673.88,2024-08-06,Rohan Reddy
C01523,Arjun,Nair,Male,1983-06-26,Surat,Gujarat,Salaried,Premium,907276.64,2025-10-10,Arjun Nair
C01524,Kabir,Mehta,Male,1981-01-05,Surat,Gujarat,Salaried,SME,387757.64,2020-08-26,Kabir Mehta
C01525,Anaya,Iyer,Female,2001-02-26,Delhi,Delhi,Salaried,Retail,355876.67,2023-11-08,Anaya Iyer
C01526,Ishaan,Nair,Female,2000-11-14,Noida,Uttar Pradesh,Student,Premium,570587.53,2024-07-30,Ishaan Nair
C01527,Sneha,Kulkarni,Female,1991-03-16,Chandigarh,Chandigarh,Freelancer,Wealth,647508.96,2022-08-20,Sneha Kulkarni
C01528,Aditya,Agarwal,Male,1960-03-12,Delhi,Delhi,Self Employed,SME,1079470.95,2025-12-08,Aditya Agarwal
C01529,Arjun,Sharma,Female,1966-12-05,Kochi,Kerala,Retired,Retail,264177.06,2019-01-15,Arjun Sharma
C01530,Sara,Kumar,Male,1984-12-01,Pune,Maharashtra,Freelancer,SME,639274.73,2024-03-14,Sara Kumar
C01531,Aditya,Kulkarni,Male,1982-01-18,Jaipur,Rajasthan,Self Employed,Retail,418505.74,2021-12-04,Aditya Kulkarni
C01532,Sara,Singh,Female,1989-06-09,Indore,Madhya Pradesh,Self Employed,Corporate,688102.8,2024-05-28,Sara Singh
C01533,Rohan,Malhotra,Male,1980-03-20,Pune,Maharashtra,Freelancer,Retail,640223.85,2019-02-23,Rohan Malhotra
C01534,Sara,Kumar,Male,1963-09-28,Ahmedabad,Gujarat,Student,Retail,414613.56,2025-09-16,Sara Kumar
C01535,Pari,Kumar,Male,1972-08-26,Noida,Uttar Pradesh,Business Owner,Premium,431599.82,2020-01-15,Pari Kumar
C01536,Sai,Gupta,Female,1969-10-19,Gurugram,Haryana,Business Owner,SME,391501.26,2025-05-16,Sai Gupta
C01537,Sai,Iyer,Female,1964-11-10,Nagpur,Maharashtra,Freelancer,Retail,470994.2,2020-09-28,Sai Iyer
C01538,Sara,Kulkarni,Female,1994-04-11,Nagpur,Maharashtra,Self Employed,Premium,583431.21,2019-10-24,Sara Kulkarni
C01539,Sneha,Jain,Male,1978-04-01,Ahmedabad,Gujarat,Self Employed,Premium,588651.52,2023-01-05,Sneha Jain
C01540,Nisha,Mishra,Female,1997-08-01,Chandigarh,Chandigarh,Retired,Retail,253551.51,2023-08-01,Nisha Mishra
C01541,Anika,Agarwal,Male,1973-08-23,Mysuru,Karnataka,Self Employed,SME,419969.14,2019-09-04,Anika Agarwal
C01542,Priya,Verma,Male,2003-02-05,Mumbai,Maharashtra,Self Employed,Corporate,612296.67,2018-06-04,Priya Verma
C01543,Pari,Kulkarni,Female,1976-09-16,Pune,Maharashtra,Freelancer,Premium,825176.36,2020-05-12,Pari Kulkarni
C01544,Vivaan,Verma,Male,2002-09-12,Kolkata,West Bengal,Salaried,Retail,548035.76,2021-02-13,Vivaan Verma
C01545,Anaya,Gupta,Female,1975-07-21,Chennai,Tamil Nadu,Salaried,Retail,617375.94,2021-11-21,Anaya Gupta
C01546,Amit,Kapoor,Female,1973-12-19,Gurugram,Haryana,Freelancer,SME,283131.37,2018-04-09,Amit Kapoor
C01547,Vivaan,Mishra,Male,1979-04-16,Bengaluru,Karnataka,Salaried,Retail,900175.06,2024-06-19,Vivaan Mishra
C01548,Vihaan,Singh,Female,1990-02-07,Surat,Gujarat,Salaried,Premium,796085.39,2025-02-06,Vihaan Singh
C01549,Amit,Singh,Male,1969-02-07,Delhi,Delhi,Salaried,Retail,923534.08,2024-10-17,Amit Singh
C01550,Vihaan,Mishra,Male,1967-02-13,Bengaluru,Karnataka,Student,Retail,288749.81,2019-07-12,Vihaan Mishra
C01551,Riya,Joshi,Male,2002-12-17,Coimbatore,Tamil Nadu,Business Owner,Corporate,1618711.58,2024-05-31,Riya Joshi
C01552,Ishaan,Agarwal,Male,1987-07-11,Noida,Uttar Pradesh,Self Employed,Retail,676324.01,2021-03-01,Ishaan Agarwal
C01553,Ira,Singh,Female,1966-02-10,Gurugram,Haryana,Salaried,Retail,484574.03,2024-06-19,Ira Singh
C01554,Diya,Desai,Female,1968-03-20,Coimbatore,Tamil Nadu,Salaried,Retail,590113.34,2025-05-07,Diya Desai
C01555,Pari,Jain,Male,1973-12-22,Mumbai,Maharashtra,Salaried,Premium,411017.87,2020-07-26,Pari Jain
C01556,Anika,Desai,Female,1967-03-09,Jaipur,Rajasthan,Business Owner,Retail,1101105.13,2019-06-18,Anika Desai
C01557,Sai,Jain,Male,1961-05-03,Noida,Uttar Pradesh,Retired,SME,552290.61,2023-07-20,Sai Jain
C01558,Aditya,Bansal,Female,1963-03-20,Hyderabad,Telangana,Retired,Premium,656730.88,2018-04-02,Aditya Bansal
C01559,Vihaan,Iyer,Female,1974-03-05,Surat,Gujarat,Business Owner,SME,1056609.65,2019-10-12,Vihaan Iyer
C01560,Nisha,Chopra,Female,1974-12-23,Mumbai,Maharashtra,Retired,SME,302738.16,2025-03-05,Nisha Chopra
C01561,Rohan,Desai,Female,1983-07-26,Jaipur,Rajasthan,Business Owner,Retail,211752.4,2022-10-08,Rohan Desai
C01562,Vivaan,Malhotra,Male,1975-05-16,Gurugram,Haryana,Salaried,SME,597362.29,2023-10-08,Vivaan Malhotra
C01563,Ayaan,Gupta,Female,1962-04-01,Mysuru,Karnataka,Student,SME,905858.55,2021-02-05,Ayaan Gupta
C01564,Sneha,Desai,Female,1991-03-14,Bengaluru,Karnataka,Salaried,Retail,482460.99,2019-08-30,Sneha Desai
C01565,Reyansh,Agarwal,Male,1961-12-04,Nagpur,Maharashtra,Student,Wealth,1900999.86,2023-01-30,Reyansh Agarwal
C01566,Ira,Reddy,Female,1975-01-15,Mysuru,Karnataka,Business Owner,Premium,1205505.56,2020-03-28,Ira Reddy
C01567,Diya,Malhotra,Female,1971-02-23,Ahmedabad,Gujarat,Student,Retail,197595.77,2022-10-11,Diya Malhotra
C01568,Priya,Joshi,Female,1998-05-16,Surat,Gujarat,Self Employed,Retail,186563.48,2022-12-06,Priya Joshi
C01569,Ira,Mehta,Male,1987-07-14,Hyderabad,Telangana,Freelancer,SME,252000.0,2023-04-30,Ira Mehta
C01570,Anaya,Kapoor,Male,1962-01-09,Mumbai,Maharashtra,Salaried,Retail,399561.56,2019-04-23,Anaya Kapoor
C01571,Aarav,Reddy,Male,1988-10-16,Pune,Maharashtra,Retired,Premium,495687.51,2024-03-11,Aarav Reddy
C01572,Anaya,Mehta,Male,1996-12-28,Bengaluru,Karnataka,Business Owner,Premium,1230642.02,2019-12-07,Anaya Mehta
C01573,Rahul,Mishra,Female,1976-10-20,Pune,Maharashtra,Student,Retail,668994.03,2024-10-18,Rahul Mishra
C01574,Rohan,Gupta,Female,1991-11-08,Bhopal,Madhya Pradesh,Student,Premium,397829.75,2024-10-05,Rohan Gupta
C01575,Sara,Jain,Female,1978-02-14,Kochi,Kerala,Self Employed,SME,459242.98,2020-08-13,Sara Jain
C01576,Pari,Mishra,Female,1980-07-06,Gurugram,Haryana,Retired,Retail,639062.71,2024-05-17,Pari Mishra
C01577,Rohan,Singh,Male,1999-08-26,Mysuru,Karnataka,Self Employed,Retail,253960.25,2023-03-29,Rohan Singh
C01578,Kiara,Verma,Male,1992-08-27,Pune,Maharashtra,Freelancer,SME,890620.81,2025-06-18,Kiara Verma
C01579,Aditya,Mehta,Female,2000-11-21,Mumbai,Maharashtra,Freelancer,Retail,2219966.52,2025-11-14,Aditya Mehta
C01580,Aarav,Malhotra,Female,1996-09-20,Chandigarh,Chandigarh,Freelancer,Retail,218079.17,2023-09-13,Aarav Malhotra
C01581,Amit,Gupta,Female,1964-09-13,Mumbai,Maharashtra,Business Owner,SME,499816.72,2023-11-08,Amit Gupta
C01582,Anika,Kumar,Male,1974-10-15,Bhopal,Madhya Pradesh,Salaried,Wealth,540000.0,2020-11-28,Anika Kumar
C01583,Sai,Joshi,Female,1962-07-16,Kochi,Kerala,Retired,Retail,1108099.76,2018-12-15,Sai Joshi
C01584,Rahul,Kapoor,Female,1998-07-03,Chennai,Tamil Nadu,Self Employed,Corporate,993520.86,2024-09-23,Rahul Kapoor
C01585,Rohan,Jain,Male,1995-09-05,Surat,Gujarat,Business Owner,Retail,778083.04,2018-06-26,Rohan Jain
C01586,Kiara,Verma,Female,1982-04-23,Nagpur,Maharashtra,Retired,Retail,482186.92,2025-03-15,Kiara Verma
C01587,Ayaan,Iyer,Female,1971-08-10,Lucknow,Uttar Pradesh,Business Owner,Premium,1527652.64,2019-03-15,Ayaan Iyer
C01588,Nisha,Mishra,Female,1997-11-22,Jaipur,Rajasthan,Freelancer,Premium,345797.69,2025-03-05,Nisha Mishra
C01589,Ira,Nair,Male,1999-07-13,Chennai,Tamil Nadu,Salaried,Retail,404000.47,2022-12-24,Ira Nair
C01590,Rahul,Bansal,Female,1969-09-11,Mumbai,Maharashtra,Retired,Retail,250715.53,2024-02-18,Rahul Bansal
C01591,Aadhya,Malhotra,Male,1960-09-19,Delhi,Delhi,Retired,Wealth,1898909.34,2018-06-18,Aadhya Malhotra
C01592,Kiara,Sharma,Male,1968-05-13,Surat,Gujarat,Salaried,Retail,391627.55,2021-05-13,Kiara Sharma
C01593,Rahul,Joshi,Female,1973-02-19,Bengaluru,Karnataka,Salaried,SME,725378.02,2020-08-10,Rahul Joshi
C01594,Anika,Agarwal,Male,1990-12-14,Noida,Uttar Pradesh,Student,SME,347688.6,2021-09-23,Anika Agarwal
C01595,Riya,Gupta,Female,1970-06-09,Mumbai,Maharashtra,Business Owner,Corporate,967838.23,2025-04-17,Riya Gupta
C01596,Priya,Patel,Female,1972-12-10,Pune,Maharashtra,Freelancer,Retail,704420.57,2023-06-07,Priya Patel
C01597,Kabir,Verma,Male,1993-03-23,Bengaluru,Karnataka,Student,Retail,512001.19,2023-03-07,Kabir Verma
C01598,Vihaan,Mehta,Female,1969-02-09,Kochi,Kerala,Retired,Retail,282779.05,2020-01-27,Vihaan Mehta
C01599,Sneha,Mehta,Female,2000-07-09,Ahmedabad,Gujarat,Freelancer,Retail,561333.46,2024-12-08,Sneha Mehta
C01600,Krishna,Iyer,Male,1988-05-17,Kochi,Kerala,Salaried,Retail,246232.45,2019-05-24,Krishna Iyer
C01601,Neha,Chopra,Male,1968-12-20,Chandigarh,Chandigarh,Business Owner,Premium,770601.17,2019-04-10,Neha Chopra
C01602,Sneha,Chopra,Male,1990-02-14,Bengaluru,Karnataka,Student,Premium,930803.8,2021-07-11,Sneha Chopra
C01603,Diya,Mishra,Male,1986-12-21,Lucknow,Uttar Pradesh,Student,Retail,450764.28,2023-06-12,Diya Mishra
C01604,Ishaan,Agarwal,Female,1963-01-20,Mumbai,Maharashtra,Self Employed,Premium,1134524.23,2018-07-12,Ishaan Agarwal
C01605,Anika,Mishra,Female,1984-07-22,Chennai,Tamil Nadu,Student,SME,1749518.2,2023-07-31,Anika Mishra
C01606,Priya,Desai,Female,1963-06-26,Surat,Gujarat,Student,Retail,801303.55,2021-10-24,Priya Desai
C01607,Ayaan,Joshi,Male,1961-10-15,Kochi,Kerala,Student,Corporate,746526.2,2019-06-20,Ayaan Joshi
C01608,Kabir,Kumar,Female,1983-05-26,Lucknow,Uttar Pradesh,Business Owner,Retail,388910.31,2025-11-09,Kabir Kumar
C01609,Karan,Verma,Male,1963-02-13,Chennai,Tamil Nadu,Freelancer,Premium,925010.05,2025-07-28,Karan Verma
C01610,Nisha,Jain,Female,1970-03-04,Surat,Gujarat,Business Owner,Retail,723631.66,2022-07-02,Nisha Jain
C01611,Neha,Gupta,Male,1980-10-03,Delhi,Delhi,Business Owner,Retail,280877.42,2023-08-24,Neha Gupta
C01612,Aadhya,Jain,Female,1994-09-21,Hyderabad,Telangana,Retired,Retail,421016.51,2019-06-08,Aadhya Jain
C01613,Sneha,Sharma,Female,1965-03-19,Noida,Uttar Pradesh,Student,Premium,1685535.1,2019-07-07,Sneha Sharma
C01614,Amit,Jain,Female,1976-03-21,Surat,Gujarat,Self Employed,SME,641562.5,2022-10-28,Amit Jain
C01615,Kabir,Kumar,Female,2004-10-24,Kolkata,West Bengal,Business Owner,Retail,3082906.85,2023-10-07,Kabir Kumar
C01616,Anaya,Reddy,Female,1979-03-04,Gurugram,Haryana,Business Owner,Premium,1011741.3,2018-07-13,Anaya Reddy
C01617,Anaya,Singh,Male,2003-07-09,Pune,Maharashtra,Salaried,Retail,308765.84,2019-04-02,Anaya Singh
C01618,Amit,Jain,Male,1972-03-23,Delhi,Delhi,Student,Wealth,856975.53,2022-12-01,Amit Jain
C01619,Sara,Kumar,Male,1973-04-22,Ahmedabad,Gujarat,Self Employed,Retail,742714.25,2024-03-23,Sara Kumar
C01620,Aarav,Malhotra,Male,1984-11-06,Kochi,Kerala,Salaried,SME,1106899.37,2024-10-21,Aarav Malhotra
C01621,Riya,Mehta,Female,1975-01-09,Ahmedabad,Gujarat,Freelancer,Retail,504884.79,2024-02-12,Riya Mehta
C01622,Ishaan,Sharma,Male,1969-05-20,Bhopal,Madhya Pradesh,Freelancer,SME,503602.46,2025-02-11,Ishaan Sharma
C01623,Ira,Patel,Female,1992-02-23,Mysuru,Karnataka,Business Owner,SME,552992.78,2019-12-07,Ira Patel
C01624,Rahul,Malhotra,Male,1976-05-22,Hyderabad,Telangana,Retired,Wealth,896086.89,2022-01-21,Rahul Malhotra
C01625,Aarav,Iyer,Male,1990-10-20,Bengaluru,Karnataka,Freelancer,Retail,680999.02,2024-09-06,Aarav Iyer
C01626,Anika,Chopra,Female,1969-09-15,Mysuru,Karnataka,Retired,Wealth,1348419.21,2023-12-02,Anika Chopra
C01627,Sara,Gupta,Female,1969-12-20,Bhopal,Madhya Pradesh,Student,Retail,482007.16,2025-08-21,Sara Gupta
C01628,Aadhya,Reddy,Male,1976-07-08,Delhi,Delhi,Business Owner,Retail,638774.93,2019-06-26,Aadhya Reddy
C01629,Pari,Gupta,Male,1995-11-08,Noida,Uttar Pradesh,Salaried,Premium,525210.34,2025-03-31,Pari Gupta
C01630,Priya,Agarwal,Male,1991-01-13,Kochi,Kerala,Freelancer,SME,445052.45,2024-06-25,Priya Agarwal
C01631,Vihaan,Verma,Male,1973-03-05,Kochi,Kerala,Retired,Retail,365809.47,2025-01-30,Vihaan Verma
C01632,Anika,Patel,Female,2002-09-26,Chandigarh,Chandigarh,Self Employed,Premium,1003107.87,2022-03-07,Anika Patel
C01633,Karan,Iyer,Male,1965-05-02,Ahmedabad,Gujarat,Freelancer,SME,354176.75,2018-12-15,Karan Iyer
C01634,Priya,Malhotra,Male,1992-01-26,Nagpur,Maharashtra,Self Employed,Retail,328103.63,2021-07-13,Priya Malhotra
C01635,Aarav,Kulkarni,Female,1986-10-11,Chennai,Tamil Nadu,Self Employed,SME,252000.0,2018-01-15,Aarav Kulkarni
C01636,Aarav,Verma,Female,1977-06-24,Kolkata,West Bengal,Student,Premium,747210.1,2025-06-30,Aarav Verma
C01637,Diya,Nair,Male,1987-05-03,Ahmedabad,Gujarat,Freelancer,Retail,830274.66,2019-01-05,Diya Nair
C01638,Rahul,Kapoor,Female,1978-01-26,Lucknow,Uttar Pradesh,Retired,Retail,335595.43,2023-04-07,Rahul Kapoor
C01639,Kiara,Malhotra,Male,1993-10-01,Pune,Maharashtra,Business Owner,Retail,475577.13,2024-03-19,Kiara Malhotra
C01640,Riya,Kulkarni,Male,1984-09-24,Delhi,Delhi,Retired,Premium,913027.03,2020-08-16,Riya Kulkarni
C01641,Ira,Jain,Male,1987-09-18,Kochi,Kerala,Business Owner,Retail,511329.46,2018-05-06,Ira Jain
C01642,Nisha,Chopra,Male,1997-07-06,Kolkata,West Bengal,Freelancer,Retail,939833.35,2024-09-01,Nisha Chopra
C01643,Kabir,Agarwal,Male,1968-01-03,Lucknow,Uttar Pradesh,Student,Retail,182458.65,2018-03-02,Kabir Agarwal
C01644,Aditya,Kulkarni,Female,1965-09-28,Chennai,Tamil Nadu,Business Owner,Retail,383045.15,2023-09-22,Aditya Kulkarni
C01645,Arjun,Jain,Female,1967-08-16,Coimbatore,Tamil Nadu,Student,Retail,798838.53,2024-10-02,Arjun Jain
C01646,Krishna,Patel,Female,1964-02-18,Gurugram,Haryana,Self Employed,Premium,1610381.77,2022-11-20,Krishna Patel
C01647,Aditya,Kulkarni,Male,1971-03-05,Hyderabad,Telangana,Freelancer,Premium,762468.97,2020-12-18,Aditya Kulkarni
C01648,Sara,Verma,Female,1977-03-04,Kolkata,West Bengal,Student,SME,504627.94,2023-09-03,Sara Verma
C01649,Aarav,Kapoor,Male,1960-10-05,Delhi,Delhi,Freelancer,Retail,884971.65,2018-07-23,Aarav Kapoor
C01650,Vivaan,Kulkarni,Male,2000-07-08,Bengaluru,Karnataka,Self Employed,SME,1171427.29,2019-07-12,Vivaan Kulkarni
C01651,Pooja,Reddy,Male,1990-03-17,Hyderabad,Telangana,Salaried,Retail,481298.51,2018-12-31,Pooja Reddy
C01652,Myra,Mehta,Male,1993-11-27,Indore,Madhya Pradesh,Self Employed,Retail,286813.41,2022-09-16,Myra Mehta
C01653,Vivaan,Patel,Male,1984-09-26,Bengaluru,Karnataka,Retired,Corporate,1671178.98,2022-03-03,Vivaan Patel
C01654,Kiara,Patel,Male,1999-03-28,Mumbai,Maharashtra,Freelancer,Retail,549170.92,2022-01-25,Kiara Patel
C01655,Anaya,Sharma,Male,1988-01-27,Lucknow,Uttar Pradesh,Student,Premium,391294.51,2020-11-16,Anaya Sharma
C01656,Ayaan,Singh,Female,1992-10-26,Bengaluru,Karnataka,Student,Retail,858445.23,2024-08-26,Ayaan Singh
C01657,Krishna,Jain,Male,1996-04-28,Kochi,Kerala,Student,SME,431190.52,2018-12-27,Krishna Jain
C01658,Reyansh,Patel,Male,1992-03-16,Chandigarh,Chandigarh,Business Owner,Retail,300546.58,2021-09-23,Reyansh Patel
C01659,Sai,Patel,Female,1969-06-25,Pune,Maharashtra,Business Owner,Premium,910812.64,2020-05-23,Sai Patel
C01660,Karan,Singh,Female,1988-05-17,Kolkata,West Bengal,Retired,Corporate,1543594.6,2018-09-05,Karan Singh
C01661,Anika,Mehta,Female,1977-09-14,Ahmedabad,Gujarat,Business Owner,Retail,407265.95,2024-01-29,Anika Mehta
C01662,Karan,Nair,Female,1972-09-10,Bhopal,Madhya Pradesh,Self Employed,Wealth,1062479.46,2024-01-22,Karan Nair
C01663,Vivaan,Chopra,Female,1981-06-02,Pune,Maharashtra,Student,Retail,411425.56,2024-12-14,Vivaan Chopra
C01664,Pooja,Sharma,Male,1982-02-12,Coimbatore,Tamil Nadu,Retired,Wealth,634555.32,2021-09-27,Pooja Sharma
C01665,Riya,Sharma,Male,1966-01-16,Coimbatore,Tamil Nadu,Business Owner,Premium,805617.05,2021-04-23,Riya Sharma
C01666,Aadhya,Mishra,Female,2003-07-02,Jaipur,Rajasthan,Self Employed,Premium,346566.6,2021-07-14,Aadhya Mishra
C01667,Anaya,Kapoor,Female,2004-02-22,Hyderabad,Telangana,Salaried,Retail,239876.62,2018-02-13,Anaya Kapoor
C01668,Pooja,Kumar,Female,1986-12-02,Gurugram,Haryana,Freelancer,Retail,277248.12,2025-09-12,Pooja Kumar
C01669,Vivaan,Jain,Male,1976-08-21,Nagpur,Maharashtra,Student,SME,473286.87,2025-11-24,Vivaan Jain
C01670,Aarav,Mehta,Male,1968-08-20,Noida,Uttar Pradesh,Salaried,Premium,910357.87,2018-02-09,Aarav Mehta
C01671,Reyansh,Kapoor,Male,1978-11-20,Ahmedabad,Gujarat,Salaried,Retail,227861.03,2021-02-10,Reyansh Kapoor
C01672,Amit,Nair,Male,1968-01-07,Kolkata,West Bengal,Salaried,Retail,451486.93,2024-02-02,Amit Nair
C01673,Riya,Mishra,Male,2000-10-04,Chennai,Tamil Nadu,Retired,Wealth,2666938.35,2022-01-11,Riya Mishra
C01674,Aditya,Verma,Male,1975-06-22,Kolkata,West Bengal,Student,Premium,472381.15,2023-06-18,Aditya Verma
C01675,Karan,Malhotra,Male,1996-01-21,Nagpur,Maharashtra,Salaried,Retail,1434765.32,2024-02-18,Karan Malhotra
C01676,Sara,Agarwal,Female,1988-08-09,Ahmedabad,Gujarat,Freelancer,Retail,564207.28,2025-08-18,Sara Agarwal
C01677,Diya,Mehta,Male,1973-11-07,Delhi,Delhi,Salaried,Premium,495104.63,2022-05-28,Diya Mehta
C01678,Reyansh,Kumar,Female,1989-07-25,Indore,Madhya Pradesh,Salaried,SME,382718.22,2018-10-26,Reyansh Kumar
C01679,Vihaan,Kulkarni,Female,1973-07-11,Indore,Madhya Pradesh,Self Employed,Retail,701504.36,2024-07-12,Vihaan Kulkarni
C01680,Sneha,Mehta,Female,2000-03-22,Pune,Maharashtra,Business Owner,SME,775345.17,2019-01-26,Sneha Mehta
C01681,Diya,Mehta,Male,1960-12-26,Bengaluru,Karnataka,Freelancer,Retail,352074.07,2024-01-25,Diya Mehta
C01682,Ayaan,Singh,Male,1986-09-09,Kochi,Kerala,Business Owner,Retail,233424.65,2025-08-10,Ayaan Singh
C01683,Anika,Kulkarni,Female,1989-06-25,Coimbatore,Tamil Nadu,Retired,SME,820405.4,2020-02-02,Anika Kulkarni
C01684,Vivaan,Mehta,Male,1970-10-24,Bengaluru,Karnataka,Student,Premium,730205.84,2025-07-11,Vivaan Mehta
C01685,Krishna,Kulkarni,Female,1960-12-05,Gurugram,Haryana,Salaried,Retail,373372.66,2025-10-17,Krishna Kulkarni
C01686,Aarav,Kumar,Male,1968-01-15,Chandigarh,Chandigarh,Student,Retail,180000.0,2025-11-08,Aarav Kumar
C01687,Karan,Agarwal,Male,1966-11-26,Gurugram,Haryana,Retired,Premium,936534.46,2024-06-04,Karan Agarwal
C01688,Ira,Bansal,Male,1960-11-12,Indore,Madhya Pradesh,Retired,Premium,604762.22,2022-03-02,Ira Bansal
C01689,Myra,Jain,Male,1995-09-03,Coimbatore,Tamil Nadu,Freelancer,Corporate,2239777.23,2025-09-30,Myra Jain
C01690,Anika,Mishra,Male,1984-09-17,Mysuru,Karnataka,Salaried,Retail,362908.22,2024-02-21,Anika Mishra
C01691,Ira,Reddy,Female,1998-03-17,Ahmedabad,Gujarat,Business Owner,SME,605134.31,2018-08-07,Ira Reddy
C01692,Sai,Malhotra,Male,1992-03-06,Mysuru,Karnataka,Retired,Premium,779060.05,2021-04-21,Sai Malhotra
C01693,Karan,Agarwal,Male,1968-11-27,Kochi,Kerala,Salaried,Wealth,2285263.56,2022-09-23,Karan Agarwal
C01694,Vivaan,Joshi,Male,1996-10-23,Kolkata,West Bengal,Business Owner,Retail,499669.92,2026-01-05,Vivaan Joshi
C01695,Arjun,Gupta,Male,1974-03-05,Delhi,Delhi,Business Owner,Premium,786490.34,2026-01-19,Arjun Gupta
C01696,Krishna,Chopra,Male,1962-03-17,Noida,Uttar Pradesh,Salaried,Retail,375905.25,2025-08-26,Krishna Chopra
C01697,Myra,Desai,Female,1982-12-26,Pune,Maharashtra,Retired,Premium,1656988.9,2019-01-29,Myra Desai
C01698,Riya,Patel,Female,1994-04-05,Chandigarh,Chandigarh,Freelancer,Corporate,1601452.53,2025-09-09,Riya Patel
C01699,Reyansh,Gupta,Male,1990-05-13,Bengaluru,Karnataka,Business Owner,SME,3567098.36,2020-10-12,Reyansh Gupta
C01700,Sneha,Joshi,Male,1977-02-20,Kochi,Kerala,Student,Retail,211732.85,2023-06-18,Sneha Joshi
C01701,Arjun,Patel,Female,1992-01-12,Mumbai,Maharashtra,Business Owner,Retail,292328.14,2022-01-21,Arjun Patel
C01702,Vivaan,Kulkarni,Female,1979-10-10,Pune,Maharashtra,Student,Corporate,1426153.89,2020-03-15,Vivaan Kulkarni
C01703,Kabir,Mishra,Female,1998-04-23,Chennai,Tamil Nadu,Self Employed,Retail,408747.25,2023-02-02,Kabir Mishra
C01704,Reyansh,Bansal,Male,1968-03-13,Noida,Uttar Pradesh,Freelancer,Retail,352868.56,2021-11-08,Reyansh Bansal
C01705,Ira,Verma,Female,2004-06-09,Kochi,Kerala,Retired,Premium,366904.1,2025-09-15,Ira Verma
C01706,Ishaan,Patel,Female,1966-12-20,Chandigarh,Chandigarh,Business Owner,SME,399835.32,2020-06-22,Ishaan Patel
C01707,Anika,Mehta,Male,1995-06-26,Noida,Uttar Pradesh,Self Employed,Retail,386725.44,2020-12-03,Anika Mehta
C01708,Rohan,Agarwal,Female,1962-12-08,Noida,Uttar Pradesh,Student,Retail,601453.65,2018-04-25,Rohan Agarwal
C01709,Anaya,Kulkarni,Female,1977-06-28,Kolkata,West Bengal,Retired,Retail,480312.3,2025-12-26,Anaya Kulkarni
C01710,Sara,Reddy,Female,2000-06-07,Hyderabad,Telangana,Student,Retail,299554.43,2026-03-02,Sara Reddy
C01711,Aditya,Kumar,Female,1992-07-26,Chandigarh,Chandigarh,Business Owner,Retail,301935.06,2022-02-24,Aditya Kumar
C01712,Aditya,Iyer,Male,1994-12-01,Mumbai,Maharashtra,Student,Premium,1404371.86,2024-09-06,Aditya Iyer
C01713,Vihaan,Mehta,Male,1980-06-19,Delhi,Delhi,Student,Retail,315687.93,2021-02-05,Vihaan Mehta
C01714,Ishaan,Verma,Female,1975-06-25,Delhi,Delhi,Freelancer,Premium,324000.0,2024-02-09,Ishaan Verma
C01715,Ishaan,Joshi,Male,1972-04-26,Nagpur,Maharashtra,Student,SME,470553.02,2024-05-09,Ishaan Joshi
C01716,Sara,Agarwal,Female,1974-11-25,Surat,Gujarat,Self Employed,Retail,737128.13,2019-08-05,Sara Agarwal
C01717,Diya,Reddy,Male,1965-06-24,Mysuru,Karnataka,Student,Retail,346238.7,2023-09-02,Diya Reddy
C01718,Vihaan,Jain,Male,1976-05-28,Jaipur,Rajasthan,Freelancer,Premium,1658540.39,2019-11-02,Vihaan Jain
C01719,Myra,Singh,Female,2004-09-14,Mumbai,Maharashtra,Student,Corporate,607461.07,2025-08-25,Myra Singh
C01720,Amit,Desai,Male,1986-04-07,Coimbatore,Tamil Nadu,Student,Retail,511040.91,2024-01-09,Amit Desai
C01721,Aarav,Singh,Female,1961-06-11,Bengaluru,Karnataka,Freelancer,Premium,931243.3,2019-12-31,Aarav Singh
C01722,Karan,Joshi,Female,1964-05-06,Delhi,Delhi,Retired,Retail,544154.57,2025-01-14,Karan Joshi
C01723,Diya,Singh,Female,1991-03-02,Bengaluru,Karnataka,Self Employed,Retail,208061.27,2026-01-31,Diya Singh
C01724,Ayaan,Desai,Male,1998-11-06,Mumbai,Maharashtra,Freelancer,Premium,1012499.98,2022-03-10,Ayaan Desai
C01725,Kabir,Kulkarni,Male,1982-11-22,Chandigarh,Chandigarh,Freelancer,Retail,327322.69,2024-11-27,Kabir Kulkarni
C01726,Neha,Mehta,Female,1993-10-20,Noida,Uttar Pradesh,Self Employed,Retail,180000.0,2019-06-14,Neha Mehta
C01727,Aditya,Verma,Female,1987-07-03,Lucknow,Uttar Pradesh,Salaried,Retail,1024328.08,2023-09-26,Aditya Verma
C01728,Sai,Joshi,Female,1984-10-16,Gurugram,Haryana,Salaried,Corporate,471965.38,2019-02-09,Sai Joshi
C01729,Rahul,Malhotra,Male,1991-02-05,Mumbai,Maharashtra,Retired,Retail,181814.77,2025-08-08,Rahul Malhotra
C01730,Rahul,Bansal,Female,2000-03-23,Kochi,Kerala,Retired,Retail,1220681.86,2020-11-23,Rahul Bansal
C01731,Reyansh,Singh,Male,1990-04-11,Ahmedabad,Gujarat,Self Employed,Retail,340452.76,2025-12-26,Reyansh Singh
C01732,Neha,Kumar,Male,1961-11-04,Bhopal,Madhya Pradesh,Freelancer,Corporate,2120242.76,2021-12-19,Neha Kumar
C01733,Nisha,Chopra,Male,1963-07-06,Ahmedabad,Gujarat,Freelancer,SME,280339.37,2026-02-05,Nisha Chopra
C01734,Rohan,Jain,Female,1975-02-28,Indore,Madhya Pradesh,Salaried,Premium,829586.05,2020-08-25,Rohan Jain
C01735,Vihaan,Malhotra,Female,1991-11-11,Mumbai,Maharashtra,Self Employed,Retail,479230.92,2018-02-25,Vihaan Malhotra
C01736,Rahul,Jain,Female,1974-07-06,Bengaluru,Karnataka,Student,Retail,540757.83,2018-09-17,Rahul Jain
C01737,Sai,Patel,Female,1977-08-02,Coimbatore,Tamil Nadu,Salaried,Retail,343543.09,2022-10-20,Sai Patel
C01738,Krishna,Sharma,Male,1964-02-19,Hyderabad,Telangana,Retired,Corporate,1242198.83,2026-01-31,Krishna Sharma
C01739,Sai,Verma,Female,1997-04-19,Ahmedabad,Gujarat,Salaried,Retail,474125.65,2019-07-16,Sai Verma
C01740,Priya,Jain,Male,1976-03-14,Mumbai,Maharashtra,Self Employed,Wealth,1572074.04,2026-03-05,Priya Jain
C01741,Kiara,Mishra,Female,1969-05-03,Bengaluru,Karnataka,Student,SME,813148.38,2023-12-19,Kiara Mishra
C01742,Aditya,Kumar,Female,2001-08-13,Nagpur,Maharashtra,Student,Retail,1001354.94,2023-06-05,Aditya Kumar
C01743,Amit,Sharma,Female,1965-10-25,Lucknow,Uttar Pradesh,Business Owner,Retail,401900.46,2025-10-19,Amit Sharma
C01744,Rahul,Joshi,Female,1993-09-20,Nagpur,Maharashtra,Self Employed,Retail,472183.89,2019-04-18,Rahul Joshi
C01745,Ira,Kapoor,Female,1965-11-25,Chandigarh,Chandigarh,Self Employed,Retail,367256.13,2020-08-13,Ira Kapoor
C01746,Aadhya,Reddy,Female,1969-01-06,Mysuru,Karnataka,Retired,Retail,732599.78,2025-03-06,Aadhya Reddy
C01747,Anika,Kulkarni,Female,1978-08-01,Jaipur,Rajasthan,Business Owner,Premium,353314.87,2021-06-20,Anika Kulkarni
C01748,Karan,Nair,Male,2002-07-16,Kochi,Kerala,Student,Retail,523278.62,2020-04-04,Karan Nair
C01749,Aarav,Bansal,Male,1982-07-23,Ahmedabad,Gujarat,Business Owner,Wealth,942212.85,2021-07-13,Aarav Bansal
C01750,Kiara,Mishra,Male,1990-04-02,Lucknow,Uttar Pradesh,Student,Premium,687014.14,2022-12-13,Kiara Mishra
C01751,Ayaan,Iyer,Male,1967-11-19,Bengaluru,Karnataka,Salaried,Premium,324000.0,2025-10-16,Ayaan Iyer
C01752,Ira,Kumar,Female,1997-08-24,Kolkata,West Bengal,Student,Retail,384633.91,2025-07-25,Ira Kumar
C01753,Karan,Agarwal,Female,1987-05-08,Noida,Uttar Pradesh,Retired,Wealth,3148589.01,2022-05-31,Karan Agarwal
C01754,Krishna,Nair,Male,1978-07-22,Kolkata,West Bengal,Business Owner,Retail,333071.79,2025-12-14,Krishna Nair
C01755,Ayaan,Mishra,Male,1964-05-20,Hyderabad,Telangana,Freelancer,Retail,521834.97,2020-11-24,Ayaan Mishra
C01756,Rohan,Malhotra,Male,1997-08-10,Hyderabad,Telangana,Self Employed,Retail,276505.25,2020-07-08,Rohan Malhotra
C01757,Karan,Joshi,Female,1997-06-17,Pune,Maharashtra,Salaried,Retail,535112.05,2020-10-17,Karan Joshi
C01758,Vihaan,Jain,Male,1966-01-25,Gurugram,Haryana,Student,Premium,324000.0,2021-08-31,Vihaan Jain
C01759,Anaya,Jain,Male,1993-06-07,Chennai,Tamil Nadu,Self Employed,Retail,619732.9,2018-06-02,Anaya Jain
C01760,Karan,Patel,Male,1960-01-10,Lucknow,Uttar Pradesh,Freelancer,Retail,403890.68,2024-11-07,Karan Patel
C01761,Diya,Agarwal,Female,1996-01-27,Lucknow,Uttar Pradesh,Self Employed,Retail,341362.02,2021-09-16,Diya Agarwal
C01762,Kiara,Patel,Male,1981-11-22,Nagpur,Maharashtra,Salaried,SME,1657463.02,2020-12-05,Kiara Patel
C01763,Aditya,Patel,Male,1995-05-07,Kolkata,West Bengal,Retired,Retail,338989.55,2024-03-05,Aditya Patel
C01764,Karan,Singh,Male,1963-04-10,Kolkata,West Bengal,Self Employed,SME,378389.2,2020-03-09,Karan Singh
C01765,Ishaan,Mehta,Female,1989-05-06,Chennai,Tamil Nadu,Freelancer,Retail,324847.45,2024-07-01,Ishaan Mehta
C01766,Anika,Sharma,Male,1992-12-23,Surat,Gujarat,Retired,Premium,1575365.45,2025-04-21,Anika Sharma
C01767,Aditya,Kulkarni,Female,1969-10-28,Coimbatore,Tamil Nadu,Self Employed,Retail,397021.47,2018-06-03,Aditya Kulkarni
C01768,Diya,Verma,Male,1973-06-02,Chennai,Tamil Nadu,Self Employed,Retail,521964.78,2024-04-09,Diya Verma
C01769,Priya,Kumar,Male,1977-07-13,Chandigarh,Chandigarh,Self Employed,Retail,411132.29,2019-07-01,Priya Kumar
C01770,Aadhya,Kapoor,Male,1969-10-26,Bhopal,Madhya Pradesh,Self Employed,Retail,297605.47,2020-04-17,Aadhya Kapoor
C01771,Pooja,Gupta,Female,1974-01-08,Mumbai,Maharashtra,Student,Retail,378969.85,2022-02-04,Pooja Gupta
C01772,Rahul,Iyer,Male,1988-07-05,Mumbai,Maharashtra,Freelancer,Corporate,1140545.6,2018-08-21,Rahul Iyer
C01773,Sara,Kumar,Male,1977-11-12,Gurugram,Haryana,Salaried,Retail,475158.85,2020-06-06,Sara Kumar
C01774,Sneha,Kapoor,Male,1968-01-05,Hyderabad,Telangana,Salaried,Retail,212479.74,2023-02-04,Sneha Kapoor
C01775,Myra,Bansal,Female,1970-11-26,Gurugram,Haryana,Freelancer,Retail,225411.87,2024-02-17,Myra Bansal
C01776,Kiara,Gupta,Male,1966-08-21,Jaipur,Rajasthan,Business Owner,Premium,775985.02,2018-07-24,Kiara Gupta
C01777,Sneha,Jain,Male,1983-11-18,Ahmedabad,Gujarat,Business Owner,Retail,829220.86,2023-09-03,Sneha Jain
C01778,Neha,Iyer,Female,1971-03-11,Bengaluru,Karnataka,Student,Premium,1584550.33,2023-12-27,Neha Iyer
C01779,Kabir,Joshi,Female,1976-09-24,Chennai,Tamil Nadu,Retired,Corporate,2209863.28,2018-11-09,Kabir Joshi
C01780,Ira,Verma,Male,1966-03-03,Gurugram,Haryana,Freelancer,Retail,180000.0,2021-11-20,Ira Verma
C01781,Neha,Verma,Male,1986-12-20,Kochi,Kerala,Retired,Retail,859947.94,2019-09-11,Neha Verma
C01782,Anaya,Gupta,Female,1966-10-20,Kolkata,West Bengal,Salaried,Premium,995536.58,2019-12-09,Anaya Gupta
C01783,Sai,Kumar,Male,1969-08-13,Gurugram,Haryana,Business Owner,Corporate,570821.9,2021-03-30,Sai Kumar
C01784,Krishna,Kapoor,Female,1969-02-13,Delhi,Delhi,Self Employed,Retail,756698.8,2020-03-10,Krishna Kapoor
C01785,Myra,Sharma,Female,2004-09-27,Mumbai,Maharashtra,Retired,Retail,836311.81,2023-10-26,Myra Sharma
C01786,Sneha,Kumar,Male,1992-10-19,Indore,Madhya Pradesh,Business Owner,SME,261966.89,2024-11-19,Sneha Kumar
C01787,Sneha,Kulkarni,Female,1992-11-12,Ahmedabad,Gujarat,Business Owner,Retail,637665.98,2024-12-30,Sneha Kulkarni
C01788,Krishna,Kumar,Female,1985-07-21,Gurugram,Haryana,Student,Premium,1174127.69,2023-04-27,Krishna Kumar
C01789,Arjun,Mishra,Male,1970-03-12,Coimbatore,Tamil Nadu,Salaried,Premium,647022.46,2025-05-03,Arjun Mishra
C01790,Karan,Bansal,Male,1996-12-06,Kolkata,West Bengal,Salaried,Retail,355900.65,2019-09-14,Karan Bansal
C01791,Ayaan,Kulkarni,Male,1980-06-25,Nagpur,Maharashtra,Freelancer,Premium,880348.25,2022-08-01,Ayaan Kulkarni
C01792,Krishna,Mishra,Male,1999-12-10,Gurugram,Haryana,Freelancer,Premium,668762.6,2025-07-02,Krishna Mishra
C01793,Amit,Verma,Male,1981-02-07,Kochi,Kerala,Business Owner,Retail,180000.0,2024-06-08,Amit Verma
C01794,Rohan,Gupta,Female,1974-12-28,Kochi,Kerala,Retired,Retail,372719.45,2019-09-22,Rohan Gupta
C01795,Vihaan,Kapoor,Male,1994-07-18,Surat,Gujarat,Retired,Retail,184600.42,2021-08-31,Vihaan Kapoor
C01796,Vivaan,Chopra,Male,1995-09-02,Hyderabad,Telangana,Retired,Retail,1172952.86,2023-08-21,Vivaan Chopra
C01797,Amit,Chopra,Female,1988-11-17,Indore,Madhya Pradesh,Business Owner,Retail,850430.84,2022-06-24,Amit Chopra
C01798,Vihaan,Mishra,Male,1967-10-14,Chennai,Tamil Nadu,Freelancer,Premium,365066.39,2022-11-22,Vihaan Mishra
C01799,Ishaan,Kumar,Female,1971-02-07,Delhi,Delhi,Retired,Retail,363698.35,2020-06-07,Ishaan Kumar
C01800,Priya,Gupta,Male,1978-12-16,Mysuru,Karnataka,Student,SME,1541202.15,2024-11-24,Priya Gupta
C01801,Neha,Agarwal,Male,1969-07-19,Jaipur,Rajasthan,Freelancer,Premium,1484473.57,2019-10-21,Neha Agarwal
C01802,Pooja,Kumar,Male,2004-04-04,Bhopal,Madhya Pradesh,Salaried,Corporate,873033.19,2018-01-23,Pooja Kumar
C01803,Priya,Gupta,Male,1972-12-06,Kolkata,West Bengal,Business Owner,Retail,274034.04,2025-01-31,Priya Gupta
C01804,Neha,Sharma,Female,1980-03-09,Pune,Maharashtra,Retired,Retail,458783.21,2025-09-23,Neha Sharma
C01805,Vivaan,Kulkarni,Female,1986-10-06,Gurugram,Haryana,Retired,Premium,931504.34,2025-10-27,Vivaan Kulkarni
C01806,Priya,Malhotra,Male,1970-08-25,Surat,Gujarat,Retired,Retail,323691.15,2024-11-01,Priya Malhotra
C01807,Ira,Iyer,Male,2003-04-07,Ahmedabad,Gujarat,Freelancer,SME,438694.14,2024-01-31,Ira Iyer
C01808,Amit,Gupta,Male,1971-07-15,Ahmedabad,Gujarat,Salaried,Retail,404541.03,2020-02-17,Amit Gupta
C01809,Priya,Agarwal,Male,2002-09-26,Delhi,Delhi,Business Owner,Retail,180000.0,2020-02-05,Priya Agarwal
C01810,Amit,Sharma,Female,1998-12-28,Jaipur,Rajasthan,Student,Retail,410527.83,2023-07-13,Amit Sharma
C01811,Pari,Kumar,Male,1966-11-02,Ahmedabad,Gujarat,Freelancer,Retail,536862.42,2024-01-14,Pari Kumar
C01812,Myra,Mishra,Female,1966-11-27,Bhopal,Madhya Pradesh,Student,Retail,867428.93,2019-04-24,Myra Mishra
C01813,Anika,Mehta,Female,1992-12-04,Jaipur,Rajasthan,Business Owner,Retail,545604.83,2025-05-30,Anika Mehta
C01814,Neha,Chopra,Female,1971-12-22,Indore,Madhya Pradesh,Business Owner,Retail,946766.28,2025-10-21,Neha Chopra
C01815,Vihaan,Singh,Female,1994-07-25,Ahmedabad,Gujarat,Student,Retail,1005175.94,2020-04-16,Vihaan Singh
C01816,Ayaan,Mishra,Female,1999-09-19,Chennai,Tamil Nadu,Freelancer,Premium,1525682.77,2022-11-18,Ayaan Mishra
C01817,Myra,Reddy,Female,1988-12-10,Mumbai,Maharashtra,Self Employed,SME,749633.5,2024-12-03,Myra Reddy
C01818,Sara,Sharma,Male,1987-10-10,Surat,Gujarat,Retired,Retail,379363.25,2024-09-04,Sara Sharma
C01819,Priya,Kapoor,Female,1979-11-22,Jaipur,Rajasthan,Student,Retail,528345.05,2021-02-03,Priya Kapoor
C01820,Kiara,Kulkarni,Male,1992-04-26,Bengaluru,Karnataka,Business Owner,Premium,800737.36,2023-02-21,Kiara Kulkarni
C01821,Vihaan,Chopra,Female,2000-06-07,Bhopal,Madhya Pradesh,Retired,Retail,661013.44,2023-12-27,Vihaan Chopra
C01822,Ira,Chopra,Male,1976-05-11,Mumbai,Maharashtra,Business Owner,Retail,593431.12,2019-12-02,Ira Chopra
C01823,Ishaan,Malhotra,Male,1962-03-13,Mysuru,Karnataka,Salaried,Retail,414727.76,2024-02-08,Ishaan Malhotra
C01824,Aarav,Malhotra,Male,1977-09-27,Gurugram,Haryana,Freelancer,Retail,480436.9,2018-06-18,Aarav Malhotra
C01825,Pooja,Jain,Female,1990-05-22,Coimbatore,Tamil Nadu,Freelancer,SME,702841.1,2019-03-11,Pooja Jain
C01826,Amit,Chopra,Male,1982-07-28,Kochi,Kerala,Retired,Retail,810857.0,2024-09-09,Amit Chopra
C01827,Vihaan,Malhotra,Female,2001-04-01,Kolkata,West Bengal,Retired,SME,1239304.99,2020-02-24,Vihaan Malhotra
C01828,Vivaan,Agarwal,Female,1994-11-28,Jaipur,Rajasthan,Freelancer,SME,435456.99,2018-03-21,Vivaan Agarwal
C01829,Vihaan,Joshi,Female,1993-08-06,Mysuru,Karnataka,Business Owner,Retail,508669.19,2025-09-18,Vihaan Joshi
C01830,Vivaan,Chopra,Female,1963-04-09,Mysuru,Karnataka,Business Owner,SME,262335.68,2025-06-17,Vivaan Chopra
C01831,Vivaan,Chopra,Male,1987-09-13,Coimbatore,Tamil Nadu,Self Employed,SME,522679.82,2019-04-24,Vivaan Chopra
C01832,Kiara,Kumar,Male,1982-10-20,Coimbatore,Tamil Nadu,Self Employed,Retail,429014.48,2019-05-27,Kiara Kumar
C01833,Myra,Sharma,Female,1960-06-08,Chandigarh,Chandigarh,Student,Retail,643771.53,2021-06-12,Myra Sharma
C01834,Ayaan,Mishra,Female,1984-05-18,Indore,Madhya Pradesh,Business Owner,Retail,679526.1,2019-12-01,Ayaan Mishra
C01835,Arjun,Nair,Female,1974-09-08,Mysuru,Karnataka,Freelancer,Retail,437484.97,2021-11-25,Arjun Nair
C01836,Rohan,Kumar,Male,1966-03-23,Noida,Uttar Pradesh,Salaried,SME,901650.96,2026-01-16,Rohan Kumar
C01837,Amit,Reddy,Male,1975-11-05,Indore,Madhya Pradesh,Retired,Premium,764305.78,2021-11-20,Amit Reddy
C01838,Rohan,Nair,Male,1980-12-22,Kochi,Kerala,Freelancer,Retail,361524.29,2021-11-19,Rohan Nair
C01839,Riya,Patel,Female,1980-02-13,Delhi,Delhi,Salaried,Retail,444344.04,2018-08-13,Riya Patel
C01840,Krishna,Kulkarni,Female,1963-09-28,Coimbatore,Tamil Nadu,Business Owner,Premium,577141.09,2021-01-07,Krishna Kulkarni
C01841,Priya,Agarwal,Female,1974-06-21,Indore,Madhya Pradesh,Salaried,Retail,637855.87,2023-03-05,Priya Agarwal
C01842,Krishna,Nair,Male,1982-10-10,Mysuru,Karnataka,Salaried,Premium,1840640.15,2021-09-27,Krishna Nair
C01843,Kiara,Patel,Male,1991-09-18,Lucknow,Uttar Pradesh,Freelancer,Retail,239994.08,2020-04-03,Kiara Patel
C01844,Sara,Agarwal,Male,2001-09-20,Lucknow,Uttar Pradesh,Retired,Wealth,1235735.25,2018-10-07,Sara Agarwal
C01845,Aditya,Iyer,Male,1971-08-18,Kolkata,West Bengal,Salaried,Retail,404358.52,2022-12-29,Aditya Iyer
C01846,Ira,Verma,Male,1986-06-27,Chennai,Tamil Nadu,Retired,Premium,731905.9,2024-05-01,Ira Verma
C01847,Sara,Patel,Female,1982-07-22,Mysuru,Karnataka,Student,Retail,180000.0,2022-04-01,Sara Patel
C01848,Riya,Kapoor,Female,1997-07-19,Gurugram,Haryana,Student,SME,872568.9,2025-01-20,Riya Kapoor
C01849,Neha,Verma,Male,1976-06-02,Surat,Gujarat,Salaried,Premium,1116558.74,2023-12-21,Neha Verma
C01850,Anaya,Kumar,Male,1995-06-16,Chandigarh,Chandigarh,Freelancer,Retail,1193650.01,2018-12-15,Anaya Kumar
C01851,Ishaan,Chopra,Female,1998-07-22,Kochi,Kerala,Freelancer,Retail,700858.56,2023-10-09,Ishaan Chopra
C01852,Myra,Kapoor,Female,1979-10-25,Bhopal,Madhya Pradesh,Student,SME,1423097.98,2019-12-01,Myra Kapoor
C01853,Arjun,Agarwal,Male,1983-08-11,Kochi,Kerala,Retired,Premium,1045937.9,2018-07-30,Arjun Agarwal
C01854,Rohan,Patel,Male,1969-02-15,Gurugram,Haryana,Business Owner,Corporate,901909.8,2023-12-07,Rohan Patel
C01855,Aarav,Iyer,Female,1972-11-20,Kochi,Kerala,Business Owner,SME,589475.63,2021-09-08,Aarav Iyer
C01856,Aadhya,Agarwal,Male,1977-04-14,Mysuru,Karnataka,Salaried,Retail,926909.81,2020-01-17,Aadhya Agarwal
C01857,Anika,Gupta,Male,2000-01-07,Noida,Uttar Pradesh,Retired,Retail,339743.35,2020-10-03,Anika Gupta
C01858,Nisha,Sharma,Male,1991-09-03,Chandigarh,Chandigarh,Salaried,Retail,1118685.28,2022-12-29,Nisha Sharma
C01859,Kiara,Kapoor,Male,1996-01-12,Jaipur,Rajasthan,Self Employed,Retail,488426.76,2022-03-11,Kiara Kapoor
C01860,Pooja,Kulkarni,Male,2000-11-11,Bengaluru,Karnataka,Freelancer,Corporate,1010052.38,2021-07-28,Pooja Kulkarni
C01861,Ayaan,Kapoor,Male,1968-11-13,Noida,Uttar Pradesh,Salaried,Retail,575282.36,2020-10-15,Ayaan Kapoor
C01862,Vihaan,Mehta,Female,1968-10-16,Kochi,Kerala,Salaried,Retail,541223.32,2024-06-08,Vihaan Mehta
C01863,Anaya,Verma,Male,2004-09-11,Pune,Maharashtra,Business Owner,SME,767223.3,2020-05-19,Anaya Verma
C01864,Amit,Chopra,Male,1973-07-03,Jaipur,Rajasthan,Student,SME,642556.81,2018-11-20,Amit Chopra
C01865,Diya,Mehta,Male,2004-06-17,Noida,Uttar Pradesh,Freelancer,Premium,703579.72,2018-01-30,Diya Mehta
C01866,Diya,Nair,Female,1994-06-28,Coimbatore,Tamil Nadu,Freelancer,Wealth,2336579.52,2020-10-05,Diya Nair
C01867,Pari,Kumar,Female,2001-06-28,Bengaluru,Karnataka,Business Owner,Retail,333451.57,2019-04-19,Pari Kumar
C01868,Arjun,Agarwal,Male,1984-05-08,Mysuru,Karnataka,Student,Retail,527683.18,2023-06-15,Arjun Agarwal
C01869,Anaya,Mehta,Female,1989-01-28,Gurugram,Haryana,Self Employed,Retail,562460.84,2023-11-05,Anaya Mehta
C01870,Vivaan,Gupta,Female,1984-05-09,Bengaluru,Karnataka,Business Owner,Retail,614610.3,2025-02-12,Vivaan Gupta
C01871,Krishna,Verma,Female,1981-09-28,Noida,Uttar Pradesh,Salaried,SME,1210034.59,2018-06-03,Krishna Verma
C01872,Krishna,Singh,Female,2002-09-18,Noida,Uttar Pradesh,Student,Retail,437352.11,2020-05-04,Krishna Singh
C01873,Myra,Gupta,Male,1968-09-28,Surat,Gujarat,Retired,Retail,653469.44,2021-07-22,Myra Gupta
C01874,Krishna,Mishra,Male,1961-10-14,Noida,Uttar Pradesh,Retired,Premium,340096.81,2019-12-13,Krishna Mishra
C01875,Amit,Reddy,Female,1992-09-25,Gurugram,Haryana,Business Owner,SME,1438840.59,2019-04-04,Amit Reddy
C01876,Myra,Reddy,Male,1981-09-24,Lucknow,Uttar Pradesh,Salaried,SME,315329.87,2025-03-13,Myra Reddy
C01877,Ira,Agarwal,Male,1995-09-04,Surat,Gujarat,Retired,Corporate,771543.52,2023-07-15,Ira Agarwal
C01878,Pooja,Mehta,Male,1995-08-15,Noida,Uttar Pradesh,Student,Premium,606500.86,2021-03-09,Pooja Mehta
C01879,Ira,Bansal,Male,1988-01-27,Indore,Madhya Pradesh,Self Employed,Retail,839735.37,2024-02-11,Ira Bansal
C01880,Sai,Mehta,Male,1985-03-12,Delhi,Delhi,Retired,Retail,230638.53,2018-05-23,Sai Mehta
C01881,Vivaan,Jain,Female,1988-08-05,Kolkata,West Bengal,Salaried,Retail,574167.43,2024-05-03,Vivaan Jain
C01882,Aditya,Verma,Female,1970-05-12,Noida,Uttar Pradesh,Freelancer,Wealth,769006.11,2024-11-28,Aditya Verma
C01883,Aadhya,Reddy,Female,1966-11-05,Chennai,Tamil Nadu,Self Employed,Retail,471881.71,2020-01-21,Aadhya Reddy
C01884,Aarav,Reddy,Male,1983-02-16,Gurugram,Haryana,Self Employed,SME,870152.26,2022-09-14,Aarav Reddy
C01885,Ira,Bansal,Male,1966-09-27,Mysuru,Karnataka,Freelancer,Premium,423652.12,2022-04-12,Ira Bansal
C01886,Sai,Verma,Male,1963-08-01,Noida,Uttar Pradesh,Salaried,Retail,324228.21,2018-05-11,Sai Verma
C01887,Pari,Desai,Male,1981-04-13,Chandigarh,Chandigarh,Student,SME,563948.91,2024-02-06,Pari Desai
C01888,Vihaan,Jain,Male,1961-01-11,Nagpur,Maharashtra,Self Employed,Retail,489948.69,2021-09-28,Vihaan Jain
C01889,Amit,Verma,Female,1960-01-26,Nagpur,Maharashtra,Self Employed,Retail,498579.34,2019-10-19,Amit Verma
C01890,Sara,Patel,Female,1966-04-18,Bengaluru,Karnataka,Student,SME,790466.47,2019-08-07,Sara Patel
C01891,Sneha,Gupta,Female,1967-01-26,Gurugram,Haryana,Salaried,SME,1693620.54,2024-05-21,Sneha Gupta
C01892,Kiara,Verma,Male,1995-02-16,Gurugram,Haryana,Self Employed,SME,582432.63,2021-05-20,Kiara Verma
C01893,Pari,Reddy,Male,1968-03-12,Chennai,Tamil Nadu,Self Employed,Retail,366060.83,2026-03-20,Pari Reddy
C01894,Nisha,Kumar,Female,1997-05-10,Mumbai,Maharashtra,Retired,Corporate,704524.94,2018-04-03,Nisha Kumar
C01895,Karan,Singh,Female,2003-03-14,Noida,Uttar Pradesh,Student,Premium,683348.27,2018-11-20,Karan Singh
C01896,Neha,Desai,Female,1998-05-24,Jaipur,Rajasthan,Salaried,Premium,572058.25,2022-04-15,Neha Desai
C01897,Aditya,Kumar,Female,1968-02-04,Pune,Maharashtra,Retired,Premium,1247600.88,2022-07-16,Aditya Kumar
C01898,Karan,Agarwal,Female,1998-09-14,Chennai,Tamil Nadu,Self Employed,Retail,569790.79,2020-05-26,Karan Agarwal
C01899,Aarav,Agarwal,Male,1984-01-01,Jaipur,Rajasthan,Student,Retail,296443.33,2025-05-16,Aarav Agarwal
C01900,Pari,Singh,Male,1965-10-04,Kochi,Kerala,Student,Premium,778171.03,2021-05-16,Pari Singh
C01901,Pooja,Singh,Male,1963-07-19,Pune,Maharashtra,Business Owner,Corporate,474653.65,2020-08-01,Pooja Singh
C01902,Ira,Kumar,Male,1994-05-17,Hyderabad,Telangana,Self Employed,Retail,180000.0,2024-06-09,Ira Kumar
C01903,Rohan,Singh,Male,1986-06-09,Bhopal,Madhya Pradesh,Business Owner,Retail,180000.0,2021-09-08,Rohan Singh
C01904,Neha,Chopra,Female,1973-04-01,Mumbai,Maharashtra,Self Employed,Retail,316537.98,2024-08-28,Neha Chopra
C01905,Aditya,Gupta,Female,1999-01-01,Mysuru,Karnataka,Salaried,Retail,600246.48,2022-07-22,Aditya Gupta
C01906,Kabir,Singh,Male,1961-10-28,Mumbai,Maharashtra,Self Employed,SME,398416.68,2025-09-08,Kabir Singh
C01907,Neha,Mishra,Male,1972-08-24,Indore,Madhya Pradesh,Student,SME,708757.28,2018-02-06,Neha Mishra
C01908,Sara,Reddy,Female,1981-05-18,Kochi,Kerala,Self Employed,Wealth,2851139.1,2018-06-16,Sara Reddy
C01909,Ayaan,Mehta,Female,1961-10-27,Pune,Maharashtra,Salaried,SME,696141.71,2019-02-01,Ayaan Mehta
C01910,Neha,Reddy,Female,1988-02-04,Lucknow,Uttar Pradesh,Retired,Retail,583824.45,2019-08-03,Neha Reddy
C01911,Aarav,Patel,Female,1979-03-01,Nagpur,Maharashtra,Self Employed,Retail,180000.0,2021-08-19,Aarav Patel
C01912,Pari,Reddy,Female,1977-07-14,Lucknow,Uttar Pradesh,Student,Retail,506330.18,2022-12-14,Pari Reddy
C01913,Aarav,Singh,Male,1963-02-02,Delhi,Delhi,Freelancer,Premium,429467.33,2023-09-08,Aarav Singh
C01914,Aarav,Singh,Female,1968-11-08,Delhi,Delhi,Self Employed,Retail,653912.54,2018-05-18,Aarav Singh
C01915,Diya,Joshi,Female,1982-09-03,Bhopal,Madhya Pradesh,Business Owner,Retail,382512.05,2019-10-17,Diya Joshi
C01916,Amit,Malhotra,Male,1982-08-01,Lucknow,Uttar Pradesh,Retired,Retail,180000.0,2025-11-12,Amit Malhotra
C01917,Vihaan,Verma,Male,1966-09-04,Coimbatore,Tamil Nadu,Student,Premium,3394273.1,2024-09-30,Vihaan Verma
C01918,Myra,Patel,Male,1974-01-09,Gurugram,Haryana,Salaried,Retail,499621.03,2026-02-11,Myra Patel
C01919,Diya,Patel,Male,1972-03-19,Gurugram,Haryana,Salaried,Corporate,1960938.47,2025-05-06,Diya Patel
C01920,Anaya,Mehta,Female,1994-12-12,Hyderabad,Telangana,Business Owner,Retail,655608.49,2022-04-13,Anaya Mehta
C01921,Ayaan,Nair,Female,1979-11-06,Pune,Maharashtra,Salaried,SME,1347083.65,2019-03-15,Ayaan Nair
C01922,Kabir,Joshi,Female,1965-06-08,Chandigarh,Chandigarh,Student,Retail,441146.66,2019-09-02,Kabir Joshi
C01923,Anaya,Gupta,Male,1975-06-18,Hyderabad,Telangana,Student,Wealth,1380288.57,2025-06-29,Anaya Gupta
C01924,Aadhya,Desai,Female,1985-08-01,Gurugram,Haryana,Self Employed,Retail,1336488.64,2019-06-17,Aadhya Desai
C01925,Ira,Reddy,Female,1964-10-15,Hyderabad,Telangana,Student,SME,512452.28,2023-03-29,Ira Reddy
C01926,Sneha,Agarwal,Female,2002-03-19,Bengaluru,Karnataka,Retired,Retail,180000.0,2024-05-05,Sneha Agarwal
C01927,Kiara,Chopra,Male,1979-03-05,Indore,Madhya Pradesh,Salaried,Retail,340425.23,2019-09-10,Kiara Chopra
C01928,Sai,Desai,Female,1981-11-14,Bengaluru,Karnataka,Retired,SME,920962.11,2019-12-06,Sai Desai
C01929,Amit,Gupta,Male,1985-11-23,Mumbai,Maharashtra,Freelancer,Retail,180000.0,2025-12-19,Amit Gupta
C01930,Aarav,Bansal,Male,1991-04-18,Chandigarh,Chandigarh,Business Owner,Premium,841264.87,2020-07-12,Aarav Bansal
C01931,Sai,Patel,Female,2003-10-26,Coimbatore,Tamil Nadu,Retired,Retail,900229.23,2022-09-16,Sai Patel
C01932,Vihaan,Gupta,Male,1961-07-13,Kochi,Kerala,Self Employed,Retail,657561.4,2019-01-09,Vihaan Gupta
C01933,Sai,Mehta,Male,1983-05-07,Gurugram,Haryana,Salaried,Premium,324000.0,2025-12-10,Sai Mehta
C01934,Ayaan,Jain,Male,1963-05-20,Ahmedabad,Gujarat,Salaried,Corporate,999375.54,2026-01-01,Ayaan Jain
C01935,Rahul,Kapoor,Male,1984-01-02,Bhopal,Madhya Pradesh,Salaried,Retail,225582.33,2019-01-02,Rahul Kapoor
C01936,Sara,Gupta,Female,1962-01-07,Hyderabad,Telangana,Freelancer,Retail,180000.0,2024-03-22,Sara Gupta
C01937,Amit,Verma,Female,1962-12-04,Surat,Gujarat,Salaried,SME,382775.61,2024-07-11,Amit Verma
C01938,Myra,Iyer,Male,2000-08-27,Chennai,Tamil Nadu,Business Owner,Retail,504617.49,2023-12-12,Myra Iyer
C01939,Rahul,Kulkarni,Male,1967-01-16,Gurugram,Haryana,Student,SME,733586.41,2019-07-18,Rahul Kulkarni
C01940,Kiara,Sharma,Male,1998-01-23,Jaipur,Rajasthan,Retired,Retail,236471.46,2023-04-10,Kiara Sharma
C01941,Aadhya,Reddy,Female,1968-04-22,Delhi,Delhi,Student,Premium,1548615.71,2019-05-10,Aadhya Reddy
C01942,Nisha,Sharma,Male,1972-08-11,Kochi,Kerala,Business Owner,SME,659633.28,2024-02-19,Nisha Sharma
C01943,Ira,Verma,Male,2003-12-23,Mumbai,Maharashtra,Self Employed,Retail,730896.22,2025-04-21,Ira Verma
C01944,Vivaan,Chopra,Female,2002-05-07,Hyderabad,Telangana,Retired,Corporate,1608105.27,2021-12-14,Vivaan Chopra
C01945,Rohan,Desai,Male,1976-07-22,Jaipur,Rajasthan,Student,Retail,366601.64,2024-12-13,Rohan Desai
C01946,Ishaan,Singh,Female,1975-10-28,Mysuru,Karnataka,Salaried,Wealth,720116.55,2018-01-19,Ishaan Singh
C01947,Nisha,Kumar,Female,1960-04-07,Indore,Madhya Pradesh,Self Employed,Retail,807805.04,2025-11-18,Nisha Kumar
C01948,Ishaan,Agarwal,Male,1999-09-28,Mysuru,Karnataka,Self Employed,Retail,209474.06,2018-04-07,Ishaan Agarwal
C01949,Pooja,Desai,Female,1979-02-24,Mumbai,Maharashtra,Freelancer,Retail,825230.1,2021-04-06,Pooja Desai
C01950,Ishaan,Malhotra,Male,1975-04-22,Ahmedabad,Gujarat,Salaried,SME,727717.2,2018-01-13,Ishaan Malhotra
C01951,Arjun,Jain,Female,1961-02-25,Coimbatore,Tamil Nadu,Salaried,Retail,441663.59,2021-08-03,Arjun Jain
C01952,Ayaan,Kapoor,Female,1975-09-11,Indore,Madhya Pradesh,Retired,Retail,370115.11,2023-08-01,Ayaan Kapoor
C01953,Pooja,Chopra,Male,1966-06-12,Bhopal,Madhya Pradesh,Self Employed,Retail,494255.95,2021-04-25,Pooja Chopra
C01954,Myra,Kulkarni,Male,1987-12-27,Chennai,Tamil Nadu,Salaried,Wealth,2069461.41,2022-01-06,Myra Kulkarni
C01955,Vihaan,Desai,Female,1988-02-01,Bengaluru,Karnataka,Business Owner,Retail,193257.88,2025-04-25,Vihaan Desai
C01956,Vihaan,Jain,Female,1994-11-25,Indore,Madhya Pradesh,Business Owner,Retail,521993.67,2020-07-23,Vihaan Jain
C01957,Priya,Iyer,Female,1961-03-15,Bhopal,Madhya Pradesh,Freelancer,Retail,248422.7,2020-01-12,Priya Iyer
C01958,Rohan,Agarwal,Female,1963-03-19,Ahmedabad,Gujarat,Self Employed,Retail,180000.0,2023-01-21,Rohan Agarwal
C01959,Krishna,Singh,Male,1995-09-27,Gurugram,Haryana,Student,Retail,212186.18,2025-04-27,Krishna Singh
C01960,Pooja,Malhotra,Female,2003-04-05,Ahmedabad,Gujarat,Student,Retail,291138.48,2022-09-07,Pooja Malhotra
C01961,Rahul,Jain,Male,1982-10-05,Delhi,Delhi,Student,Retail,488202.9,2025-07-14,Rahul Jain
C01962,Vivaan,Iyer,Female,1976-09-17,Mumbai,Maharashtra,Self Employed,Wealth,1485206.55,2020-11-29,Vivaan Iyer
C01963,Pooja,Patel,Female,1982-01-22,Mumbai,Maharashtra,Retired,Retail,417692.15,2023-01-15,Pooja Patel
C01964,Myra,Verma,Female,1976-01-11,Surat,Gujarat,Retired,Retail,549806.88,2024-09-04,Myra Verma
C01965,Ayaan,Agarwal,Female,1991-12-11,Jaipur,Rajasthan,Self Employed,Retail,802584.72,2020-01-12,Ayaan Agarwal
C01966,Vivaan,Kumar,Male,1973-07-24,Indore,Madhya Pradesh,Freelancer,SME,587426.1,2019-08-27,Vivaan Kumar
C01967,Nisha,Jain,Female,1966-02-25,Indore,Madhya Pradesh,Retired,Retail,419652.08,2019-05-10,Nisha Jain
C01968,Anika,Desai,Male,1966-07-06,Indore,Madhya Pradesh,Business Owner,Retail,266755.83,2021-01-03,Anika Desai
C01969,Nisha,Kumar,Female,1985-10-18,Kochi,Kerala,Retired,Retail,631440.84,2024-03-01,Nisha Kumar
C01970,Vivaan,Bansal,Male,1966-05-06,Mumbai,Maharashtra,Salaried,Premium,324000.0,2023-01-20,Vivaan Bansal
C01971,Nisha,Verma,Female,1961-04-26,Jaipur,Rajasthan,Freelancer,Wealth,1180699.74,2018-02-14,Nisha Verma
C01972,Krishna,Reddy,Female,1978-10-07,Pune,Maharashtra,Retired,Retail,380324.57,2020-07-05,Krishna Reddy
C01973,Pooja,Chopra,Female,1988-03-19,Mysuru,Karnataka,Business Owner,Retail,242956.46,2018-09-07,Pooja Chopra
C01974,Neha,Mishra,Male,1982-10-24,Gurugram,Haryana,Freelancer,Premium,1572349.59,2024-10-12,Neha Mishra
C01975,Priya,Patel,Male,1968-08-23,Lucknow,Uttar Pradesh,Retired,Retail,595444.43,2019-04-28,Priya Patel
C01976,Kiara,Bansal,Female,1974-06-21,Ahmedabad,Gujarat,Student,Retail,409895.19,2025-03-30,Kiara Bansal
C01977,Reyansh,Kapoor,Female,1970-08-28,Coimbatore,Tamil Nadu,Business Owner,Retail,546728.74,2024-12-28,Reyansh Kapoor
C01978,Ishaan,Sharma,Female,1983-01-15,Nagpur,Maharashtra,Freelancer,Premium,805778.82,2023-07-22,Ishaan Sharma
C01979,Sai,Kumar,Male,1986-01-06,Kolkata,West Bengal,Business Owner,Retail,987074.47,2021-05-10,Sai Kumar
C01980,Ayaan,Kumar,Male,1999-01-09,Lucknow,Uttar Pradesh,Business Owner,Retail,474863.21,2020-02-28,Ayaan Kumar
C01981,Arjun,Desai,Female,1973-03-01,Lucknow,Uttar Pradesh,Business Owner,Wealth,1025141.43,2018-09-01,Arjun Desai
C01982,Rohan,Verma,Male,1999-12-08,Mysuru,Karnataka,Student,Wealth,540000.0,2024-07-07,Rohan Verma
C01983,Amit,Mehta,Male,1995-09-10,Bhopal,Madhya Pradesh,Self Employed,Premium,565964.89,2021-04-21,Amit Mehta
C01984,Anika,Mehta,Male,1985-03-19,Lucknow,Uttar Pradesh,Self Employed,Retail,250091.51,2021-01-08,Anika Mehta
C01985,Aadhya,Iyer,Male,1965-03-19,Hyderabad,Telangana,Salaried,Retail,1280574.43,2019-04-28,Aadhya Iyer
C01986,Diya,Reddy,Male,1975-08-13,Delhi,Delhi,Salaried,Retail,431155.1,2018-03-02,Diya Reddy
C01987,Nisha,Kulkarni,Female,1971-10-25,Ahmedabad,Gujarat,Retired,SME,841622.25,2019-02-05,Nisha Kulkarni
C01988,Diya,Mehta,Female,1968-03-13,Nagpur,Maharashtra,Self Employed,Retail,547315.81,2022-10-01,Diya Mehta
C01989,Krishna,Chopra,Male,1990-06-05,Hyderabad,Telangana,Self Employed,Premium,879945.66,2025-11-12,Krishna Chopra
C01990,Pooja,Malhotra,Female,1999-07-04,Mumbai,Maharashtra,Business Owner,Retail,479110.27,2019-07-17,Pooja Malhotra
C01991,Anaya,Gupta,Female,1963-04-06,Hyderabad,Telangana,Self Employed,Premium,1348085.36,2026-01-27,Anaya Gupta
C01992,Karan,Kapoor,Female,1966-10-21,Delhi,Delhi,Freelancer,Retail,455633.39,2019-07-27,Karan Kapoor
C01993,Krishna,Iyer,Male,1989-10-05,Hyderabad,Telangana,Retired,Retail,512130.45,2020-01-09,Krishna Iyer
C01994,Rahul,Kapoor,Male,1979-09-16,Mumbai,Maharashtra,Self Employed,Retail,370713.44,2020-08-18,Rahul Kapoor
C01995,Ishaan,Bansal,Female,1997-10-18,Gurugram,Haryana,Salaried,Retail,413510.74,2023-10-30,Ishaan Bansal
C01996,Rahul,Malhotra,Male,2000-09-26,Coimbatore,Tamil Nadu,Business Owner,Corporate,1561438.69,2025-11-05,Rahul Malhotra
C01997,Aadhya,Jain,Male,1990-03-13,Surat,Gujarat,Freelancer,Corporate,396000.0,2024-07-22,Aadhya Jain
C01998,Diya,Patel,Female,1983-05-07,Gurugram,Haryana,Self Employed,SME,749493.91,2024-03-25,Diya Patel
C01999,Diya,Chopra,Male,1971-03-28,Gurugram,Haryana,Business Owner,Retail,740800.07,2023-01-06,Diya Chopra
C02000,Aarav,Patel,Male,1995-07-07,Gurugram,Haryana,Self Employed,Premium,598553.12,2020-10-03,Aarav Patel
C02001,Riya,Bansal,Female,1965-05-19,Hyderabad,Telangana,Self Employed,Premium,1210284.07,2025-10-12,Riya Bansal
C02002,Anaya,Verma,Female,1962-03-14,Jaipur,Rajasthan,Student,Retail,180000.0,2020-03-06,Anaya Verma
C02003,Amit,Patel,Male,1964-08-27,Gurugram,Haryana,Self Employed,Retail,495703.28,2022-02-27,Amit Patel
C02004,Aditya,Kapoor,Male,1994-10-06,Noida,Uttar Pradesh,Student,Retail,310025.7,2018-01-24,Aditya Kapoor
C02005,Aadhya,Reddy,Female,1986-01-17,Pune,Maharashtra,Salaried,Retail,436321.87,2025-09-07,Aadhya Reddy
C02006,Ira,Desai,Male,1963-08-14,Surat,Gujarat,Salaried,SME,542963.06,2024-06-02,Ira Desai
C02007,Kiara,Singh,Male,1974-08-06,Coimbatore,Tamil Nadu,Freelancer,Retail,388592.67,2019-04-01,Kiara Singh
C02008,Ishaan,Patel,Female,1972-07-04,Noida,Uttar Pradesh,Business Owner,Retail,1298645.24,2019-07-17,Ishaan Patel
C02009,Pooja,Joshi,Female,1966-07-12,Noida,Uttar Pradesh,Self Employed,Retail,620700.18,2023-03-16,Pooja Joshi
C02010,Neha,Joshi,Female,2002-07-17,Indore,Madhya Pradesh,Retired,Retail,667602.31,2021-04-12,Neha Joshi
C02011,Anaya,Iyer,Male,1999-01-27,Gurugram,Haryana,Retired,Retail,411501.85,2024-03-04,Anaya Iyer
C02012,Sai,Nair,Male,1961-02-27,Jaipur,Rajasthan,Salaried,SME,802861.81,2019-11-22,Sai Nair
C02013,Sara,Kumar,Male,1995-04-15,Chennai,Tamil Nadu,Business Owner,Retail,584065.84,2021-11-15,Sara Kumar
C02014,Amit,Sharma,Male,1981-04-17,Surat,Gujarat,Business Owner,SME,701313.59,2021-04-16,Amit Sharma
C02015,Pari,Verma,Female,1983-12-08,Kochi,Kerala,Freelancer,Retail,675531.7,2023-03-31,Pari Verma
C02016,Aarav,Mishra,Female,1972-09-14,Gurugram,Haryana,Self Employed,Corporate,515595.26,2023-08-14,Aarav Mishra
C02017,Pooja,Reddy,Male,2000-06-16,Coimbatore,Tamil Nadu,Business Owner,Corporate,764867.09,2024-08-13,Pooja Reddy
C02018,Rohan,Bansal,Male,1961-01-19,Chandigarh,Chandigarh,Business Owner,Corporate,950633.09,2023-06-25,Rohan Bansal
C02019,Krishna,Joshi,Female,1966-05-08,Surat,Gujarat,Salaried,Retail,1089813.2,2022-06-11,Krishna Joshi
C02020,Nisha,Bansal,Female,1965-09-25,Ahmedabad,Gujarat,Student,Retail,1197534.8,2023-03-30,Nisha Bansal
C02021,Sneha,Patel,Female,2003-07-25,Delhi,Delhi,Freelancer,Retail,576219.2,2021-05-01,Sneha Patel
C02022,Vivaan,Singh,Female,1993-06-27,Bengaluru,Karnataka,Student,Retail,492055.84,2025-10-20,Vivaan Singh
C02023,Myra,Malhotra,Female,1996-02-01,Gurugram,Haryana,Salaried,Corporate,805819.45,2021-04-03,Myra Malhotra
C02024,Krishna,Bansal,Male,1983-07-25,Lucknow,Uttar Pradesh,Self Employed,SME,440236.75,2018-04-21,Krishna Bansal
C02025,Neha,Gupta,Male,1990-11-15,Ahmedabad,Gujarat,Self Employed,Premium,373530.51,2020-01-22,Neha Gupta
C02026,Amit,Agarwal,Female,1986-08-19,Surat,Gujarat,Retired,Premium,1564739.89,2025-04-04,Amit Agarwal
C02027,Rahul,Verma,Female,1987-06-07,Bhopal,Madhya Pradesh,Student,Retail,296558.14,2020-04-20,Rahul Verma
C02028,Riya,Agarwal,Female,1986-04-10,Nagpur,Maharashtra,Student,Premium,418363.72,2018-04-09,Riya Agarwal
C02029,Arjun,Singh,Male,2000-06-28,Coimbatore,Tamil Nadu,Freelancer,Retail,557398.8,2023-02-09,Arjun Singh
C02030,Anika,Chopra,Female,1976-11-28,Pune,Maharashtra,Salaried,Premium,2306040.16,2022-07-26,Anika Chopra
C02031,Nisha,Sharma,Female,1973-03-27,Ahmedabad,Gujarat,Self Employed,Retail,3084224.84,2024-07-04,Nisha Sharma
C02032,Anika,Kumar,Female,1971-09-27,Nagpur,Maharashtra,Salaried,Premium,1160374.73,2024-04-20,Anika Kumar
C02033,Ayaan,Kulkarni,Male,1986-12-11,Delhi,Delhi,Student,Wealth,4060278.84,2018-01-25,Ayaan Kulkarni
C02034,Aarav,Joshi,Male,1987-05-20,Kochi,Kerala,Salaried,Retail,389923.7,2025-07-26,Aarav Joshi
C02035,Ishaan,Desai,Female,1980-05-22,Lucknow,Uttar Pradesh,Student,Wealth,1463392.65,2018-04-20,Ishaan Desai
C02036,Aarav,Desai,Female,1998-03-03,Ahmedabad,Gujarat,Retired,Premium,1363241.12,2023-12-13,Aarav Desai
C02037,Sneha,Mehta,Male,1977-04-18,Gurugram,Haryana,Freelancer,SME,850306.69,2019-08-24,Sneha Mehta
C02038,Aarav,Chopra,Female,1989-12-18,Bengaluru,Karnataka,Freelancer,Retail,365023.04,2021-01-15,Aarav Chopra
C02039,Amit,Verma,Male,2003-02-11,Lucknow,Uttar Pradesh,Student,SME,750316.1,2025-04-18,Amit Verma
C02040,Anaya,Sharma,Male,1997-12-22,Hyderabad,Telangana,Student,Retail,869076.96,2018-07-09,Anaya Sharma
C02041,Myra,Verma,Male,1990-01-20,Mysuru,Karnataka,Salaried,Wealth,1179538.56,2023-10-03,Myra Verma
C02042,Sai,Mishra,Female,1962-09-21,Kochi,Kerala,Retired,SME,424309.23,2019-12-14,Sai Mishra
C02043,Rohan,Kapoor,Female,1979-09-11,Chennai,Tamil Nadu,Retired,Corporate,896117.13,2020-01-24,Rohan Kapoor
C02044,Pari,Gupta,Female,2000-05-03,Jaipur,Rajasthan,Salaried,Retail,472192.19,2019-12-04,Pari Gupta
C02045,Sneha,Kumar,Female,1985-07-05,Indore,Madhya Pradesh,Self Employed,Retail,395070.54,2025-07-17,Sneha Kumar
C02046,Sai,Reddy,Female,1977-05-07,Hyderabad,Telangana,Retired,Retail,563571.09,2025-08-19,Sai Reddy
C02047,Karan,Singh,Female,1960-02-06,Indore,Madhya Pradesh,Self Employed,Retail,1508742.2,2025-05-17,Karan Singh
C02048,Ayaan,Sharma,Male,1973-07-20,Kolkata,West Bengal,Retired,Retail,980717.65,2020-12-26,Ayaan Sharma
C02049,Aadhya,Kulkarni,Male,1988-07-27,Nagpur,Maharashtra,Self Employed,SME,800795.9,2021-04-17,Aadhya Kulkarni
C02050,Diya,Desai,Male,1984-06-05,Lucknow,Uttar Pradesh,Freelancer,SME,1056426.73,2022-10-07,Diya Desai
C02051,Krishna,Sharma,Male,1992-02-23,Hyderabad,Telangana,Student,Retail,404319.56,2025-11-14,Krishna Sharma
C02052,Sara,Mehta,Female,1992-09-05,Hyderabad,Telangana,Business Owner,Retail,1005691.99,2025-12-27,Sara Mehta
C02053,Amit,Mishra,Female,1986-03-07,Ahmedabad,Gujarat,Business Owner,Wealth,1119505.56,2024-07-25,Amit Mishra
C02054,Sai,Singh,Male,1968-06-19,Bengaluru,Karnataka,Business Owner,Retail,1209242.34,2020-02-01,Sai Singh
C02055,Aarav,Chopra,Female,1993-07-06,Chandigarh,Chandigarh,Student,Retail,354480.43,2018-10-25,Aarav Chopra
C02056,Pari,Mishra,Male,1996-10-14,Jaipur,Rajasthan,Retired,Retail,801679.34,2024-10-06,Pari Mishra
C02057,Neha,Jain,Female,1975-04-11,Kochi,Kerala,Retired,Corporate,801027.59,2020-02-07,Neha Jain
C02058,Ira,Reddy,Male,1987-01-10,Kolkata,West Bengal,Salaried,Retail,334491.67,2021-09-02,Ira Reddy
C02059,Arjun,Chopra,Male,1998-09-24,Noida,Uttar Pradesh,Salaried,Retail,581040.7,2018-01-19,Arjun Chopra
C02060,Aadhya,Singh,Male,1978-05-02,Bengaluru,Karnataka,Business Owner,Premium,1053441.47,2025-04-24,Aadhya Singh
C02061,Aarav,Joshi,Female,1962-05-24,Lucknow,Uttar Pradesh,Business Owner,SME,347113.12,2019-09-16,Aarav Joshi
C02062,Rahul,Chopra,Female,1990-03-02,Kochi,Kerala,Self Employed,Premium,885863.16,2025-06-25,Rahul Chopra
C02063,Ira,Kumar,Male,1978-01-11,Delhi,Delhi,Business Owner,Premium,1005121.13,2020-08-08,Ira Kumar
C02064,Riya,Chopra,Male,1996-08-14,Mumbai,Maharashtra,Retired,Retail,1141400.15,2024-02-12,Riya Chopra
C02065,Karan,Sharma,Female,2001-06-13,Pune,Maharashtra,Retired,Retail,539729.14,2022-08-01,Karan Sharma
C02066,Priya,Sharma,Female,1966-09-14,Surat,Gujarat,Self Employed,Premium,1430169.79,2021-06-12,Priya Sharma
C02067,Reyansh,Jain,Female,1976-02-23,Indore,Madhya Pradesh,Student,Retail,334629.4,2019-02-02,Reyansh Jain
C02068,Diya,Verma,Male,1963-08-16,Mumbai,Maharashtra,Student,Retail,511420.12,2018-12-19,Diya Verma
C02069,Rahul,Kapoor,Male,2002-03-02,Nagpur,Maharashtra,Retired,Retail,291980.59,2020-03-23,Rahul Kapoor
C02070,Sneha,Nair,Female,1990-04-07,Bhopal,Madhya Pradesh,Business Owner,Retail,180000.0,2023-01-12,Sneha Nair
C02071,Pooja,Malhotra,Female,1995-10-01,Chennai,Tamil Nadu,Self Employed,Corporate,967091.86,2020-07-12,Pooja Malhotra
C02072,Amit,Mishra,Male,1964-01-23,Coimbatore,Tamil Nadu,Student,SME,567026.88,2025-01-23,Amit Mishra
C02073,Ayaan,Kumar,Female,2004-09-28,Pune,Maharashtra,Salaried,Corporate,749998.92,2021-01-02,Ayaan Kumar
C02074,Diya,Agarwal,Male,1984-04-09,Kolkata,West Bengal,Business Owner,Retail,865185.19,2021-11-19,Diya Agarwal
C02075,Krishna,Reddy,Female,1965-12-24,Kochi,Kerala,Freelancer,SME,252000.0,2022-02-07,Krishna Reddy
C02076,Sara,Sharma,Male,1998-11-04,Lucknow,Uttar Pradesh,Business Owner,SME,267013.68,2018-02-16,Sara Sharma
C02077,Sneha,Malhotra,Male,1975-01-23,Nagpur,Maharashtra,Self Employed,Retail,824503.45,2018-11-30,Sneha Malhotra
C02078,Pooja,Verma,Male,1961-11-07,Kochi,Kerala,Retired,Premium,706649.04,2022-03-03,Pooja Verma
C02079,Aarav,Kulkarni,Male,1995-07-22,Kochi,Kerala,Self Employed,SME,919330.89,2022-05-24,Aarav Kulkarni
C02080,Neha,Bansal,Male,1970-10-23,Coimbatore,Tamil Nadu,Self Employed,Retail,907999.71,2026-02-06,Neha Bansal
C02081,Priya,Sharma,Male,1981-12-14,Lucknow,Uttar Pradesh,Student,Retail,851140.39,2023-06-20,Priya Sharma
C02082,Riya,Patel,Female,1992-12-20,Pune,Maharashtra,Self Employed,Premium,1323502.79,2018-11-20,Riya Patel
C02083,Vihaan,Iyer,Female,1972-11-28,Bengaluru,Karnataka,Retired,SME,992823.03,2021-10-18,Vihaan Iyer
C02084,Vihaan,Mishra,Female,1963-06-06,Kochi,Kerala,Salaried,SME,303016.34,2021-04-24,Vihaan Mishra
C02085,Sara,Sharma,Female,2003-11-06,Jaipur,Rajasthan,Student,Retail,284783.62,2021-01-21,Sara Sharma
C02086,Amit,Singh,Male,1977-05-16,Kolkata,West Bengal,Salaried,Premium,1050803.84,2022-12-23,Amit Singh
C02087,Ayaan,Kapoor,Female,1978-07-24,Bengaluru,Karnataka,Student,Retail,523262.07,2023-06-14,Ayaan Kapoor
C02088,Pari,Chopra,Male,1986-03-28,Ahmedabad,Gujarat,Business Owner,Retail,198732.57,2020-08-08,Pari Chopra
C02089,Diya,Jain,Female,1968-12-13,Mumbai,Maharashtra,Salaried,Retail,457353.57,2020-06-04,Diya Jain
C02090,Vivaan,Chopra,Female,1993-07-02,Ahmedabad,Gujarat,Self Employed,Retail,719429.49,2022-11-13,Vivaan Chopra
C02091,Aarav,Mishra,Male,1983-01-05,Mumbai,Maharashtra,Salaried,Corporate,1155208.05,2020-06-05,Aarav Mishra
C02092,Arjun,Sharma,Female,1962-10-04,Nagpur,Maharashtra,Business Owner,Wealth,1546928.16,2019-10-10,Arjun Sharma
C02093,Vihaan,Kapoor,Male,1989-06-19,Noida,Uttar Pradesh,Student,Retail,498628.52,2018-06-20,Vihaan Kapoor
C02094,Sara,Nair,Female,1999-12-18,Pune,Maharashtra,Business Owner,Retail,204856.91,2021-01-24,Sara Nair
C02095,Neha,Nair,Female,1968-01-11,Nagpur,Maharashtra,Self Employed,Retail,506742.42,2023-10-06,Neha Nair
C02096,Aadhya,Desai,Female,1967-09-01,Bengaluru,Karnataka,Retired,Premium,360815.44,2020-05-15,Aadhya Desai
C02097,Sneha,Desai,Male,1978-06-13,Chennai,Tamil Nadu,Salaried,Wealth,899482.2,2023-07-14,Sneha Desai
C02098,Sneha,Bansal,Male,1991-01-11,Chandigarh,Chandigarh,Student,Premium,686726.59,2019-07-26,Sneha Bansal
C02099,Arjun,Bansal,Female,1994-07-01,Chennai,Tamil Nadu,Salaried,Retail,180000.0,2019-06-21,Arjun Bansal
C02100,Reyansh,Sharma,Male,1982-02-12,Noida,Uttar Pradesh,Student,Retail,216816.71,2020-08-01,Reyansh Sharma
C02101,Myra,Kapoor,Male,1987-08-26,Bengaluru,Karnataka,Business Owner,Retail,395980.56,2019-06-13,Myra Kapoor
C02102,Pari,Reddy,Male,1976-05-03,Gurugram,Haryana,Freelancer,Retail,500637.64,2022-03-18,Pari Reddy
C02103,Anaya,Kulkarni,Male,1983-04-04,Hyderabad,Telangana,Retired,Premium,2052474.19,2018-11-24,Anaya Kulkarni
C02104,Reyansh,Bansal,Female,2000-10-18,Bhopal,Madhya Pradesh,Student,Retail,767490.75,2019-05-20,Reyansh Bansal
C02105,Anika,Kulkarni,Female,1975-04-11,Kochi,Kerala,Retired,Premium,786123.36,2018-01-29,Anika Kulkarni
C02106,Sneha,Patel,Female,2003-08-02,Kolkata,West Bengal,Self Employed,Corporate,3235448.35,2018-01-25,Sneha Patel
C02107,Reyansh,Joshi,Male,1996-03-06,Mysuru,Karnataka,Freelancer,Retail,341581.61,2025-12-03,Reyansh Joshi
C02108,Priya,Chopra,Female,2004-08-07,Chandigarh,Chandigarh,Business Owner,Corporate,438898.57,2018-06-13,Priya Chopra
C02109,Sneha,Kulkarni,Female,1995-03-11,Gurugram,Haryana,Retired,Retail,261964.05,2024-08-28,Sneha Kulkarni
C02110,Priya,Iyer,Male,1976-03-15,Gurugram,Haryana,Salaried,Retail,180000.0,2019-07-14,Priya Iyer
C02111,Ayaan,Kumar,Female,2003-03-01,Lucknow,Uttar Pradesh,Business Owner,Premium,324000.0,2019-07-21,Ayaan Kumar
C02112,Riya,Sharma,Female,1979-08-22,Noida,Uttar Pradesh,Business Owner,Retail,489395.25,2021-08-08,Riya Sharma
C02113,Pari,Mishra,Male,1981-05-23,Bengaluru,Karnataka,Self Employed,Retail,801488.69,2024-03-07,Pari Mishra
C02114,Ayaan,Joshi,Male,1967-01-01,Lucknow,Uttar Pradesh,Self Employed,Premium,691883.55,2022-11-07,Ayaan Joshi
C02115,Neha,Verma,Female,1968-08-15,Delhi,Delhi,Student,Retail,329211.04,2021-05-08,Neha Verma
C02116,Sneha,Verma,Female,1961-08-01,Indore,Madhya Pradesh,Retired,Retail,372689.97,2021-07-06,Sneha Verma
C02117,Rahul,Verma,Female,1999-09-26,Gurugram,Haryana,Freelancer,Retail,505957.33,2021-05-03,Rahul Verma
C02118,Sneha,Desai,Male,1968-08-09,Pune,Maharashtra,Student,Retail,566295.03,2023-02-01,Sneha Desai
C02119,Sai,Sharma,Male,1968-06-19,Surat,Gujarat,Self Employed,SME,1090408.03,2025-12-04,Sai Sharma
C02120,Aadhya,Reddy,Female,1972-09-22,Ahmedabad,Gujarat,Freelancer,Wealth,2454160.92,2018-10-18,Aadhya Reddy
C02121,Vihaan,Agarwal,Male,1996-08-09,Chennai,Tamil Nadu,Retired,Retail,428221.68,2025-11-03,Vihaan Agarwal
C02122,Riya,Patel,Female,2003-08-24,Nagpur,Maharashtra,Retired,Premium,840914.26,2025-12-02,Riya Patel
C02123,Arjun,Bansal,Female,1987-01-19,Bhopal,Madhya Pradesh,Business Owner,Corporate,1711085.16,2020-06-05,Arjun Bansal
C02124,Arjun,Gupta,Male,1968-12-08,Delhi,Delhi,Freelancer,Wealth,916759.59,2024-02-23,Arjun Gupta
C02125,Ishaan,Malhotra,Female,1994-11-03,Nagpur,Maharashtra,Self Employed,Premium,1418495.72,2020-10-27,Ishaan Malhotra
C02126,Karan,Kumar,Male,1960-12-03,Mumbai,Maharashtra,Self Employed,Retail,369238.4,2024-08-20,Karan Kumar
C02127,Anaya,Chopra,Female,1979-08-10,Bhopal,Madhya Pradesh,Freelancer,Retail,1217562.01,2023-08-27,Anaya Chopra
C02128,Anika,Jain,Male,1964-09-25,Indore,Madhya Pradesh,Business Owner,Retail,245980.68,2025-05-16,Anika Jain
C02129,Pooja,Joshi,Female,1978-02-13,Kochi,Kerala,Retired,Retail,393109.35,2025-03-16,Pooja Joshi
C02130,Priya,Reddy,Female,1985-05-15,Kolkata,West Bengal,Salaried,Corporate,1133742.24,2025-08-15,Priya Reddy
C02131,Aadhya,Joshi,Male,1992-07-22,Coimbatore,Tamil Nadu,Salaried,Retail,180000.0,2024-12-18,Aadhya Joshi
C02132,Pari,Singh,Female,1969-04-13,Jaipur,Rajasthan,Salaried,SME,252000.0,2022-04-23,Pari Singh
C02133,Myra,Agarwal,Female,1968-01-04,Ahmedabad,Gujarat,Business Owner,Retail,362594.62,2021-09-15,Myra Agarwal
C02134,Sara,Desai,Male,2002-09-13,Indore,Madhya Pradesh,Self Employed,Retail,640534.64,2020-11-09,Sara Desai
C02135,Ira,Bansal,Male,1987-05-01,Indore,Madhya Pradesh,Business Owner,Retail,364544.84,2025-08-30,Ira Bansal
C02136,Sai,Reddy,Female,1982-02-14,Pune,Maharashtra,Business Owner,Retail,341686.65,2018-10-09,Sai Reddy
C02137,Kiara,Malhotra,Female,1997-10-16,Bhopal,Madhya Pradesh,Salaried,SME,918250.61,2023-10-01,Kiara Malhotra
C02138,Nisha,Mishra,Female,1980-08-28,Lucknow,Uttar Pradesh,Business Owner,Retail,328294.61,2019-09-23,Nisha Mishra
C02139,Pooja,Malhotra,Male,1992-11-14,Noida,Uttar Pradesh,Salaried,Retail,711447.85,2024-10-29,Pooja Malhotra
C02140,Sara,Mishra,Female,1964-04-09,Hyderabad,Telangana,Retired,Premium,1666229.13,2023-06-18,Sara Mishra
C02141,Riya,Reddy,Male,1977-06-05,Delhi,Delhi,Business Owner,Premium,446758.87,2021-07-25,Riya Reddy
C02142,Ishaan,Agarwal,Male,1989-04-12,Pune,Maharashtra,Retired,Corporate,669619.61,2021-08-11,Ishaan Agarwal
C02143,Pari,Malhotra,Male,2000-11-08,Indore,Madhya Pradesh,Self Employed,Premium,3545200.57,2025-05-18,Pari Malhotra
C02144,Sneha,Verma,Male,1960-03-23,Surat,Gujarat,Salaried,Premium,428165.75,2021-12-20,Sneha Verma
C02145,Myra,Joshi,Female,1998-03-11,Bhopal,Madhya Pradesh,Self Employed,Retail,992944.95,2018-06-17,Myra Joshi
C02146,Kiara,Kulkarni,Female,1966-10-24,Lucknow,Uttar Pradesh,Retired,Retail,419553.53,2022-02-05,Kiara Kulkarni
C02147,Karan,Agarwal,Male,2002-05-03,Mysuru,Karnataka,Self Employed,Retail,401869.24,2018-01-16,Karan Agarwal
C02148,Priya,Chopra,Female,1993-12-05,Bhopal,Madhya Pradesh,Salaried,SME,385723.62,2024-05-25,Priya Chopra
C02149,Riya,Reddy,Male,1970-04-21,Surat,Gujarat,Student,Corporate,1363282.43,2022-09-17,Riya Reddy
C02150,Rahul,Kapoor,Male,1978-09-07,Indore,Madhya Pradesh,Freelancer,Retail,201569.19,2025-03-15,Rahul Kapoor
C02151,Ishaan,Singh,Female,1983-02-26,Bengaluru,Karnataka,Business Owner,Retail,417037.29,2021-10-24,Ishaan Singh
C02152,Myra,Singh,Male,1979-07-20,Nagpur,Maharashtra,Freelancer,Retail,750201.11,2023-04-25,Myra Singh
C02153,Rahul,Kapoor,Male,1988-10-17,Mysuru,Karnataka,Salaried,SME,344394.39,2025-12-11,Rahul Kapoor
C02154,Vivaan,Malhotra,Female,1980-05-28,Surat,Gujarat,Student,Corporate,1086264.3,2023-01-04,Vivaan Malhotra
C02155,Anaya,Iyer,Male,1980-12-09,Nagpur,Maharashtra,Retired,Retail,710756.51,2023-11-20,Anaya Iyer
C02156,Myra,Agarwal,Male,1994-09-20,Bengaluru,Karnataka,Business Owner,Premium,2890290.04,2024-07-16,Myra Agarwal
C02157,Riya,Chopra,Male,1980-08-20,Bengaluru,Karnataka,Student,Retail,499458.8,2024-03-02,Riya Chopra
C02158,Priya,Singh,Male,1992-05-18,Noida,Uttar Pradesh,Freelancer,Retail,370724.26,2023-05-16,Priya Singh
C02159,Karan,Mishra,Male,1965-03-08,Ahmedabad,Gujarat,Freelancer,Premium,981126.97,2021-09-28,Karan Mishra
C02160,Ira,Chopra,Male,1995-09-04,Bengaluru,Karnataka,Retired,Retail,597249.51,2019-07-03,Ira Chopra
C02161,Riya,Verma,Male,2001-08-01,Mumbai,Maharashtra,Salaried,SME,398501.49,2023-02-06,Riya Verma
C02162,Anika,Mishra,Male,1968-04-16,Nagpur,Maharashtra,Self Employed,Corporate,1074198.53,2021-01-30,Anika Mishra
C02163,Kiara,Jain,Female,2002-07-22,Bhopal,Madhya Pradesh,Student,Retail,310162.1,2023-09-25,Kiara Jain
C02164,Aarav,Jain,Female,1986-09-26,Chandigarh,Chandigarh,Self Employed,Premium,486435.85,2019-02-20,Aarav Jain
C02165,Priya,Iyer,Female,2002-04-04,Gurugram,Haryana,Freelancer,Retail,377965.52,2018-05-15,Priya Iyer
C02166,Pooja,Mehta,Female,1968-11-03,Kolkata,West Bengal,Freelancer,Retail,623261.65,2021-02-21,Pooja Mehta
C02167,Aditya,Nair,Male,1962-05-12,Hyderabad,Telangana,Business Owner,Wealth,1380589.05,2023-06-03,Aditya Nair
C02168,Myra,Gupta,Female,2001-12-04,Pune,Maharashtra,Freelancer,Corporate,527332.65,2022-05-31,Myra Gupta
C02169,Myra,Mishra,Female,1998-02-24,Kochi,Kerala,Retired,Retail,1298898.26,2018-08-07,Myra Mishra
C02170,Ira,Nair,Female,1974-11-10,Delhi,Delhi,Student,SME,746914.07,2023-04-22,Ira Nair
C02171,Priya,Bansal,Female,1978-01-25,Nagpur,Maharashtra,Salaried,Wealth,2238127.83,2018-09-29,Priya Bansal
C02172,Rohan,Joshi,Male,1973-03-20,Surat,Gujarat,Business Owner,Retail,260538.18,2024-07-13,Rohan Joshi
C02173,Arjun,Kulkarni,Male,1983-08-23,Indore,Madhya Pradesh,Salaried,SME,855122.76,2023-09-17,Arjun Kulkarni
C02174,Neha,Nair,Male,1995-12-07,Ahmedabad,Gujarat,Self Employed,Premium,619087.1,2020-07-17,Neha Nair
C02175,Diya,Reddy,Male,1979-02-13,Gurugram,Haryana,Retired,SME,787042.28,2022-11-08,Diya Reddy
C02176,Pooja,Gupta,Female,1961-08-07,Ahmedabad,Gujarat,Freelancer,Retail,610882.91,2025-02-02,Pooja Gupta
C02177,Pooja,Mishra,Male,1982-09-10,Nagpur,Maharashtra,Student,Premium,1729362.22,2018-09-18,Pooja Mishra
C02178,Anika,Patel,Female,1960-06-01,Jaipur,Rajasthan,Salaried,SME,803681.42,2020-07-22,Anika Patel
C02179,Neha,Jain,Female,1977-11-16,Chennai,Tamil Nadu,Business Owner,Retail,260925.03,2018-04-16,Neha Jain
C02180,Ayaan,Joshi,Male,1997-12-28,Delhi,Delhi,Self Employed,Retail,338767.24,2022-10-06,Ayaan Joshi
C02181,Vihaan,Malhotra,Male,1961-10-24,Kolkata,West Bengal,Student,Premium,435815.75,2022-03-25,Vihaan Malhotra
C02182,Aditya,Sharma,Male,1989-02-20,Jaipur,Rajasthan,Business Owner,Corporate,2141797.04,2022-06-03,Aditya Sharma
C02183,Neha,Mehta,Female,1977-03-26,Lucknow,Uttar Pradesh,Retired,Wealth,1918464.24,2024-08-07,Neha Mehta
C02184,Riya,Sharma,Male,1962-02-07,Kochi,Kerala,Student,Premium,1637768.21,2023-01-27,Riya Sharma
C02185,Krishna,Nair,Male,1964-06-05,Chandigarh,Chandigarh,Retired,Premium,558788.22,2019-11-04,Krishna Nair
C02186,Priya,Chopra,Male,1975-06-03,Noida,Uttar Pradesh,Salaried,Retail,404537.48,2024-03-01,Priya Chopra
C02187,Sneha,Desai,Female,1975-08-25,Ahmedabad,Gujarat,Retired,Retail,239195.24,2025-02-08,Sneha Desai
C02188,Aadhya,Reddy,Male,1982-10-25,Coimbatore,Tamil Nadu,Business Owner,Retail,180000.0,2024-10-25,Aadhya Reddy
C02189,Aarav,Kumar,Female,1961-04-28,Pune,Maharashtra,Business Owner,Wealth,3181788.0,2018-09-18,Aarav Kumar
C02190,Sai,Malhotra,Male,1977-05-22,Noida,Uttar Pradesh,Retired,Retail,483929.55,2018-01-04,Sai Malhotra
C02191,Pooja,Patel,Female,1990-04-08,Chennai,Tamil Nadu,Freelancer,Retail,769938.59,2023-05-30,Pooja Patel
C02192,Pari,Kulkarni,Female,1997-04-05,Chennai,Tamil Nadu,Retired,Retail,180000.0,2021-07-21,Pari Kulkarni
C02193,Ishaan,Mehta,Female,1964-03-28,Noida,Uttar Pradesh,Student,Premium,494516.11,2025-04-18,Ishaan Mehta
C02194,Ira,Verma,Male,1987-02-17,Surat,Gujarat,Salaried,Retail,1151798.56,2026-02-09,Ira Verma
C02195,Aditya,Reddy,Male,1990-04-03,Kochi,Kerala,Student,Retail,496314.54,2023-05-26,Aditya Reddy
C02196,Anika,Patel,Female,1986-03-21,Kochi,Kerala,Salaried,Retail,767524.8,2018-07-05,Anika Patel
C02197,Amit,Kulkarni,Male,2002-07-21,Chandigarh,Chandigarh,Student,Retail,407120.4,2025-03-15,Amit Kulkarni
C02198,Ayaan,Patel,Female,2001-01-05,Kochi,Kerala,Business Owner,SME,1500014.87,2020-01-05,Ayaan Patel
C02199,Ira,Bansal,Female,1960-07-02,Noida,Uttar Pradesh,Freelancer,Retail,310880.13,2025-10-02,Ira Bansal
C02200,Pooja,Gupta,Male,2004-01-22,Coimbatore,Tamil Nadu,Business Owner,Retail,643964.94,2019-09-21,Pooja Gupta
C02201,Pooja,Kapoor,Male,1985-07-16,Mumbai,Maharashtra,Salaried,Retail,349899.19,2019-01-26,Pooja Kapoor
C02202,Priya,Singh,Female,1987-04-07,Ahmedabad,Gujarat,Salaried,SME,632465.13,2018-05-10,Priya Singh
C02203,Arjun,Sharma,Male,1974-10-05,Coimbatore,Tamil Nadu,Freelancer,Retail,271853.04,2024-11-19,Arjun Sharma
C02204,Pari,Gupta,Male,1964-02-25,Pune,Maharashtra,Self Employed,Retail,460828.58,2025-03-13,Pari Gupta
C02205,Krishna,Iyer,Female,1983-03-17,Gurugram,Haryana,Freelancer,Retail,180000.0,2021-03-06,Krishna Iyer
C02206,Ishaan,Mishra,Female,1968-04-10,Coimbatore,Tamil Nadu,Student,Retail,291880.74,2018-01-21,Ishaan Mishra
C02207,Vivaan,Kapoor,Female,1976-10-17,Gurugram,Haryana,Self Employed,Retail,311683.34,2022-11-27,Vivaan Kapoor
C02208,Rohan,Kapoor,Female,2000-11-16,Jaipur,Rajasthan,Self Employed,Premium,1257812.87,2024-12-22,Rohan Kapoor
C02209,Pari,Patel,Female,1974-06-13,Indore,Madhya Pradesh,Student,SME,381067.48,2022-05-17,Pari Patel
C02210,Sara,Desai,Male,1983-04-28,Gurugram,Haryana,Self Employed,Premium,729215.3,2022-07-15,Sara Desai
C02211,Kiara,Iyer,Male,2004-06-06,Nagpur,Maharashtra,Business Owner,Retail,180000.0,2020-05-03,Kiara Iyer
C02212,Nisha,Kapoor,Female,1997-12-23,Kochi,Kerala,Freelancer,Premium,552453.89,2020-10-20,Nisha Kapoor
C02213,Arjun,Nair,Male,1978-04-23,Delhi,Delhi,Business Owner,Corporate,396000.0,2023-04-29,Arjun Nair
C02214,Reyansh,Malhotra,Male,1970-11-15,Bengaluru,Karnataka,Business Owner,SME,853760.77,2021-01-16,Reyansh Malhotra
C02215,Rohan,Kapoor,Male,2002-05-14,Noida,Uttar Pradesh,Student,Retail,442567.93,2019-02-19,Rohan Kapoor
C02216,Riya,Malhotra,Male,1994-03-10,Ahmedabad,Gujarat,Student,Premium,890272.98,2019-01-29,Riya Malhotra
C02217,Kabir,Joshi,Female,1974-11-17,Kolkata,West Bengal,Salaried,Retail,279434.85,2018-04-30,Kabir Joshi
C02218,Amit,Sharma,Male,1961-08-26,Lucknow,Uttar Pradesh,Business Owner,Retail,986161.45,2024-01-06,Amit Sharma
C02219,Reyansh,Gupta,Male,1987-08-18,Chandigarh,Chandigarh,Salaried,SME,534381.99,2021-03-15,Reyansh Gupta
C02220,Anaya,Reddy,Male,1972-10-25,Ahmedabad,Gujarat,Freelancer,Retail,678394.54,2024-06-26,Anaya Reddy
C02221,Reyansh,Mishra,Male,1984-12-10,Gurugram,Haryana,Student,Retail,180000.0,2019-07-23,Reyansh Mishra
C02222,Ira,Patel,Male,1997-11-10,Nagpur,Maharashtra,Self Employed,Retail,351187.9,2025-03-14,Ira Patel
C02223,Myra,Sharma,Female,2004-07-23,Surat,Gujarat,Freelancer,Retail,400704.17,2024-03-05,Myra Sharma
C02224,Amit,Kapoor,Male,1973-06-08,Lucknow,Uttar Pradesh,Salaried,Premium,450460.06,2022-07-02,Amit Kapoor
C02225,Krishna,Joshi,Female,1996-10-09,Lucknow,Uttar Pradesh,Freelancer,Corporate,669002.93,2022-09-14,Krishna Joshi
C02226,Rahul,Kapoor,Female,2002-04-22,Indore,Madhya Pradesh,Salaried,Retail,651347.01,2026-03-03,Rahul Kapoor
C02227,Rohan,Patel,Male,1964-07-16,Pune,Maharashtra,Salaried,Premium,1027881.94,2021-06-30,Rohan Patel
C02228,Anika,Verma,Male,1962-03-17,Gurugram,Haryana,Retired,Premium,1563052.19,2024-10-02,Anika Verma
C02229,Ira,Iyer,Female,1975-05-05,Pune,Maharashtra,Retired,Retail,665263.87,2020-12-05,Ira Iyer
C02230,Pari,Gupta,Female,1963-04-11,Delhi,Delhi,Retired,Retail,351215.49,2019-02-13,Pari Gupta
C02231,Neha,Patel,Female,1994-07-02,Noida,Uttar Pradesh,Salaried,Retail,597628.91,2020-04-12,Neha Patel
C02232,Sneha,Patel,Female,1966-10-22,Delhi,Delhi,Salaried,Retail,1117513.16,2019-05-04,Sneha Patel
C02233,Kiara,Jain,Female,1994-08-28,Delhi,Delhi,Student,Premium,1332708.44,2022-04-08,Kiara Jain
C02234,Vivaan,Jain,Female,1987-04-20,Chennai,Tamil Nadu,Retired,Retail,1825729.23,2019-04-01,Vivaan Jain
C02235,Ishaan,Verma,Male,1967-10-10,Ahmedabad,Gujarat,Freelancer,Retail,514756.46,2020-08-30,Ishaan Verma
C02236,Rohan,Kumar,Female,1981-04-11,Bengaluru,Karnataka,Salaried,Retail,519801.04,2022-07-24,Rohan Kumar
C02237,Sara,Nair,Male,1976-06-11,Kochi,Kerala,Salaried,Retail,222245.89,2019-07-24,Sara Nair
C02238,Anika,Mishra,Female,1978-08-24,Kolkata,West Bengal,Retired,SME,1335107.23,2023-11-24,Anika Mishra
C02239,Ayaan,Verma,Male,1987-07-20,Kolkata,West Bengal,Business Owner,Retail,1648633.75,2019-03-11,Ayaan Verma
C02240,Karan,Chopra,Male,2000-12-24,Nagpur,Maharashtra,Business Owner,Retail,208469.32,2022-01-31,Karan Chopra
C02241,Myra,Singh,Female,1978-03-28,Bhopal,Madhya Pradesh,Student,Wealth,1111755.9,2019-06-30,Myra Singh
C02242,Rohan,Verma,Male,1985-06-01,Kolkata,West Bengal,Business Owner,Retail,867966.06,2025-05-02,Rohan Verma
C02243,Kiara,Kumar,Female,1967-04-01,Hyderabad,Telangana,Salaried,Wealth,956966.46,2025-11-08,Kiara Kumar
C02244,Kiara,Malhotra,Male,1988-02-01,Bhopal,Madhya Pradesh,Freelancer,Retail,887501.45,2021-01-18,Kiara Malhotra
C02245,Ira,Gupta,Male,1991-03-18,Mysuru,Karnataka,Business Owner,Retail,428437.76,2025-05-25,Ira Gupta
C02246,Ishaan,Sharma,Female,1968-04-05,Gurugram,Haryana,Student,Premium,404230.93,2021-08-31,Ishaan Sharma
C02247,Aarav,Reddy,Male,1993-04-12,Delhi,Delhi,Salaried,Wealth,1499813.19,2026-02-22,Aarav Reddy
C02248,Rahul,Iyer,Male,1977-08-20,Kochi,Kerala,Business Owner,SME,301801.05,2022-12-20,Rahul Iyer
C02249,Kabir,Desai,Female,1970-11-17,Delhi,Delhi,Retired,Premium,1408377.85,2018-06-17,Kabir Desai
C02250,Priya,Iyer,Male,1989-09-08,Chandigarh,Chandigarh,Business Owner,Retail,261248.57,2018-11-13,Priya Iyer
C02251,Kabir,Reddy,Female,1981-03-26,Chandigarh,Chandigarh,Student,Corporate,1277867.47,2024-03-26,Kabir Reddy
C02252,Anika,Mishra,Male,1989-05-24,Surat,Gujarat,Salaried,SME,278578.44,2022-04-29,Anika Mishra
C02253,Amit,Gupta,Male,1982-08-18,Lucknow,Uttar Pradesh,Salaried,Premium,444780.94,2020-06-27,Amit Gupta
C02254,Anaya,Iyer,Female,1988-05-08,Chandigarh,Chandigarh,Business Owner,SME,498642.98,2023-07-13,Anaya Iyer
C02255,Nisha,Singh,Female,1997-10-10,Kolkata,West Bengal,Salaried,Premium,434243.36,2022-03-26,Nisha Singh
C02256,Krishna,Desai,Female,1963-07-11,Bengaluru,Karnataka,Salaried,Retail,282963.27,2018-12-06,Krishna Desai
C02257,Anika,Patel,Female,1980-03-15,Ahmedabad,Gujarat,Retired,Retail,883506.77,2024-03-10,Anika Patel
C02258,Pooja,Chopra,Male,1968-06-08,Pune,Maharashtra,Freelancer,Premium,807642.99,2024-11-15,Pooja Chopra
C02259,Rohan,Kumar,Male,1978-05-10,Ahmedabad,Gujarat,Freelancer,Retail,828638.29,2019-07-31,Rohan Kumar
C02260,Myra,Singh,Female,1971-04-10,Hyderabad,Telangana,Salaried,Retail,625739.89,2026-01-28,Myra Singh
C02261,Anaya,Kulkarni,Female,1981-04-28,Coimbatore,Tamil Nadu,Retired,Retail,199852.14,2018-04-28,Anaya Kulkarni
C02262,Amit,Joshi,Male,1971-08-19,Ahmedabad,Gujarat,Freelancer,SME,542910.7,2019-08-15,Amit Joshi
C02263,Aditya,Iyer,Male,1981-11-20,Chandigarh,Chandigarh,Retired,Retail,300543.5,2022-05-04,Aditya Iyer
C02264,Sai,Mishra,Male,1962-05-01,Lucknow,Uttar Pradesh,Student,SME,339385.37,2019-10-09,Sai Mishra
C02265,Karan,Kumar,Male,1991-05-06,Mysuru,Karnataka,Business Owner,Premium,384914.25,2025-09-04,Karan Kumar
C02266,Arjun,Desai,Male,1997-03-13,Lucknow,Uttar Pradesh,Self Employed,Retail,745848.26,2019-05-12,Arjun Desai
C02267,Diya,Sharma,Male,1997-03-17,Lucknow,Uttar Pradesh,Self Employed,Retail,713949.12,2018-07-04,Diya Sharma
C02268,Reyansh,Desai,Male,1966-11-19,Surat,Gujarat,Student,Retail,541478.6,2024-10-10,Reyansh Desai
C02269,Pari,Iyer,Female,1965-10-02,Indore,Madhya Pradesh,Salaried,Retail,523832.56,2022-03-24,Pari Iyer
C02270,Aditya,Agarwal,Female,1971-06-13,Delhi,Delhi,Business Owner,Premium,1389631.68,2024-09-22,Aditya Agarwal
C02271,Ayaan,Sharma,Female,1960-12-15,Chennai,Tamil Nadu,Business Owner,Premium,2467792.04,2026-02-25,Ayaan Sharma
C02272,Myra,Malhotra,Male,1968-12-08,Noida,Uttar Pradesh,Business Owner,Retail,330666.52,2021-09-19,Myra Malhotra
C02273,Amit,Desai,Male,1978-08-24,Ahmedabad,Gujarat,Freelancer,Retail,796759.38,2024-11-21,Amit Desai
C02274,Kiara,Iyer,Male,1965-11-15,Mysuru,Karnataka,Business Owner,Wealth,1180192.35,2019-12-26,Kiara Iyer
C02275,Aditya,Iyer,Female,2001-07-03,Indore,Madhya Pradesh,Retired,Retail,608514.19,2018-08-14,Aditya Iyer
C02276,Karan,Kulkarni,Male,2002-02-26,Surat,Gujarat,Student,Premium,761399.28,2025-01-21,Karan Kulkarni
C02277,Sara,Gupta,Female,2000-07-07,Indore,Madhya Pradesh,Retired,Retail,288060.5,2019-09-29,Sara Gupta
C02278,Diya,Bansal,Male,1968-07-27,Bengaluru,Karnataka,Student,Premium,1435847.53,2018-12-10,Diya Bansal
C02279,Anaya,Mehta,Male,1978-03-20,Bengaluru,Karnataka,Self Employed,Retail,677087.82,2025-11-19,Anaya Mehta
C02280,Priya,Chopra,Female,1973-03-09,Bengaluru,Karnataka,Retired,Retail,568703.24,2020-05-04,Priya Chopra
C02281,Sneha,Jain,Female,1990-09-23,Delhi,Delhi,Business Owner,Retail,433972.16,2024-05-24,Sneha Jain
C02282,Aadhya,Desai,Male,1981-04-17,Bengaluru,Karnataka,Freelancer,Retail,520628.17,2022-10-19,Aadhya Desai
C02283,Nisha,Desai,Male,1978-03-14,Ahmedabad,Gujarat,Self Employed,Retail,630710.08,2023-06-22,Nisha Desai
C02284,Rahul,Desai,Female,1977-06-12,Gurugram,Haryana,Business Owner,Retail,651259.6,2022-04-30,Rahul Desai
C02285,Sai,Kumar,Female,1990-07-09,Chandigarh,Chandigarh,Retired,Retail,454040.99,2021-03-25,Sai Kumar
C02286,Pari,Bansal,Female,1967-01-10,Kolkata,West Bengal,Student,Retail,402715.94,2023-12-27,Pari Bansal
C02287,Ayaan,Iyer,Male,1967-03-27,Coimbatore,Tamil Nadu,Retired,Premium,1014931.49,2022-12-11,Ayaan Iyer
C02288,Priya,Desai,Male,1973-05-22,Nagpur,Maharashtra,Self Employed,SME,685872.35,2019-08-27,Priya Desai
C02289,Aarav,Nair,Female,1978-08-15,Noida,Uttar Pradesh,Student,Premium,1597308.26,2026-02-09,Aarav Nair
C02290,Vivaan,Kulkarni,Male,1989-03-12,Nagpur,Maharashtra,Self Employed,Retail,470586.9,2020-07-31,Vivaan Kulkarni
C02291,Arjun,Mehta,Male,1993-03-03,Chandigarh,Chandigarh,Student,Retail,614826.58,2025-03-27,Arjun Mehta
C02292,Karan,Chopra,Female,2004-01-19,Delhi,Delhi,Student,Premium,631371.71,2026-03-09,Karan Chopra
C02293,Priya,Agarwal,Female,1960-07-07,Jaipur,Rajasthan,Self Employed,Retail,325220.53,2018-01-18,Priya Agarwal
C02294,Karan,Reddy,Male,1964-03-26,Mysuru,Karnataka,Student,SME,783037.35,2020-11-02,Karan Reddy
C02295,Aadhya,Sharma,Male,1973-04-25,Kochi,Kerala,Freelancer,Retail,1221663.7,2024-01-22,Aadhya Sharma
C02296,Aarav,Iyer,Female,1985-08-24,Chandigarh,Chandigarh,Retired,Corporate,594642.66,2021-03-17,Aarav Iyer
C02297,Pari,Verma,Male,1998-03-01,Surat,Gujarat,Self Employed,Premium,645204.38,2019-08-20,Pari Verma
C02298,Nisha,Sharma,Male,1999-06-25,Hyderabad,Telangana,Salaried,SME,314489.71,2021-09-21,Nisha Sharma
C02299,Anika,Verma,Male,1985-02-16,Chennai,Tamil Nadu,Retired,Retail,1252636.39,2023-09-19,Anika Verma
C02300,Ishaan,Verma,Female,2000-12-24,Nagpur,Maharashtra,Self Employed,Retail,345315.61,2018-09-19,Ishaan Verma
C02301,Reyansh,Agarwal,Male,1985-07-17,Kolkata,West Bengal,Business Owner,Retail,1278473.58,2023-10-11,Reyansh Agarwal
C02302,Riya,Sharma,Male,1990-05-15,Noida,Uttar Pradesh,Student,Retail,445379.35,2023-10-16,Riya Sharma
C02303,Krishna,Verma,Male,1984-05-15,Coimbatore,Tamil Nadu,Retired,Retail,794523.6,2018-06-02,Krishna Verma
C02304,Kabir,Joshi,Female,1989-11-04,Delhi,Delhi,Freelancer,Retail,613975.28,2019-02-26,Kabir Joshi
C02305,Aditya,Kapoor,Female,1965-02-12,Surat,Gujarat,Student,Retail,455138.37,2022-12-02,Aditya Kapoor
C02306,Aditya,Jain,Male,1997-12-23,Kolkata,West Bengal,Freelancer,Retail,531879.94,2021-08-07,Aditya Jain
C02307,Aditya,Kapoor,Female,1981-09-07,Mumbai,Maharashtra,Student,Retail,231626.99,2021-09-02,Aditya Kapoor
C02308,Amit,Agarwal,Male,1969-09-12,Jaipur,Rajasthan,Business Owner,Retail,530783.85,2019-10-15,Amit Agarwal
C02309,Rohan,Iyer,Female,1985-11-05,Ahmedabad,Gujarat,Student,Retail,376026.99,2022-10-19,Rohan Iyer
C02310,Aarav,Singh,Female,1991-10-28,Kochi,Kerala,Self Employed,Retail,1669672.76,2019-10-08,Aarav Singh
C02311,Ayaan,Reddy,Female,1971-08-25,Jaipur,Rajasthan,Salaried,Retail,702366.99,2025-02-26,Ayaan Reddy
C02312,Kiara,Gupta,Male,1963-03-11,Kolkata,West Bengal,Salaried,Retail,595794.26,2024-02-08,Kiara Gupta
C02313,Anika,Kumar,Female,1972-01-18,Jaipur,Rajasthan,Student,SME,487930.48,2023-04-06,Anika Kumar
C02314,Pooja,Jain,Female,1967-02-25,Jaipur,Rajasthan,Self Employed,Retail,299709.62,2018-01-05,Pooja Jain
C02315,Ishaan,Jain,Male,1963-01-15,Chandigarh,Chandigarh,Freelancer,SME,382932.07,2018-08-01,Ishaan Jain
C02316,Karan,Bansal,Male,2002-08-28,Kolkata,West Bengal,Freelancer,SME,252000.0,2024-07-02,Karan Bansal
C02317,Amit,Chopra,Female,2000-08-04,Nagpur,Maharashtra,Student,Retail,627824.06,2022-07-24,Amit Chopra
C02318,Reyansh,Nair,Female,1962-10-20,Chennai,Tamil Nadu,Salaried,Premium,359749.51,2018-03-13,Reyansh Nair
C02319,Neha,Desai,Male,1983-03-06,Chandigarh,Chandigarh,Student,SME,1298279.56,2024-12-31,Neha Desai
C02320,Ayaan,Mishra,Male,2004-03-05,Noida,Uttar Pradesh,Student,SME,846746.05,2018-03-29,Ayaan Mishra
C02321,Anaya,Jain,Male,2004-05-16,Kolkata,West Bengal,Salaried,Premium,582783.79,2021-09-08,Anaya Jain
C02322,Vivaan,Singh,Female,2004-02-02,Pune,Maharashtra,Business Owner,Retail,408892.52,2024-04-14,Vivaan Singh
C02323,Priya,Malhotra,Male,1973-11-09,Nagpur,Maharashtra,Self Employed,SME,1619883.41,2021-07-29,Priya Malhotra
C02324,Sai,Gupta,Female,1992-09-23,Chennai,Tamil Nadu,Retired,Retail,438760.23,2022-07-09,Sai Gupta
C02325,Kabir,Chopra,Female,1996-02-27,Indore,Madhya Pradesh,Freelancer,Retail,446240.67,2020-09-10,Kabir Chopra
C02326,Diya,Singh,Male,1961-04-03,Delhi,Delhi,Business Owner,SME,1026726.71,2022-05-29,Diya Singh
C02327,Aarav,Verma,Male,1981-05-28,Kochi,Kerala,Freelancer,SME,618079.13,2025-07-29,Aarav Verma
C02328,Aditya,Kapoor,Male,1961-09-13,Delhi,Delhi,Retired,Premium,707617.24,2021-10-16,Aditya Kapoor
C02329,Pooja,Verma,Male,1973-03-16,Hyderabad,Telangana,Self Employed,SME,473220.76,2021-08-04,Pooja Verma
C02330,Vivaan,Verma,Male,2001-04-13,Surat,Gujarat,Retired,Premium,1100079.95,2018-08-03,Vivaan Verma
C02331,Aarav,Nair,Male,1998-10-08,Bhopal,Madhya Pradesh,Self Employed,Retail,416521.01,2023-11-28,Aarav Nair
C02332,Amit,Kumar,Male,1981-12-09,Lucknow,Uttar Pradesh,Retired,Retail,916620.43,2020-07-31,Amit Kumar
C02333,Amit,Bansal,Female,1976-12-08,Pune,Maharashtra,Self Employed,Premium,730899.94,2023-12-27,Amit Bansal
C02334,Aditya,Desai,Female,1992-02-05,Mumbai,Maharashtra,Student,Wealth,1770561.9,2025-10-27,Aditya Desai
C02335,Rahul,Patel,Male,1989-01-28,Hyderabad,Telangana,Business Owner,Retail,552301.64,2025-08-20,Rahul Patel
C02336,Myra,Mishra,Female,1973-11-25,Kochi,Kerala,Self Employed,Corporate,970083.14,2019-01-23,Myra Mishra
C02337,Sara,Bansal,Female,1997-02-24,Kochi,Kerala,Freelancer,Retail,660647.17,2018-04-28,Sara Bansal
C02338,Sara,Chopra,Male,1985-08-14,Mysuru,Karnataka,Freelancer,Retail,895326.54,2023-12-15,Sara Chopra
C02339,Diya,Sharma,Male,1973-07-08,Kochi,Kerala,Freelancer,Retail,475958.99,2025-05-05,Diya Sharma
C02340,Kiara,Bansal,Female,2000-03-15,Ahmedabad,Gujarat,Student,SME,428652.76,2023-10-10,Kiara Bansal
C02341,Aadhya,Iyer,Male,1960-10-23,Bhopal,Madhya Pradesh,Self Employed,Premium,733585.07,2024-03-04,Aadhya Iyer
C02342,Pari,Malhotra,Male,2003-12-18,Chandigarh,Chandigarh,Self Employed,Wealth,2004697.92,2021-08-17,Pari Malhotra
C02343,Aarav,Malhotra,Male,1999-08-16,Coimbatore,Tamil Nadu,Retired,Retail,737783.45,2022-02-21,Aarav Malhotra
C02344,Vihaan,Chopra,Female,1961-06-01,Kochi,Kerala,Student,SME,259517.4,2024-03-08,Vihaan Chopra
C02345,Anika,Kulkarni,Male,1972-10-03,Nagpur,Maharashtra,Freelancer,Wealth,1136605.98,2019-04-13,Anika Kulkarni
C02346,Aarav,Mishra,Male,1993-07-02,Chennai,Tamil Nadu,Business Owner,Retail,832415.86,2021-01-09,Aarav Mishra
C02347,Diya,Kulkarni,Male,2000-03-17,Chandigarh,Chandigarh,Freelancer,SME,1041818.93,2020-08-12,Diya Kulkarni
C02348,Kabir,Verma,Female,1969-10-07,Mumbai,Maharashtra,Business Owner,Retail,552862.8,2019-12-02,Kabir Verma
C02349,Vihaan,Malhotra,Male,1961-07-22,Nagpur,Maharashtra,Student,Premium,713459.25,2019-11-20,Vihaan Malhotra
C02350,Krishna,Kapoor,Female,1960-08-21,Pune,Maharashtra,Business Owner,Retail,566633.0,2020-09-06,Krishna Kapoor
C02351,Neha,Patel,Female,2000-05-01,Indore,Madhya Pradesh,Business Owner,Premium,324000.0,2022-05-21,Neha Patel
C02352,Aadhya,Malhotra,Female,1983-07-22,Chandigarh,Chandigarh,Self Employed,Corporate,969487.97,2022-01-22,Aadhya Malhotra
C02353,Kabir,Bansal,Female,1976-06-08,Chennai,Tamil Nadu,Business Owner,Retail,593951.26,2023-10-07,Kabir Bansal
C02354,Pooja,Mehta,Female,2002-12-28,Noida,Uttar Pradesh,Freelancer,Retail,295155.13,2024-02-19,Pooja Mehta
C02355,Aadhya,Nair,Female,2000-03-28,Surat,Gujarat,Self Employed,Retail,438391.45,2019-09-24,Aadhya Nair
C02356,Nisha,Mishra,Female,2002-08-16,Mumbai,Maharashtra,Self Employed,Retail,308191.54,2019-10-14,Nisha Mishra
C02357,Priya,Bansal,Female,1999-09-07,Surat,Gujarat,Retired,Premium,973461.69,2018-05-10,Priya Bansal
C02358,Pooja,Verma,Male,1961-12-26,Kolkata,West Bengal,Retired,Retail,688776.19,2021-01-07,Pooja Verma
C02359,Vivaan,Kulkarni,Female,1989-03-24,Ahmedabad,Gujarat,Self Employed,SME,699393.03,2023-07-01,Vivaan Kulkarni
C02360,Kiara,Singh,Female,1997-06-09,Delhi,Delhi,Retired,Premium,845961.12,2021-12-09,Kiara Singh
C02361,Ishaan,Joshi,Female,1982-01-22,Mysuru,Karnataka,Self Employed,Retail,224336.19,2018-09-23,Ishaan Joshi
C02362,Rahul,Mehta,Female,1989-10-09,Delhi,Delhi,Retired,Corporate,1701093.64,2021-09-16,Rahul Mehta
C02363,Diya,Kapoor,Male,1965-12-24,Noida,Uttar Pradesh,Business Owner,SME,382697.5,2019-11-15,Diya Kapoor
C02364,Rohan,Chopra,Male,1982-03-15,Ahmedabad,Gujarat,Freelancer,SME,344961.06,2021-11-09,Rohan Chopra
C02365,Neha,Desai,Female,2004-01-17,Mysuru,Karnataka,Business Owner,Retail,320256.45,2021-11-02,Neha Desai
C02366,Sara,Nair,Female,1976-11-25,Bengaluru,Karnataka,Business Owner,Retail,334744.77,2021-07-04,Sara Nair
C02367,Sai,Malhotra,Male,2004-08-23,Lucknow,Uttar Pradesh,Student,Retail,590754.92,2023-02-10,Sai Malhotra
C02368,Sara,Desai,Female,1975-08-09,Noida,Uttar Pradesh,Freelancer,Retail,249918.22,2026-02-04,Sara Desai
C02369,Ira,Gupta,Female,1987-05-04,Gurugram,Haryana,Student,Retail,381991.62,2019-10-17,Ira Gupta
C02370,Kiara,Mehta,Male,1997-10-02,Mumbai,Maharashtra,Self Employed,Retail,234941.96,2024-12-08,Kiara Mehta
C02371,Vivaan,Iyer,Male,1981-02-14,Chandigarh,Chandigarh,Self Employed,Corporate,1780145.77,2025-08-05,Vivaan Iyer
C02372,Rahul,Agarwal,Male,1988-04-22,Surat,Gujarat,Business Owner,SME,252000.0,2023-08-19,Rahul Agarwal
C02373,Rahul,Mehta,Female,1965-11-10,Kolkata,West Bengal,Business Owner,Premium,410580.79,2022-02-09,Rahul Mehta
C02374,Krishna,Singh,Female,2003-03-18,Pune,Maharashtra,Business Owner,Retail,559586.64,2022-02-28,Krishna Singh
C02375,Nisha,Patel,Male,1984-08-06,Jaipur,Rajasthan,Freelancer,Premium,605863.91,2021-05-10,Nisha Patel
C02376,Rohan,Kapoor,Female,1987-10-12,Lucknow,Uttar Pradesh,Student,Retail,1490376.48,2019-05-02,Rohan Kapoor
C02377,Karan,Kulkarni,Male,1980-01-14,Mysuru,Karnataka,Student,Retail,2096439.35,2021-10-23,Karan Kulkarni
C02378,Rohan,Mishra,Male,1988-04-28,Bengaluru,Karnataka,Freelancer,Retail,233266.59,2018-08-08,Rohan Mishra
C02379,Ayaan,Chopra,Male,1991-04-27,Bhopal,Madhya Pradesh,Business Owner,Premium,358833.49,2022-12-19,Ayaan Chopra
C02380,Myra,Jain,Male,2003-08-14,Noida,Uttar Pradesh,Student,Corporate,481067.44,2025-03-20,Myra Jain
C02381,Reyansh,Verma,Female,1982-10-24,Chennai,Tamil Nadu,Business Owner,Premium,1124083.46,2021-07-25,Reyansh Verma
C02382,Ira,Mehta,Female,1960-03-01,Pune,Maharashtra,Retired,Retail,755785.44,2024-11-15,Ira Mehta
C02383,Anaya,Agarwal,Female,1973-12-10,Pune,Maharashtra,Student,Premium,1227373.96,2022-06-13,Anaya Agarwal
C02384,Rohan,Kulkarni,Female,1975-11-25,Pune,Maharashtra,Business Owner,Retail,643538.34,2025-01-05,Rohan Kulkarni
C02385,Vihaan,Verma,Male,1994-12-24,Bengaluru,Karnataka,Self Employed,Retail,801785.94,2024-02-29,Vihaan Verma
C02386,Ayaan,Reddy,Female,1988-03-03,Delhi,Delhi,Salaried,Retail,575210.41,2019-02-16,Ayaan Reddy
C02387,Sai,Desai,Male,1979-03-05,Kochi,Kerala,Self Employed,Retail,213191.95,2018-05-10,Sai Desai
C02388,Vihaan,Bansal,Male,1972-11-24,Kochi,Kerala,Student,Retail,652206.81,2018-02-07,Vihaan Bansal
C02389,Aadhya,Mishra,Male,1994-10-22,Lucknow,Uttar Pradesh,Student,Premium,775589.78,2023-09-22,Aadhya Mishra
C02390,Neha,Gupta,Male,1979-11-16,Nagpur,Maharashtra,Student,Retail,380679.26,2018-02-06,Neha Gupta
C02391,Sneha,Malhotra,Female,1967-07-08,Jaipur,Rajasthan,Salaried,Retail,238391.84,2020-01-09,Sneha Malhotra
C02392,Krishna,Nair,Female,1989-01-17,Noida,Uttar Pradesh,Business Owner,Retail,482309.35,2022-01-28,Krishna Nair
C02393,Vihaan,Mishra,Male,1998-08-05,Surat,Gujarat,Student,Premium,625853.95,2022-10-19,Vihaan Mishra
C02394,Amit,Agarwal,Female,1965-04-15,Indore,Madhya Pradesh,Self Employed,Retail,538663.06,2022-10-10,Amit Agarwal
C02395,Aadhya,Kulkarni,Male,1997-06-13,Lucknow,Uttar Pradesh,Salaried,Retail,1169430.09,2022-03-05,Aadhya Kulkarni
C02396,Sara,Nair,Male,1991-04-15,Kolkata,West Bengal,Self Employed,Retail,587511.58,2026-03-07,Sara Nair
C02397,Aadhya,Patel,Female,1973-11-21,Delhi,Delhi,Business Owner,SME,876110.56,2022-05-21,Aadhya Patel
C02398,Rohan,Gupta,Male,1971-08-14,Ahmedabad,Gujarat,Student,Retail,303197.76,2022-09-01,Rohan Gupta
C02399,Ira,Mehta,Male,2003-05-06,Mysuru,Karnataka,Retired,Premium,502324.36,2022-06-14,Ira Mehta
C02400,Pari,Chopra,Female,1986-04-14,Kochi,Kerala,Salaried,Retail,301930.09,2020-06-05,Pari Chopra
C02401,Karan,Mehta,Female,1995-09-25,Ahmedabad,Gujarat,Freelancer,Wealth,576715.77,2020-07-18,Karan Mehta
C02402,Karan,Verma,Female,1982-10-06,Bengaluru,Karnataka,Business Owner,Corporate,1168617.45,2024-09-16,Karan Verma
C02403,Aditya,Malhotra,Female,1977-02-02,Lucknow,Uttar Pradesh,Self Employed,SME,938864.53,2019-06-10,Aditya Malhotra
C02404,Vihaan,Kulkarni,Female,1970-05-16,Bhopal,Madhya Pradesh,Freelancer,Retail,321939.95,2018-08-07,Vihaan Kulkarni
C02405,Ira,Reddy,Female,1981-11-15,Indore,Madhya Pradesh,Business Owner,Retail,1659772.89,2024-07-10,Ira Reddy
C02406,Sneha,Iyer,Female,1988-10-20,Chandigarh,Chandigarh,Business Owner,Retail,180000.0,2023-10-18,Sneha Iyer
C02407,Priya,Iyer,Female,1995-10-18,Mysuru,Karnataka,Self Employed,Premium,324000.0,2019-01-23,Priya Iyer
C02408,Diya,Kulkarni,Male,1972-02-06,Surat,Gujarat,Freelancer,Premium,1630378.19,2022-08-25,Diya Kulkarni
C02409,Rahul,Joshi,Male,1986-10-10,Mysuru,Karnataka,Student,Premium,802233.38,2023-12-13,Rahul Joshi
C02410,Neha,Kumar,Male,2004-01-04,Gurugram,Haryana,Student,Corporate,483086.41,2020-06-27,Neha Kumar
C02411,Ira,Iyer,Female,1986-02-26,Noida,Uttar Pradesh,Retired,SME,252000.0,2018-05-31,Ira Iyer
C02412,Riya,Desai,Female,1979-12-20,Pune,Maharashtra,Business Owner,SME,295072.57,2023-10-15,Riya Desai
C02413,Pari,Malhotra,Male,1992-04-11,Coimbatore,Tamil Nadu,Self Employed,Premium,427154.78,2023-05-28,Pari Malhotra
C02414,Anaya,Malhotra,Male,1973-10-21,Hyderabad,Telangana,Freelancer,Retail,636217.54,2020-11-06,Anaya Malhotra
C02415,Neha,Malhotra,Female,1986-03-04,Indore,Madhya Pradesh,Self Employed,SME,564762.51,2024-05-29,Neha Malhotra
C02416,Krishna,Iyer,Male,1976-06-09,Chandigarh,Chandigarh,Salaried,Retail,180000.0,2021-07-09,Krishna Iyer
C02417,Pooja,Iyer,Male,1973-01-20,Ahmedabad,Gujarat,Freelancer,Retail,536491.6,2024-08-01,Pooja Iyer
C02418,Arjun,Reddy,Male,2004-11-10,Surat,Gujarat,Retired,Retail,797466.86,2024-11-08,Arjun Reddy
C02419,Anaya,Patel,Female,1971-12-04,Chandigarh,Chandigarh,Student,Retail,1452791.71,2023-09-13,Anaya Patel
C02420,Myra,Sharma,Female,1964-04-07,Bengaluru,Karnataka,Freelancer,Wealth,868449.75,2019-07-12,Myra Sharma
C02421,Sai,Kumar,Female,1990-11-08,Mysuru,Karnataka,Salaried,Premium,562405.25,2025-09-20,Sai Kumar
C02422,Kiara,Iyer,Female,1993-12-08,Chandigarh,Chandigarh,Salaried,SME,252000.0,2019-01-21,Kiara Iyer
C02423,Anika,Reddy,Male,1966-11-26,Kochi,Kerala,Freelancer,Retail,324304.07,2025-06-29,Anika Reddy
C02424,Neha,Mishra,Female,1970-12-09,Mumbai,Maharashtra,Student,Retail,731377.31,2022-08-12,Neha Mishra
C02425,Anaya,Bansal,Female,2004-02-04,Kolkata,West Bengal,Salaried,Premium,829365.35,2024-11-14,Anaya Bansal
C02426,Neha,Patel,Male,1978-02-10,Nagpur,Maharashtra,Student,Retail,235680.27,2018-06-09,Neha Patel
C02427,Kabir,Mishra,Male,1979-11-05,Coimbatore,Tamil Nadu,Retired,Retail,368671.43,2020-01-04,Kabir Mishra
C02428,Sai,Kapoor,Male,1964-11-27,Ahmedabad,Gujarat,Salaried,Corporate,730445.19,2025-02-10,Sai Kapoor
C02429,Kiara,Mishra,Male,1975-08-13,Gurugram,Haryana,Self Employed,Premium,659375.42,2024-05-23,Kiara Mishra
C02430,Aditya,Malhotra,Male,1974-04-18,Kolkata,West Bengal,Retired,Retail,475174.54,2025-08-04,Aditya Malhotra
C02431,Priya,Singh,Female,1999-04-26,Mumbai,Maharashtra,Salaried,Corporate,396000.0,2022-03-31,Priya Singh
C02432,Sneha,Nair,Male,2003-03-17,Surat,Gujarat,Self Employed,Corporate,744366.0,2020-11-20,Sneha Nair
C02433,Nisha,Mishra,Female,1990-06-04,Noida,Uttar Pradesh,Freelancer,SME,889804.43,2018-06-02,Nisha Mishra
C02434,Sai,Chopra,Male,1987-06-26,Bhopal,Madhya Pradesh,Retired,Retail,209645.28,2021-09-12,Sai Chopra
C02435,Amit,Malhotra,Female,1961-08-09,Coimbatore,Tamil Nadu,Retired,Retail,665362.11,2021-01-19,Amit Malhotra
C02436,Kiara,Nair,Female,2000-01-08,Indore,Madhya Pradesh,Self Employed,Premium,1656835.54,2021-08-14,Kiara Nair
C02437,Anika,Agarwal,Male,1966-08-13,Chandigarh,Chandigarh,Salaried,Retail,341063.79,2018-06-04,Anika Agarwal
C02438,Karan,Reddy,Female,1997-06-09,Nagpur,Maharashtra,Freelancer,Retail,449099.46,2026-03-08,Karan Reddy
C02439,Pari,Malhotra,Female,2001-07-22,Chandigarh,Chandigarh,Student,Retail,951507.71,2018-03-09,Pari Malhotra
C02440,Krishna,Mishra,Female,2004-02-15,Surat,Gujarat,Salaried,Premium,868616.24,2018-11-27,Krishna Mishra
C02441,Sara,Desai,Female,1973-09-09,Mumbai,Maharashtra,Student,Corporate,903949.79,2026-03-01,Sara Desai
C02442,Aarav,Gupta,Female,1960-11-11,Coimbatore,Tamil Nadu,Student,Retail,642029.0,2025-06-05,Aarav Gupta
C02443,Diya,Mishra,Female,1976-10-24,Chennai,Tamil Nadu,Retired,Premium,324000.0,2023-10-20,Diya Mishra
C02444,Kiara,Bansal,Male,1961-05-11,Coimbatore,Tamil Nadu,Student,Corporate,490170.76,2021-11-06,Kiara Bansal
C02445,Sara,Malhotra,Male,1962-03-27,Chennai,Tamil Nadu,Business Owner,Premium,1303792.38,2022-12-31,Sara Malhotra
C02446,Priya,Jain,Female,1979-01-28,Mysuru,Karnataka,Freelancer,Retail,922815.86,2019-12-08,Priya Jain
C02447,Ira,Nair,Male,1979-09-26,Ahmedabad,Gujarat,Freelancer,Retail,313974.2,2022-07-26,Ira Nair
C02448,Pooja,Patel,Male,1963-11-13,Kochi,Kerala,Salaried,Retail,448969.4,2019-08-02,Pooja Patel
C02449,Priya,Jain,Female,1995-10-13,Jaipur,Rajasthan,Business Owner,Premium,1185667.54,2023-11-18,Priya Jain
C02450,Reyansh,Bansal,Male,1990-01-07,Ahmedabad,Gujarat,Business Owner,Retail,406520.32,2021-05-30,Reyansh Bansal
C02451,Pooja,Mehta,Male,1973-11-20,Chennai,Tamil Nadu,Salaried,Retail,451502.82,2024-01-10,Pooja Mehta
C02452,Sara,Verma,Female,2003-03-07,Bengaluru,Karnataka,Self Employed,Retail,400990.11,2019-05-24,Sara Verma
C02453,Rohan,Bansal,Male,1979-05-28,Jaipur,Rajasthan,Student,Retail,415224.85,2020-09-30,Rohan Bansal
C02454,Anika,Mishra,Female,1988-09-11,Ahmedabad,Gujarat,Student,Premium,871896.69,2020-12-21,Anika Mishra
C02455,Arjun,Kapoor,Female,1983-10-09,Indore,Madhya Pradesh,Self Employed,Premium,2428460.77,2023-01-02,Arjun Kapoor
C02456,Anika,Jain,Female,1976-01-25,Jaipur,Rajasthan,Salaried,Corporate,933244.44,2020-12-22,Anika Jain
C02457,Diya,Joshi,Female,1961-08-14,Delhi,Delhi,Salaried,Retail,180000.0,2018-11-08,Diya Joshi
C02458,Sneha,Verma,Male,1990-04-21,Coimbatore,Tamil Nadu,Retired,Corporate,396000.0,2021-02-11,Sneha Verma
C02459,Ishaan,Reddy,Female,1986-06-13,Pune,Maharashtra,Self Employed,Retail,445864.3,2023-11-22,Ishaan Reddy
C02460,Reyansh,Singh,Female,2001-11-14,Coimbatore,Tamil Nadu,Student,Retail,368826.17,2018-05-11,Reyansh Singh
C02461,Amit,Desai,Female,1962-05-15,Mumbai,Maharashtra,Salaried,Retail,905172.18,2018-11-19,Amit Desai
C02462,Aditya,Patel,Male,2004-10-17,Chandigarh,Chandigarh,Freelancer,Premium,3027616.2,2021-07-27,Aditya Patel
C02463,Ishaan,Nair,Female,1973-12-15,Bhopal,Madhya Pradesh,Student,Corporate,674091.24,2022-10-08,Ishaan Nair
C02464,Krishna,Kulkarni,Female,1992-11-25,Bengaluru,Karnataka,Student,Premium,821989.78,2025-07-12,Krishna Kulkarni
C02465,Diya,Chopra,Female,1995-03-23,Ahmedabad,Gujarat,Retired,Premium,1750367.38,2024-07-28,Diya Chopra
C02466,Ayaan,Mehta,Male,1961-09-21,Kolkata,West Bengal,Freelancer,Premium,618594.98,2020-01-10,Ayaan Mehta
C02467,Rahul,Jain,Male,1971-08-14,Nagpur,Maharashtra,Retired,SME,1010902.31,2024-01-01,Rahul Jain
C02468,Aditya,Malhotra,Female,1971-03-03,Surat,Gujarat,Student,Retail,371347.2,2018-05-13,Aditya Malhotra
C02469,Aditya,Reddy,Female,1991-05-15,Chennai,Tamil Nadu,Freelancer,SME,319728.46,2023-08-12,Aditya Reddy
C02470,Reyansh,Iyer,Female,1970-05-15,Coimbatore,Tamil Nadu,Business Owner,Retail,357249.0,2019-02-27,Reyansh Iyer
C02471,Rahul,Desai,Male,2003-03-24,Mumbai,Maharashtra,Retired,Retail,447796.22,2025-08-25,Rahul Desai
C02472,Aditya,Joshi,Female,1986-05-28,Surat,Gujarat,Salaried,SME,605999.46,2023-09-02,Aditya Joshi
C02473,Reyansh,Mishra,Female,1960-03-12,Noida,Uttar Pradesh,Freelancer,Retail,458327.15,2019-11-19,Reyansh Mishra
C02474,Ishaan,Patel,Male,1991-09-20,Mysuru,Karnataka,Retired,Retail,180000.0,2022-03-17,Ishaan Patel
C02475,Diya,Mishra,Male,1983-09-27,Coimbatore,Tamil Nadu,Self Employed,SME,1076917.62,2024-01-13,Diya Mishra
C02476,Anika,Verma,Male,1966-10-08,Noida,Uttar Pradesh,Self Employed,Retail,788554.93,2023-12-23,Anika Verma
C02477,Diya,Kapoor,Female,1976-07-07,Bengaluru,Karnataka,Freelancer,Retail,180000.0,2020-09-18,Diya Kapoor
C02478,Nisha,Joshi,Female,1997-12-04,Pune,Maharashtra,Salaried,Retail,449888.78,2018-12-23,Nisha Joshi
C02479,Diya,Joshi,Male,1985-02-07,Chennai,Tamil Nadu,Salaried,Retail,284705.2,2021-08-06,Diya Joshi
C02480,Anika,Patel,Male,1962-04-02,Lucknow,Uttar Pradesh,Salaried,SME,437167.65,2024-11-30,Anika Patel
C02481,Kiara,Bansal,Male,1983-10-18,Surat,Gujarat,Freelancer,Retail,641659.5,2021-06-05,Kiara Bansal
C02482,Riya,Mishra,Female,1979-02-26,Coimbatore,Tamil Nadu,Business Owner,Premium,420424.04,2019-09-18,Riya Mishra
C02483,Vihaan,Sharma,Female,1986-05-22,Pune,Maharashtra,Salaried,Retail,672391.79,2025-10-16,Vihaan Sharma
C02484,Sai,Reddy,Male,2001-07-23,Ahmedabad,Gujarat,Freelancer,Premium,1434284.32,2019-05-21,Sai Reddy
C02485,Sai,Chopra,Female,1994-03-14,Ahmedabad,Gujarat,Self Employed,SME,425357.53,2018-05-05,Sai Chopra
C02486,Pooja,Sharma,Male,1972-11-09,Bhopal,Madhya Pradesh,Business Owner,Retail,1166572.95,2024-05-18,Pooja Sharma
C02487,Arjun,Malhotra,Female,1968-11-26,Lucknow,Uttar Pradesh,Salaried,Premium,678091.07,2025-11-21,Arjun Malhotra
C02488,Priya,Reddy,Female,1970-03-01,Noida,Uttar Pradesh,Retired,Retail,571260.15,2023-07-14,Priya Reddy
C02489,Aditya,Nair,Female,1976-04-18,Delhi,Delhi,Self Employed,Retail,180000.0,2026-01-16,Aditya Nair
C02490,Sneha,Chopra,Male,1981-11-17,Pune,Maharashtra,Business Owner,SME,1251540.99,2024-03-12,Sneha Chopra
C02491,Sneha,Chopra,Female,1971-03-09,Mumbai,Maharashtra,Salaried,Retail,725798.0,2026-01-19,Sneha Chopra
C02492,Ira,Iyer,Female,1961-05-28,Nagpur,Maharashtra,Student,Retail,446550.39,2025-09-18,Ira Iyer
C02493,Kiara,Singh,Male,1973-01-04,Hyderabad,Telangana,Retired,SME,252000.0,2024-04-08,Kiara Singh
C02494,Neha,Mishra,Male,1993-09-17,Indore,Madhya Pradesh,Salaried,Retail,766569.59,2020-04-23,Neha Mishra
C02495,Pari,Sharma,Male,2002-01-14,Ahmedabad,Gujarat,Salaried,Premium,1213822.04,2026-02-25,Pari Sharma
C02496,Rohan,Kulkarni,Male,1995-07-01,Noida,Uttar Pradesh,Retired,SME,594290.9,2024-11-25,Rohan Kulkarni
C02497,Sai,Kapoor,Female,1973-09-01,Mumbai,Maharashtra,Business Owner,Retail,354371.94,2018-10-28,Sai Kapoor
C02498,Anika,Mehta,Female,1967-05-15,Nagpur,Maharashtra,Salaried,SME,395066.08,2022-08-02,Anika Mehta
C02499,Rohan,Chopra,Female,1973-11-02,Indore,Madhya Pradesh,Salaried,SME,504953.33,2024-03-29,Rohan Chopra
C02500,Rahul,Iyer,Female,1992-09-13,Hyderabad,Telangana,Freelancer,SME,696907.58,2025-05-30,Rahul Iyer
C02501,Sai,Kumar,Male,1997-03-12,Delhi,Delhi,Freelancer,Corporate,2372321.8,2024-01-07,Sai Kumar
C02502,Nisha,Agarwal,Female,1967-09-07,Mumbai,Maharashtra,Student,Retail,390608.18,2024-01-02,Nisha Agarwal
C02503,Riya,Chopra,Female,2003-07-16,Chennai,Tamil Nadu,Business Owner,SME,806367.39,2024-03-09,Riya Chopra
C02504,Anaya,Singh,Male,1990-05-24,Lucknow,Uttar Pradesh,Self Employed,Retail,300329.46,2022-01-03,Anaya Singh
C02505,Riya,Kumar,Female,1965-08-11,Noida,Uttar Pradesh,Business Owner,SME,1123858.76,2024-01-11,Riya Kumar
C02506,Karan,Kumar,Female,1977-02-22,Jaipur,Rajasthan,Student,Retail,180000.0,2021-08-16,Karan Kumar
C02507,Ayaan,Reddy,Female,2001-02-26,Mysuru,Karnataka,Business Owner,Premium,789314.71,2021-07-27,Ayaan Reddy
C02508,Ira,Mishra,Female,1982-11-14,Bengaluru,Karnataka,Self Employed,Retail,239383.54,2026-02-07,Ira Mishra
C02509,Rahul,Gupta,Female,1963-10-07,Mumbai,Maharashtra,Self Employed,Retail,444626.38,2018-06-04,Rahul Gupta
C02510,Amit,Malhotra,Male,1980-10-16,Bengaluru,Karnataka,Business Owner,Premium,393481.06,2025-06-07,Amit Malhotra
C02511,Neha,Verma,Male,1970-08-13,Chandigarh,Chandigarh,Freelancer,Retail,690663.6,2023-09-05,Neha Verma
C02512,Aditya,Iyer,Male,1977-01-26,Pune,Maharashtra,Student,Retail,1052291.67,2020-09-18,Aditya Iyer
C02513,Anaya,Reddy,Female,1993-07-13,Kolkata,West Bengal,Student,Wealth,1102795.26,2018-03-06,Anaya Reddy
C02514,Pooja,Chopra,Male,1975-10-05,Kolkata,West Bengal,Student,SME,607181.55,2019-07-12,Pooja Chopra
C02515,Vihaan,Mishra,Male,2000-06-24,Pune,Maharashtra,Freelancer,Retail,283581.88,2023-12-14,Vihaan Mishra
C02516,Diya,Verma,Male,1986-08-24,Kolkata,West Bengal,Salaried,Premium,1911510.13,2022-01-03,Diya Verma
C02517,Myra,Iyer,Female,2001-11-07,Coimbatore,Tamil Nadu,Retired,Premium,2260220.26,2019-07-23,Myra Iyer
C02518,Aadhya,Jain,Female,1970-07-06,Bengaluru,Karnataka,Business Owner,Retail,224419.93,2022-06-08,Aadhya Jain
C02519,Anaya,Patel,Male,1988-09-20,Mumbai,Maharashtra,Retired,Corporate,408798.59,2023-08-30,Anaya Patel
C02520,Krishna,Nair,Male,1989-08-12,Bengaluru,Karnataka,Business Owner,Retail,180000.0,2024-10-10,Krishna Nair
C02521,Sai,Agarwal,Male,1981-04-22,Gurugram,Haryana,Retired,Retail,1247676.58,2025-03-23,Sai Agarwal
C02522,Amit,Iyer,Male,2002-10-16,Coimbatore,Tamil Nadu,Student,Retail,408405.0,2018-03-18,Amit Iyer
C02523,Kabir,Nair,Male,1980-05-24,Kolkata,West Bengal,Student,Premium,1288117.75,2024-01-09,Kabir Nair
C02524,Arjun,Sharma,Female,2002-08-04,Indore,Madhya Pradesh,Retired,Retail,364585.61,2018-08-09,Arjun Sharma
C02525,Pari,Kulkarni,Female,1985-12-08,Indore,Madhya Pradesh,Salaried,Retail,278438.59,2018-07-28,Pari Kulkarni
C02526,Amit,Nair,Female,1967-02-11,Pune,Maharashtra,Self Employed,Premium,619173.7,2025-06-09,Amit Nair
C02527,Diya,Kulkarni,Female,2002-05-23,Bengaluru,Karnataka,Student,Retail,259368.98,2020-11-08,Diya Kulkarni
C02528,Vihaan,Chopra,Female,1974-06-09,Mysuru,Karnataka,Freelancer,Premium,1219241.12,2022-03-13,Vihaan Chopra
C02529,Diya,Desai,Female,1973-10-22,Jaipur,Rajasthan,Retired,Retail,331300.12,2018-03-14,Diya Desai
C02530,Ira,Gupta,Female,1982-08-24,Nagpur,Maharashtra,Student,Premium,1302971.02,2018-07-01,Ira Gupta
C02531,Ayaan,Joshi,Female,1993-05-21,Delhi,Delhi,Student,Premium,1240086.06,2018-01-08,Ayaan Joshi
C02532,Krishna,Jain,Female,1961-08-04,Chennai,Tamil Nadu,Freelancer,Retail,367948.6,2025-10-11,Krishna Jain
C02533,Vivaan,Agarwal,Male,1978-02-18,Lucknow,Uttar Pradesh,Student,Retail,341708.02,2021-03-06,Vivaan Agarwal
C02534,Rohan,Verma,Male,1985-01-04,Kolkata,West Bengal,Student,Retail,283418.78,2018-05-25,Rohan Verma
C02535,Kiara,Mishra,Male,1989-10-26,Ahmedabad,Gujarat,Retired,Premium,913962.53,2021-07-04,Kiara Mishra
C02536,Ayaan,Malhotra,Female,2003-02-13,Coimbatore,Tamil Nadu,Student,SME,316598.95,2022-07-04,Ayaan Malhotra
C02537,Ira,Mishra,Female,1982-04-26,Lucknow,Uttar Pradesh,Salaried,Retail,570727.22,2023-06-27,Ira Mishra
C02538,Reyansh,Mehta,Female,1989-03-05,Pune,Maharashtra,Salaried,Retail,180000.0,2020-03-05,Reyansh Mehta
C02539,Ishaan,Kumar,Female,1960-02-09,Chandigarh,Chandigarh,Freelancer,Retail,1323210.34,2021-06-22,Ishaan Kumar
C02540,Neha,Kapoor,Female,1974-07-13,Chandigarh,Chandigarh,Student,SME,1107724.73,2018-09-14,Neha Kapoor
C02541,Sneha,Desai,Female,1993-01-07,Hyderabad,Telangana,Business Owner,Premium,686914.69,2024-04-15,Sneha Desai
C02542,Rohan,Bansal,Male,1984-01-17,Delhi,Delhi,Freelancer,Retail,662136.2,2023-04-13,Rohan Bansal
C02543,Amit,Agarwal,Female,1976-12-25,Nagpur,Maharashtra,Student,Corporate,490362.0,2024-07-17,Amit Agarwal
C02544,Sai,Iyer,Male,1965-03-22,Mysuru,Karnataka,Student,Retail,180000.0,2018-12-05,Sai Iyer
C02545,Amit,Iyer,Female,1997-08-26,Mysuru,Karnataka,Business Owner,Premium,1406499.32,2025-01-21,Amit Iyer
C02546,Krishna,Nair,Male,1984-06-23,Hyderabad,Telangana,Salaried,Retail,230351.6,2023-11-04,Krishna Nair
C02547,Reyansh,Chopra,Female,2004-09-22,Mysuru,Karnataka,Self Employed,SME,1107795.82,2023-09-25,Reyansh Chopra
C02548,Anika,Gupta,Male,2003-06-05,Mumbai,Maharashtra,Student,Retail,509440.02,2026-02-06,Anika Gupta
C02549,Sara,Patel,Female,1992-05-25,Surat,Gujarat,Student,Retail,637185.29,2025-07-10,Sara Patel
C02550,Anaya,Reddy,Male,1970-01-03,Delhi,Delhi,Salaried,Retail,454140.09,2019-04-01,Anaya Reddy
C02551,Ira,Jain,Female,1988-03-18,Gurugram,Haryana,Business Owner,Retail,388480.02,2023-04-04,Ira Jain
C02552,Kiara,Gupta,Male,1962-12-19,Indore,Madhya Pradesh,Student,Retail,354940.19,2022-03-26,Kiara Gupta
C02553,Aditya,Bansal,Male,1998-06-01,Delhi,Delhi,Salaried,Retail,706379.46,2023-08-06,Aditya Bansal
C02554,Rohan,Nair,Male,1962-05-18,Delhi,Delhi,Retired,Retail,458032.18,2022-05-17,Rohan Nair
C02555,Ishaan,Iyer,Female,1974-01-08,Nagpur,Maharashtra,Business Owner,SME,806268.27,2024-11-23,Ishaan Iyer
C02556,Ayaan,Mishra,Male,1989-05-04,Surat,Gujarat,Student,Premium,1528656.07,2020-10-21,Ayaan Mishra
C02557,Ishaan,Singh,Female,1962-10-24,Nagpur,Maharashtra,Freelancer,Premium,786139.65,2019-04-14,Ishaan Singh
C02558,Aadhya,Malhotra,Male,1988-11-02,Chandigarh,Chandigarh,Retired,Retail,470466.45,2022-05-22,Aadhya Malhotra
C02559,Nisha,Chopra,Male,1960-08-09,Jaipur,Rajasthan,Business Owner,Retail,256784.35,2019-12-05,Nisha Chopra
C02560,Aarav,Malhotra,Female,1960-03-06,Ahmedabad,Gujarat,Business Owner,Retail,1145852.15,2021-02-05,Aarav Malhotra
C02561,Diya,Malhotra,Male,1960-03-28,Bhopal,Madhya Pradesh,Retired,SME,699673.93,2021-05-05,Diya Malhotra
C02562,Nisha,Iyer,Male,2003-10-21,Noida,Uttar Pradesh,Student,Retail,378131.14,2021-06-29,Nisha Iyer
C02563,Aarav,Kumar,Male,1976-07-19,Coimbatore,Tamil Nadu,Business Owner,Retail,581956.95,2018-07-12,Aarav Kumar
C02564,Kabir,Kapoor,Female,1969-09-08,Bengaluru,Karnataka,Retired,Retail,492116.9,2024-06-26,Kabir Kapoor
C02565,Karan,Jain,Male,1974-06-26,Mumbai,Maharashtra,Student,Corporate,1084174.45,2025-11-04,Karan Jain
C02566,Pari,Nair,Male,1972-01-12,Mumbai,Maharashtra,Self Employed,Retail,421626.24,2020-11-04,Pari Nair
C02567,Amit,Malhotra,Female,1960-06-03,Ahmedabad,Gujarat,Self Employed,Wealth,540000.0,2020-09-06,Amit Malhotra
C02568,Aadhya,Kulkarni,Female,1984-09-09,Jaipur,Rajasthan,Freelancer,Retail,556411.46,2022-11-20,Aadhya Kulkarni
C02569,Kabir,Mehta,Male,1960-07-09,Pune,Maharashtra,Freelancer,Retail,742485.67,2023-04-20,Kabir Mehta
C02570,Rahul,Kulkarni,Female,1962-04-08,Lucknow,Uttar Pradesh,Student,Retail,504045.92,2020-12-17,Rahul Kulkarni
C02571,Myra,Joshi,Male,1967-01-10,Coimbatore,Tamil Nadu,Retired,Retail,581490.79,2019-01-15,Myra Joshi
C02572,Myra,Mishra,Female,1984-01-28,Kolkata,West Bengal,Retired,Retail,301150.98,2026-01-20,Myra Mishra
C02573,Pari,Jain,Female,1990-07-27,Chennai,Tamil Nadu,Business Owner,Retail,215804.87,2023-01-16,Pari Jain
C02574,Pari,Kulkarni,Male,1978-11-24,Kolkata,West Bengal,Self Employed,Retail,371015.32,2022-05-06,Pari Kulkarni
C02575,Riya,Agarwal,Female,1973-05-17,Nagpur,Maharashtra,Freelancer,Retail,790197.06,2022-04-07,Riya Agarwal
C02576,Pooja,Mishra,Male,1982-12-14,Bhopal,Madhya Pradesh,Freelancer,Retail,353024.7,2026-01-19,Pooja Mishra
C02577,Vivaan,Mishra,Female,1964-04-17,Surat,Gujarat,Student,Retail,366479.72,2023-02-12,Vivaan Mishra
C02578,Nisha,Bansal,Male,1998-06-15,Jaipur,Rajasthan,Student,Retail,620379.57,2020-07-01,Nisha Bansal
C02579,Ayaan,Desai,Male,1989-10-06,Indore,Madhya Pradesh,Self Employed,SME,293582.66,2024-03-18,Ayaan Desai
C02580,Nisha,Kumar,Female,1986-03-06,Chandigarh,Chandigarh,Self Employed,Premium,324000.0,2019-11-03,Nisha Kumar
C02581,Pari,Mehta,Female,1972-11-25,Lucknow,Uttar Pradesh,Business Owner,Retail,625442.5,2022-04-02,Pari Mehta
C02582,Krishna,Mehta,Male,1985-12-01,Mumbai,Maharashtra,Student,SME,1229182.57,2024-11-11,Krishna Mehta
C02583,Amit,Singh,Female,2001-03-07,Kolkata,West Bengal,Salaried,Retail,469049.3,2019-07-14,Amit Singh
C02584,Ira,Malhotra,Female,1981-04-16,Bhopal,Madhya Pradesh,Business Owner,Premium,1266507.76,2023-12-18,Ira Malhotra
C02585,Sneha,Agarwal,Male,1981-04-04,Indore,Madhya Pradesh,Business Owner,Retail,597799.89,2019-11-14,Sneha Agarwal
C02586,Ishaan,Singh,Female,1982-05-05,Kolkata,West Bengal,Business Owner,Retail,355037.96,2018-05-03,Ishaan Singh
C02587,Aarav,Kumar,Male,1995-07-18,Indore,Madhya Pradesh,Self Employed,Retail,1148277.45,2026-02-05,Aarav Kumar
C02588,Nisha,Patel,Female,1968-03-04,Nagpur,Maharashtra,Retired,Retail,204502.16,2022-07-02,Nisha Patel
C02589,Sai,Agarwal,Female,1973-10-25,Surat,Gujarat,Self Employed,Premium,1051912.39,2025-11-05,Sai Agarwal
C02590,Pari,Gupta,Female,1976-03-26,Bengaluru,Karnataka,Freelancer,Retail,355138.6,2024-06-23,Pari Gupta
C02591,Anika,Malhotra,Male,1979-05-04,Ahmedabad,Gujarat,Student,Retail,180000.0,2018-01-19,Anika Malhotra
C02592,Rohan,Patel,Male,1980-02-23,Mumbai,Maharashtra,Salaried,Retail,459152.53,2019-08-26,Rohan Patel
C02593,Krishna,Patel,Female,2001-01-03,Gurugram,Haryana,Business Owner,Premium,784767.91,2023-12-11,Krishna Patel
C02594,Priya,Kulkarni,Female,1999-03-22,Indore,Madhya Pradesh,Freelancer,SME,426752.03,2018-03-15,Priya Kulkarni
C02595,Sai,Verma,Male,1982-03-13,Mysuru,Karnataka,Freelancer,Premium,871214.08,2022-06-20,Sai Verma
C02596,Pari,Desai,Female,1990-09-25,Pune,Maharashtra,Self Employed,Retail,634431.9,2020-09-01,Pari Desai
C02597,Myra,Mishra,Male,1973-07-18,Kochi,Kerala,Self Employed,Premium,471012.88,2019-07-06,Myra Mishra
C02598,Vihaan,Mishra,Female,1991-02-09,Ahmedabad,Gujarat,Salaried,Corporate,1032989.41,2019-01-27,Vihaan Mishra
C02599,Sara,Singh,Male,1962-12-04,Kolkata,West Bengal,Retired,Premium,662986.91,2019-06-13,Sara Singh
C02600,Pooja,Desai,Male,1964-10-05,Kolkata,West Bengal,Self Employed,Retail,652712.59,2020-07-18,Pooja Desai
C02601,Reyansh,Jain,Female,1996-08-27,Delhi,Delhi,Retired,Retail,238195.27,2019-10-24,Reyansh Jain
C02602,Anaya,Gupta,Male,1966-06-18,Nagpur,Maharashtra,Student,Wealth,1617463.74,2020-05-14,Anaya Gupta
C02603,Karan,Kulkarni,Female,2001-08-03,Chandigarh,Chandigarh,Freelancer,Retail,665000.04,2019-03-30,Karan Kulkarni
C02604,Sai,Chopra,Male,1971-05-18,Chennai,Tamil Nadu,Business Owner,SME,1296836.41,2024-09-28,Sai Chopra
C02605,Sneha,Jain,Female,1993-09-08,Bengaluru,Karnataka,Self Employed,Premium,331501.01,2025-03-30,Sneha Jain
C02606,Ishaan,Joshi,Female,1989-08-06,Surat,Gujarat,Business Owner,SME,466958.67,2024-12-25,Ishaan Joshi
C02607,Vihaan,Iyer,Female,1993-08-06,Jaipur,Rajasthan,Freelancer,Premium,1370211.95,2021-06-13,Vihaan Iyer
C02608,Aarav,Nair,Male,1993-11-21,Lucknow,Uttar Pradesh,Business Owner,Retail,277836.92,2023-04-13,Aarav Nair
C02609,Riya,Patel,Female,1986-01-21,Nagpur,Maharashtra,Freelancer,Retail,243827.87,2021-12-22,Riya Patel
C02610,Neha,Singh,Male,1974-08-14,Indore,Madhya Pradesh,Business Owner,Retail,807343.62,2020-12-07,Neha Singh
C02611,Amit,Patel,Female,1969-01-08,Chandigarh,Chandigarh,Freelancer,Retail,488569.43,2018-08-29,Amit Patel
C02612,Sai,Chopra,Female,2003-06-05,Mysuru,Karnataka,Salaried,Retail,592245.01,2020-11-25,Sai Chopra
C02613,Karan,Mishra,Male,1981-07-19,Indore,Madhya Pradesh,Self Employed,Wealth,759568.68,2021-09-13,Karan Mishra
C02614,Anika,Mehta,Female,1993-12-09,Chandigarh,Chandigarh,Retired,Retail,356048.65,2022-09-06,Anika Mehta
C02615,Sneha,Kumar,Male,2004-08-26,Surat,Gujarat,Student,Retail,246596.81,2019-11-01,Sneha Kumar
C02616,Reyansh,Singh,Male,1989-12-25,Chennai,Tamil Nadu,Retired,Retail,372119.18,2018-06-05,Reyansh Singh
C02617,Ira,Jain,Male,1987-05-27,Pune,Maharashtra,Freelancer,Retail,359372.03,2025-11-30,Ira Jain
C02618,Kabir,Mehta,Male,1980-05-22,Coimbatore,Tamil Nadu,Student,SME,821642.5,2024-12-11,Kabir Mehta
C02619,Diya,Reddy,Male,1998-03-24,Indore,Madhya Pradesh,Retired,Premium,383730.25,2020-03-15,Diya Reddy
C02620,Reyansh,Kapoor,Male,1974-11-19,Chennai,Tamil Nadu,Freelancer,Retail,227162.42,2021-11-21,Reyansh Kapoor
C02621,Rahul,Agarwal,Male,1992-08-18,Gurugram,Haryana,Self Employed,Premium,655333.18,2020-10-05,Rahul Agarwal
C02622,Reyansh,Verma,Male,1990-04-09,Mumbai,Maharashtra,Self Employed,Retail,939354.73,2022-09-30,Reyansh Verma
C02623,Kabir,Kapoor,Female,1966-03-05,Chennai,Tamil Nadu,Self Employed,Retail,429006.25,2026-01-05,Kabir Kapoor
C02624,Rahul,Singh,Female,1970-01-08,Jaipur,Rajasthan,Salaried,Retail,397061.23,2018-04-27,Rahul Singh
C02625,Krishna,Singh,Male,1965-06-12,Indore,Madhya Pradesh,Freelancer,Retail,672784.19,2025-09-15,Krishna Singh
C02626,Rahul,Desai,Male,1981-07-10,Chennai,Tamil Nadu,Self Employed,Retail,491304.45,2021-08-06,Rahul Desai
C02627,Aarav,Desai,Male,1992-01-16,Lucknow,Uttar Pradesh,Freelancer,Corporate,1926329.55,2025-09-21,Aarav Desai
C02628,Vihaan,Iyer,Female,1999-05-25,Chennai,Tamil Nadu,Business Owner,Wealth,3185657.73,2022-01-06,Vihaan Iyer
C02629,Kabir,Singh,Female,1967-07-14,Indore,Madhya Pradesh,Student,Corporate,515919.34,2020-10-04,Kabir Singh
C02630,Diya,Bansal,Male,1987-02-24,Mumbai,Maharashtra,Business Owner,Retail,624834.92,2019-06-23,Diya Bansal
C02631,Vivaan,Iyer,Female,1960-08-14,Mumbai,Maharashtra,Retired,SME,483016.07,2022-01-08,Vivaan Iyer
C02632,Neha,Bansal,Male,1998-08-15,Surat,Gujarat,Retired,SME,345945.36,2018-06-22,Neha Bansal
C02633,Pooja,Gupta,Male,1962-02-02,Nagpur,Maharashtra,Freelancer,Retail,193399.46,2020-06-05,Pooja Gupta
C02634,Riya,Joshi,Male,1969-08-27,Chandigarh,Chandigarh,Business Owner,Retail,442800.8,2022-05-20,Riya Joshi
C02635,Neha,Malhotra,Female,1984-04-18,Mysuru,Karnataka,Salaried,Retail,370558.72,2023-12-01,Neha Malhotra
C02636,Aadhya,Iyer,Female,1986-10-02,Kolkata,West Bengal,Retired,Wealth,1893429.18,2024-01-06,Aadhya Iyer
C02637,Aarav,Malhotra,Male,1984-08-06,Gurugram,Haryana,Freelancer,Retail,562421.22,2025-07-02,Aarav Malhotra
C02638,Aarav,Kulkarni,Male,1988-03-21,Chennai,Tamil Nadu,Freelancer,Retail,276375.68,2026-02-15,Aarav Kulkarni
C02639,Kabir,Kapoor,Female,1994-04-02,Mumbai,Maharashtra,Salaried,Corporate,1021166.15,2025-03-12,Kabir Kapoor
C02640,Krishna,Chopra,Female,1982-05-20,Hyderabad,Telangana,Business Owner,Retail,204911.17,2024-04-30,Krishna Chopra
C02641,Priya,Malhotra,Female,1987-07-17,Pune,Maharashtra,Student,Retail,391002.82,2019-02-18,Priya Malhotra
C02642,Diya,Chopra,Male,1987-05-12,Bengaluru,Karnataka,Business Owner,Retail,309258.37,2020-10-16,Diya Chopra
C02643,Diya,Bansal,Female,1992-01-21,Bengaluru,Karnataka,Self Employed,Premium,336938.72,2020-09-10,Diya Bansal
C02644,Sara,Malhotra,Female,1990-08-26,Indore,Madhya Pradesh,Salaried,Retail,532560.06,2024-08-21,Sara Malhotra
C02645,Priya,Gupta,Male,1986-02-12,Gurugram,Haryana,Business Owner,Retail,432892.38,2025-06-15,Priya Gupta
C02646,Anaya,Nair,Male,1968-06-27,Pune,Maharashtra,Retired,Retail,270109.42,2026-01-27,Anaya Nair
C02647,Sara,Chopra,Female,2002-10-19,Pune,Maharashtra,Self Employed,SME,1309982.76,2023-11-02,Sara Chopra
C02648,Sneha,Nair,Male,1990-03-10,Bhopal,Madhya Pradesh,Retired,Retail,398903.72,2020-06-19,Sneha Nair
C02649,Ishaan,Mishra,Male,1961-01-19,Pune,Maharashtra,Salaried,Retail,324574.52,2023-07-08,Ishaan Mishra
C02650,Krishna,Bansal,Female,1966-08-19,Hyderabad,Telangana,Self Employed,Premium,970555.41,2023-09-29,Krishna Bansal
C02651,Sai,Singh,Female,1991-12-07,Chandigarh,Chandigarh,Self Employed,Retail,490105.71,2023-01-27,Sai Singh
C02652,Myra,Kulkarni,Male,2000-07-02,Coimbatore,Tamil Nadu,Self Employed,Retail,218778.38,2022-01-12,Myra Kulkarni
C02653,Karan,Agarwal,Male,2002-06-17,Bengaluru,Karnataka,Retired,Premium,444101.78,2018-02-19,Karan Agarwal
C02654,Priya,Kumar,Male,1964-07-13,Coimbatore,Tamil Nadu,Retired,Retail,1195612.52,2019-06-05,Priya Kumar
C02655,Pari,Malhotra,Female,1993-09-10,Indore,Madhya Pradesh,Self Employed,Corporate,940349.63,2022-09-02,Pari Malhotra
C02656,Sneha,Nair,Female,1980-03-16,Bengaluru,Karnataka,Business Owner,Retail,304802.05,2019-09-29,Sneha Nair
C02657,Anika,Malhotra,Female,1969-03-26,Mumbai,Maharashtra,Self Employed,Wealth,1645971.15,2026-02-14,Anika Malhotra
C02658,Aditya,Gupta,Male,1975-08-08,Bengaluru,Karnataka,Freelancer,Retail,363418.73,2019-09-17,Aditya Gupta
C02659,Vihaan,Mishra,Male,2003-07-21,Ahmedabad,Gujarat,Freelancer,Premium,490510.62,2024-06-08,Vihaan Mishra
C02660,Aditya,Agarwal,Male,1960-07-03,Surat,Gujarat,Salaried,Retail,362690.18,2024-07-04,Aditya Agarwal
C02661,Riya,Singh,Female,1968-12-11,Chandigarh,Chandigarh,Freelancer,SME,442906.11,2023-06-15,Riya Singh
C02662,Aditya,Joshi,Male,1995-09-22,Surat,Gujarat,Retired,Corporate,731035.98,2019-03-01,Aditya Joshi
C02663,Aditya,Mehta,Male,1995-11-04,Mysuru,Karnataka,Business Owner,Retail,841831.71,2025-02-18,Aditya Mehta
C02664,Diya,Bansal,Male,1988-10-22,Mysuru,Karnataka,Retired,Retail,367810.84,2021-01-30,Diya Bansal
C02665,Reyansh,Patel,Male,1984-08-04,Pune,Maharashtra,Self Employed,Retail,769546.37,2019-03-05,Reyansh Patel
C02666,Sara,Mishra,Female,1982-07-09,Hyderabad,Telangana,Salaried,Retail,393249.07,2023-02-07,Sara Mishra
C02667,Riya,Kapoor,Female,1961-04-07,Hyderabad,Telangana,Salaried,SME,1086338.61,2024-10-11,Riya Kapoor
C02668,Rahul,Chopra,Female,1975-10-04,Lucknow,Uttar Pradesh,Salaried,Premium,896949.97,2018-01-18,Rahul Chopra
C02669,Aditya,Malhotra,Male,1961-04-06,Ahmedabad,Gujarat,Business Owner,Retail,693182.18,2023-06-26,Aditya Malhotra
C02670,Ishaan,Bansal,Male,1975-02-22,Ahmedabad,Gujarat,Self Employed,SME,812851.68,2021-08-12,Ishaan Bansal
C02671,Ishaan,Agarwal,Female,1985-01-13,Lucknow,Uttar Pradesh,Student,SME,330508.92,2024-09-21,Ishaan Agarwal
C02672,Krishna,Agarwal,Female,1995-07-25,Chennai,Tamil Nadu,Retired,Premium,938712.26,2018-10-12,Krishna Agarwal
C02673,Myra,Sharma,Male,1960-11-08,Jaipur,Rajasthan,Student,Retail,918786.23,2023-06-15,Myra Sharma
C02674,Reyansh,Verma,Female,2001-08-11,Lucknow,Uttar Pradesh,Retired,Premium,636914.03,2019-02-27,Reyansh Verma
C02675,Vivaan,Reddy,Male,1964-08-04,Mysuru,Karnataka,Self Employed,Premium,3412883.9,2019-01-16,Vivaan Reddy
C02676,Pari,Bansal,Female,1978-05-03,Hyderabad,Telangana,Business Owner,SME,961259.05,2020-07-20,Pari Bansal
C02677,Neha,Iyer,Female,1974-11-22,Lucknow,Uttar Pradesh,Self Employed,Retail,784309.75,2020-07-26,Neha Iyer
C02678,Diya,Mehta,Male,1966-08-25,Nagpur,Maharashtra,Salaried,Premium,2393582.17,2021-06-28,Diya Mehta
C02679,Vihaan,Mishra,Female,2004-10-19,Chandigarh,Chandigarh,Freelancer,Retail,285283.86,2023-02-13,Vihaan Mishra
C02680,Ira,Jain,Male,1966-08-07,Lucknow,Uttar Pradesh,Self Employed,Wealth,1649037.3,2024-04-13,Ira Jain
C02681,Arjun,Jain,Female,1993-07-28,Kolkata,West Bengal,Retired,Retail,1116208.66,2023-01-31,Arjun Jain
C02682,Reyansh,Gupta,Female,1976-12-03,Bengaluru,Karnataka,Retired,Wealth,2408867.73,2022-05-19,Reyansh Gupta
C02683,Priya,Mehta,Female,1962-07-01,Jaipur,Rajasthan,Student,Retail,470789.97,2024-10-24,Priya Mehta
C02684,Sneha,Kapoor,Male,1967-12-04,Delhi,Delhi,Business Owner,Retail,344433.11,2020-12-13,Sneha Kapoor
C02685,Aarav,Gupta,Female,1979-07-07,Ahmedabad,Gujarat,Freelancer,SME,672311.18,2025-01-17,Aarav Gupta
C02686,Krishna,Singh,Female,1983-08-01,Coimbatore,Tamil Nadu,Freelancer,SME,252145.31,2019-02-10,Krishna Singh
C02687,Riya,Verma,Female,1985-07-24,Kochi,Kerala,Salaried,Premium,489858.46,2024-12-19,Riya Verma
C02688,Pooja,Verma,Male,1984-01-01,Gurugram,Haryana,Business Owner,Retail,1093094.46,2022-10-04,Pooja Verma
C02689,Krishna,Mishra,Male,1986-02-28,Bengaluru,Karnataka,Self Employed,Premium,538659.23,2018-12-26,Krishna Mishra
C02690,Reyansh,Agarwal,Female,1960-01-22,Lucknow,Uttar Pradesh,Freelancer,Corporate,1005779.37,2022-03-18,Reyansh Agarwal
C02691,Karan,Joshi,Male,1999-01-25,Nagpur,Maharashtra,Salaried,Premium,776096.01,2020-12-16,Karan Joshi
C02692,Kabir,Mehta,Female,1993-02-16,Hyderabad,Telangana,Business Owner,Premium,1745390.63,2021-07-22,Kabir Mehta
C02693,Aarav,Bansal,Male,1964-10-05,Surat,Gujarat,Salaried,Retail,637600.31,2023-11-26,Aarav Bansal
C02694,Neha,Mehta,Male,1978-02-16,Ahmedabad,Gujarat,Self Employed,Retail,627581.66,2020-02-16,Neha Mehta
C02695,Reyansh,Iyer,Male,1976-02-23,Surat,Gujarat,Student,Premium,949632.32,2023-03-10,Reyansh Iyer
C02696,Aditya,Kapoor,Male,1977-01-27,Surat,Gujarat,Freelancer,Retail,239601.38,2020-01-06,Aditya Kapoor
C02697,Myra,Gupta,Male,1968-09-05,Coimbatore,Tamil Nadu,Student,SME,766580.02,2024-10-03,Myra Gupta
C02698,Priya,Kumar,Male,1989-10-09,Lucknow,Uttar Pradesh,Business Owner,Premium,946877.13,2020-01-28,Priya Kumar
C02699,Ayaan,Bansal,Female,1986-05-09,Chandigarh,Chandigarh,Retired,Retail,479067.49,2019-04-08,Ayaan Bansal
C02700,Aarav,Mishra,Male,1964-05-26,Mysuru,Karnataka,Business Owner,Wealth,838670.34,2024-04-20,Aarav Mishra
C02701,Rohan,Verma,Female,1990-02-27,Indore,Madhya Pradesh,Freelancer,Retail,708119.69,2019-11-15,Rohan Verma
C02702,Neha,Singh,Male,1993-08-20,Indore,Madhya Pradesh,Freelancer,Retail,1135120.98,2026-03-08,Neha Singh
C02703,Aadhya,Chopra,Male,1984-04-15,Hyderabad,Telangana,Self Employed,Retail,213920.91,2019-08-21,Aadhya Chopra
C02704,Anaya,Desai,Female,1980-09-10,Noida,Uttar Pradesh,Student,Retail,620924.3,2020-07-20,Anaya Desai
C02705,Pari,Singh,Female,1996-04-20,Jaipur,Rajasthan,Freelancer,SME,474817.84,2023-01-24,Pari Singh
C02706,Reyansh,Agarwal,Female,2003-02-03,Hyderabad,Telangana,Self Employed,Retail,987989.41,2021-12-25,Reyansh Agarwal
C02707,Anika,Nair,Male,2001-08-28,Ahmedabad,Gujarat,Self Employed,Retail,245469.08,2020-05-01,Anika Nair
C02708,Krishna,Malhotra,Male,1960-09-02,Mumbai,Maharashtra,Retired,Retail,483254.96,2023-03-26,Krishna Malhotra
C02709,Reyansh,Patel,Male,1970-02-02,Lucknow,Uttar Pradesh,Freelancer,SME,888582.24,2022-12-13,Reyansh Patel
C02710,Aarav,Jain,Male,1987-06-25,Lucknow,Uttar Pradesh,Salaried,SME,650911.69,2018-09-20,Aarav Jain
C02711,Rohan,Patel,Female,1988-01-18,Chandigarh,Chandigarh,Freelancer,Retail,468166.06,2026-01-13,Rohan Patel
C02712,Anaya,Patel,Male,1991-10-23,Gurugram,Haryana,Retired,Retail,1187604.23,2026-03-15,Anaya Patel
C02713,Anika,Reddy,Male,1982-06-03,Coimbatore,Tamil Nadu,Self Employed,Premium,472567.88,2022-10-25,Anika Reddy
C02714,Vivaan,Singh,Male,1973-12-02,Gurugram,Haryana,Salaried,Retail,280977.9,2025-11-29,Vivaan Singh
C02715,Myra,Iyer,Male,2002-05-22,Noida,Uttar Pradesh,Retired,Retail,670192.03,2019-04-15,Myra Iyer
C02716,Ayaan,Gupta,Female,1996-03-28,Surat,Gujarat,Student,Wealth,4430916.36,2024-11-12,Ayaan Gupta
C02717,Karan,Reddy,Male,1995-08-24,Ahmedabad,Gujarat,Salaried,Premium,375698.99,2022-05-15,Karan Reddy
C02718,Anaya,Malhotra,Male,1987-07-09,Mysuru,Karnataka,Salaried,Premium,324000.0,2021-09-10,Anaya Malhotra
C02719,Aarav,Mishra,Female,1991-07-10,Mysuru,Karnataka,Retired,Retail,363853.58,2024-06-05,Aarav Mishra
C02720,Neha,Mehta,Male,1966-12-24,Surat,Gujarat,Self Employed,Corporate,1331383.48,2025-05-30,Neha Mehta
C02721,Myra,Nair,Male,1963-06-17,Kochi,Kerala,Business Owner,SME,363724.76,2021-01-15,Myra Nair
C02722,Pooja,Joshi,Female,2004-12-10,Pune,Maharashtra,Salaried,Retail,180000.0,2019-03-13,Pooja Joshi
C02723,Kiara,Kumar,Female,1967-06-25,Bengaluru,Karnataka,Student,Retail,316368.59,2025-11-24,Kiara Kumar
C02724,Ayaan,Sharma,Female,1995-09-06,Kochi,Kerala,Business Owner,Retail,265236.62,2023-12-26,Ayaan Sharma
C02725,Aditya,Nair,Male,1960-12-25,Bhopal,Madhya Pradesh,Self Employed,Premium,361334.61,2024-10-31,Aditya Nair
C02726,Diya,Mishra,Male,1983-12-11,Lucknow,Uttar Pradesh,Salaried,Wealth,2798111.85,2021-08-28,Diya Mishra
C02727,Priya,Patel,Male,1996-07-15,Kolkata,West Bengal,Freelancer,Retail,438103.63,2020-02-11,Priya Patel
C02728,Kiara,Singh,Female,1997-09-08,Jaipur,Rajasthan,Business Owner,Retail,336201.15,2021-08-24,Kiara Singh
C02729,Reyansh,Chopra,Female,1965-07-01,Mysuru,Karnataka,Salaried,Retail,180000.0,2018-02-01,Reyansh Chopra
C02730,Ira,Kapoor,Male,1972-05-15,Bhopal,Madhya Pradesh,Salaried,Retail,579137.51,2025-09-14,Ira Kapoor
C02731,Pari,Mishra,Female,1977-07-04,Indore,Madhya Pradesh,Retired,Corporate,2316923.4,2024-08-31,Pari Mishra
C02732,Vivaan,Mehta,Male,1989-02-21,Delhi,Delhi,Retired,SME,474137.29,2025-08-04,Vivaan Mehta
C02733,Pooja,Malhotra,Female,1994-09-22,Indore,Madhya Pradesh,Retired,Retail,836828.65,2025-04-24,Pooja Malhotra
C02734,Ayaan,Verma,Male,1994-05-25,Mysuru,Karnataka,Freelancer,Retail,497694.25,2018-01-17,Ayaan Verma
C02735,Sneha,Nair,Female,1975-08-19,Indore,Madhya Pradesh,Business Owner,Retail,540482.52,2023-03-10,Sneha Nair
C02736,Nisha,Kumar,Female,1979-05-04,Hyderabad,Telangana,Self Employed,SME,300904.13,2022-04-29,Nisha Kumar
C02737,Pari,Gupta,Female,1978-11-08,Coimbatore,Tamil Nadu,Salaried,Retail,412383.97,2020-11-27,Pari Gupta
C02738,Anaya,Kapoor,Male,1981-10-21,Lucknow,Uttar Pradesh,Student,SME,305881.44,2024-10-18,Anaya Kapoor
C02739,Karan,Jain,Female,1987-06-17,Nagpur,Maharashtra,Student,SME,511225.12,2025-06-20,Karan Jain
C02740,Rahul,Joshi,Male,1964-07-16,Kochi,Kerala,Student,Retail,365897.42,2025-04-25,Rahul Joshi
C02741,Rohan,Sharma,Male,2003-08-15,Mysuru,Karnataka,Student,Wealth,1557578.91,2023-09-12,Rohan Sharma
C02742,Ira,Iyer,Female,1973-07-19,Kochi,Kerala,Salaried,Retail,180000.0,2020-08-25,Ira Iyer
C02743,Rohan,Verma,Male,1986-10-19,Noida,Uttar Pradesh,Self Employed,Premium,363755.27,2018-12-23,Rohan Verma
C02744,Rohan,Iyer,Male,2003-07-11,Delhi,Delhi,Business Owner,Retail,417940.71,2024-12-27,Rohan Iyer
C02745,Aditya,Nair,Female,1969-05-20,Jaipur,Rajasthan,Retired,Premium,501046.29,2021-09-12,Aditya Nair
C02746,Vivaan,Singh,Male,1997-04-23,Pune,Maharashtra,Salaried,Retail,294278.31,2022-08-11,Vivaan Singh
C02747,Karan,Desai,Female,1990-05-03,Mysuru,Karnataka,Student,Retail,813708.46,2022-05-24,Karan Desai
C02748,Kabir,Singh,Female,1970-02-18,Mysuru,Karnataka,Freelancer,Premium,2165327.12,2026-03-19,Kabir Singh
C02749,Sai,Singh,Male,1986-06-01,Mumbai,Maharashtra,Freelancer,Retail,180000.0,2025-12-18,Sai Singh
C02750,Rohan,Sharma,Female,1983-07-10,Mumbai,Maharashtra,Business Owner,Retail,481062.75,2022-02-23,Rohan Sharma
C02751,Riya,Nair,Male,1981-10-11,Coimbatore,Tamil Nadu,Self Employed,Retail,439575.92,2025-03-31,Riya Nair
C02752,Krishna,Bansal,Male,1991-07-28,Delhi,Delhi,Salaried,Wealth,1590368.07,2023-10-30,Krishna Bansal
C02753,Rahul,Singh,Female,2004-12-27,Gurugram,Haryana,Retired,Retail,552181.07,2018-03-13,Rahul Singh
C02754,Rohan,Sharma,Female,2003-03-05,Gurugram,Haryana,Salaried,Retail,180000.0,2023-02-19,Rohan Sharma
C02755,Aditya,Iyer,Male,1962-07-21,Chandigarh,Chandigarh,Self Employed,SME,401711.62,2018-06-08,Aditya Iyer
C02756,Kiara,Mishra,Female,1973-10-28,Pune,Maharashtra,Self Employed,Retail,367299.38,2019-04-15,Kiara Mishra
C02757,Rohan,Mehta,Male,1971-12-03,Ahmedabad,Gujarat,Freelancer,Premium,545031.86,2024-09-08,Rohan Mehta
C02758,Aditya,Kumar,Male,1996-07-26,Gurugram,Haryana,Student,Premium,680261.9,2018-06-22,Aditya Kumar
C02759,Krishna,Kumar,Female,1995-03-05,Pune,Maharashtra,Salaried,Retail,573085.27,2021-07-16,Krishna Kumar
C02760,Sneha,Kumar,Male,1999-09-11,Chennai,Tamil Nadu,Salaried,Retail,629689.26,2022-06-28,Sneha Kumar
C02761,Aarav,Patel,Male,1969-03-23,Noida,Uttar Pradesh,Student,Premium,2736328.64,2024-06-21,Aarav Patel
C02762,Anaya,Singh,Female,1963-05-09,Kochi,Kerala,Student,Retail,379384.02,2022-07-31,Anaya Singh
C02763,Rahul,Reddy,Female,1996-07-27,Mumbai,Maharashtra,Self Employed,Premium,361152.23,2025-10-16,Rahul Reddy
C02764,Krishna,Jain,Female,1981-03-12,Hyderabad,Telangana,Retired,Retail,407206.16,2024-01-06,Krishna Jain
C02765,Anaya,Jain,Female,1960-08-01,Hyderabad,Telangana,Student,SME,801864.38,2018-08-05,Anaya Jain
C02766,Aadhya,Agarwal,Male,1965-03-20,Surat,Gujarat,Retired,Retail,276018.74,2019-07-13,Aadhya Agarwal
C02767,Krishna,Gupta,Female,1969-07-22,Bhopal,Madhya Pradesh,Salaried,Premium,1775516.36,2018-01-06,Krishna Gupta
C02768,Anika,Agarwal,Male,1972-08-03,Coimbatore,Tamil Nadu,Self Employed,Premium,546541.96,2018-11-01,Anika Agarwal
C02769,Aditya,Singh,Female,1984-05-16,Ahmedabad,Gujarat,Retired,Wealth,1489352.67,2023-11-16,Aditya Singh
C02770,Diya,Mehta,Female,1967-03-25,Noida,Uttar Pradesh,Freelancer,Corporate,587148.5,2025-09-09,Diya Mehta
C02771,Riya,Malhotra,Female,1965-07-26,Hyderabad,Telangana,Retired,Retail,478900.62,2018-03-22,Riya Malhotra
C02772,Priya,Gupta,Female,1988-01-23,Bhopal,Madhya Pradesh,Self Employed,Retail,629305.94,2018-06-11,Priya Gupta
C02773,Kiara,Malhotra,Female,1989-11-04,Indore,Madhya Pradesh,Freelancer,Premium,464710.34,2022-12-19,Kiara Malhotra
C02774,Rohan,Verma,Female,1984-08-23,Chandigarh,Chandigarh,Salaried,Retail,857227.37,2019-01-11,Rohan Verma
C02775,Pooja,Kumar,Male,1996-01-02,Pune,Maharashtra,Business Owner,Premium,864180.72,2018-07-16,Pooja Kumar
C02776,Riya,Kumar,Male,1982-11-10,Delhi,Delhi,Salaried,Premium,1191595.54,2018-02-18,Riya Kumar
C02777,Kabir,Kulkarni,Female,1999-08-12,Gurugram,Haryana,Freelancer,SME,1042413.92,2020-07-31,Kabir Kulkarni
C02778,Diya,Singh,Female,1987-06-20,Chandigarh,Chandigarh,Freelancer,SME,252000.0,2025-08-09,Diya Singh
C02779,Vihaan,Desai,Male,1976-11-21,Chandigarh,Chandigarh,Student,Retail,312847.53,2021-04-09,Vihaan Desai
C02780,Aadhya,Kapoor,Female,2003-06-03,Pune,Maharashtra,Student,SME,2365562.93,2023-12-26,Aadhya Kapoor
C02781,Sara,Patel,Female,2003-07-25,Mysuru,Karnataka,Business Owner,SME,989453.75,2024-09-18,Sara Patel
C02782,Krishna,Reddy,Male,1983-09-10,Pune,Maharashtra,Retired,Premium,645794.71,2018-08-27,Krishna Reddy
C02783,Myra,Reddy,Female,1981-09-13,Noida,Uttar Pradesh,Business Owner,Retail,871784.48,2018-04-20,Myra Reddy
C02784,Ayaan,Iyer,Male,1999-10-18,Nagpur,Maharashtra,Student,Retail,274243.58,2024-08-18,Ayaan Iyer
C02785,Aditya,Malhotra,Female,1966-02-03,Mysuru,Karnataka,Student,Premium,537262.9,2025-08-06,Aditya Malhotra
C02786,Rahul,Kumar,Male,1992-10-18,Surat,Gujarat,Self Employed,Premium,1353626.44,2022-01-02,Rahul Kumar
C02787,Krishna,Malhotra,Male,1986-02-17,Nagpur,Maharashtra,Salaried,Premium,1035688.12,2019-10-02,Krishna Malhotra
C02788,Anaya,Iyer,Female,2002-07-09,Delhi,Delhi,Retired,Retail,528246.26,2019-11-03,Anaya Iyer
C02789,Aditya,Nair,Female,1993-08-26,Nagpur,Maharashtra,Freelancer,Retail,180000.0,2020-11-12,Aditya Nair
C02790,Vihaan,Jain,Female,1994-05-15,Chandigarh,Chandigarh,Freelancer,Retail,285793.32,2023-04-28,Vihaan Jain
C02791,Vivaan,Reddy,Female,1965-05-14,Gurugram,Haryana,Self Employed,Retail,282041.32,2024-12-20,Vivaan Reddy
C02792,Ira,Mishra,Female,1987-08-28,Gurugram,Haryana,Retired,SME,265951.69,2024-01-29,Ira Mishra
C02793,Myra,Nair,Male,1989-08-11,Bhopal,Madhya Pradesh,Self Employed,Retail,356130.93,2021-02-11,Myra Nair
C02794,Reyansh,Bansal,Male,1967-10-05,Mumbai,Maharashtra,Freelancer,Premium,1021324.54,2021-09-06,Reyansh Bansal
C02795,Neha,Kapoor,Male,1987-03-23,Chandigarh,Chandigarh,Business Owner,Retail,521677.96,2022-03-24,Neha Kapoor
C02796,Sara,Mishra,Male,1993-10-01,Lucknow,Uttar Pradesh,Student,Retail,500987.38,2026-01-23,Sara Mishra
C02797,Arjun,Singh,Male,1986-02-03,Kolkata,West Bengal,Salaried,Wealth,860172.6,2023-03-22,Arjun Singh
C02798,Ayaan,Gupta,Female,2002-07-11,Mumbai,Maharashtra,Salaried,Premium,907227.63,2019-06-22,Ayaan Gupta
C02799,Amit,Jain,Male,1988-11-10,Delhi,Delhi,Retired,Retail,1250996.92,2022-08-23,Amit Jain
C02800,Aditya,Gupta,Male,1978-05-15,Gurugram,Haryana,Freelancer,SME,521598.25,2018-11-10,Aditya Gupta
C02801,Sara,Malhotra,Male,1994-12-01,Noida,Uttar Pradesh,Student,Retail,928201.64,2022-09-01,Sara Malhotra
C02802,Aadhya,Chopra,Male,1980-12-10,Bengaluru,Karnataka,Business Owner,Retail,737098.42,2022-11-09,Aadhya Chopra
C02803,Arjun,Patel,Male,1978-02-17,Coimbatore,Tamil Nadu,Freelancer,SME,761730.89,2023-11-14,Arjun Patel
C02804,Karan,Mishra,Female,1984-07-19,Kochi,Kerala,Self Employed,Retail,527297.34,2024-01-08,Karan Mishra
C02805,Aditya,Mehta,Male,1970-12-27,Bhopal,Madhya Pradesh,Retired,Retail,373433.42,2024-01-23,Aditya Mehta
C02806,Sai,Sharma,Male,1989-02-26,Kochi,Kerala,Student,Corporate,1504588.71,2022-04-13,Sai Sharma
C02807,Anika,Iyer,Male,1987-05-05,Bhopal,Madhya Pradesh,Student,Corporate,1022502.43,2019-08-13,Anika Iyer
C02808,Ira,Jain,Female,1989-12-13,Bhopal,Madhya Pradesh,Retired,Wealth,1698620.07,2020-07-16,Ira Jain
C02809,Rahul,Mehta,Female,1988-02-24,Hyderabad,Telangana,Freelancer,Retail,231428.12,2025-02-06,Rahul Mehta
C02810,Reyansh,Singh,Female,2000-12-12,Kolkata,West Bengal,Student,Retail,341398.64,2025-03-24,Reyansh Singh
C02811,Sara,Joshi,Male,1963-05-11,Pune,Maharashtra,Self Employed,Retail,488239.82,2023-03-09,Sara Joshi
C02812,Sneha,Kulkarni,Male,2000-11-27,Lucknow,Uttar Pradesh,Business Owner,Retail,573770.83,2025-12-14,Sneha Kulkarni
C02813,Ishaan,Bansal,Male,1976-01-25,Gurugram,Haryana,Retired,Premium,483688.48,2023-01-17,Ishaan Bansal
C02814,Diya,Kapoor,Female,2001-01-10,Jaipur,Rajasthan,Freelancer,Retail,958977.3,2021-03-15,Diya Kapoor
C02815,Ishaan,Reddy,Female,2001-08-08,Ahmedabad,Gujarat,Freelancer,Retail,303171.94,2025-07-11,Ishaan Reddy
C02816,Aditya,Kumar,Female,1991-12-08,Surat,Gujarat,Retired,Retail,752094.2,2024-10-02,Aditya Kumar
C02817,Priya,Bansal,Male,1982-09-15,Coimbatore,Tamil Nadu,Self Employed,SME,583654.79,2025-08-06,Priya Bansal
C02818,Sai,Bansal,Female,1976-06-19,Chandigarh,Chandigarh,Salaried,SME,781335.25,2023-06-23,Sai Bansal
C02819,Neha,Verma,Male,1961-11-18,Surat,Gujarat,Self Employed,Premium,588250.51,2024-06-16,Neha Verma
C02820,Priya,Chopra,Male,1961-12-04,Bhopal,Madhya Pradesh,Retired,Retail,1023097.86,2020-07-05,Priya Chopra
C02821,Amit,Patel,Male,1982-07-18,Lucknow,Uttar Pradesh,Retired,Premium,324000.0,2025-07-22,Amit Patel
C02822,Reyansh,Iyer,Female,1967-06-27,Mumbai,Maharashtra,Student,Retail,344623.72,2018-03-28,Reyansh Iyer
C02823,Anaya,Chopra,Female,2000-11-15,Delhi,Delhi,Retired,Retail,451401.78,2022-11-03,Anaya Chopra
C02824,Sara,Iyer,Female,1983-08-23,Chandigarh,Chandigarh,Retired,SME,775520.14,2024-05-23,Sara Iyer
C02825,Aadhya,Singh,Male,1983-01-11,Kolkata,West Bengal,Student,Retail,693619.45,2019-04-15,Aadhya Singh
C02826,Diya,Kumar,Female,1992-06-27,Chennai,Tamil Nadu,Self Employed,Retail,263610.4,2025-06-07,Diya Kumar
C02827,Ira,Kumar,Male,1969-01-15,Kolkata,West Bengal,Student,SME,1282416.46,2025-04-16,Ira Kumar
C02828,Karan,Desai,Female,1966-02-20,Coimbatore,Tamil Nadu,Business Owner,Premium,521018.44,2025-12-20,Karan Desai
C02829,Amit,Mishra,Female,1980-03-02,Chennai,Tamil Nadu,Student,SME,252000.0,2020-04-09,Amit Mishra
C02830,Rahul,Desai,Male,1992-12-25,Mumbai,Maharashtra,Self Employed,Retail,362267.48,2026-02-11,Rahul Desai
C02831,Sai,Kapoor,Male,1970-12-10,Bengaluru,Karnataka,Student,SME,287330.44,2020-08-14,Sai Kapoor
C02832,Rahul,Malhotra,Male,2001-01-19,Chennai,Tamil Nadu,Business Owner,Retail,180000.0,2026-01-21,Rahul Malhotra
C02833,Ishaan,Jain,Female,1982-08-19,Gurugram,Haryana,Salaried,Retail,551209.34,2019-07-13,Ishaan Jain
C02834,Ayaan,Reddy,Female,1969-06-10,Lucknow,Uttar Pradesh,Student,Retail,1026652.41,2018-10-09,Ayaan Reddy
C02835,Myra,Bansal,Female,1973-10-25,Noida,Uttar Pradesh,Salaried,Premium,737038.33,2020-01-31,Myra Bansal
C02836,Amit,Kumar,Male,1975-05-27,Indore,Madhya Pradesh,Freelancer,Retail,595856.18,2025-12-08,Amit Kumar
C02837,Anika,Verma,Male,1992-02-08,Noida,Uttar Pradesh,Retired,Retail,180000.0,2023-11-24,Anika Verma
C02838,Rohan,Bansal,Female,1963-09-18,Chandigarh,Chandigarh,Business Owner,Premium,1278125.69,2019-10-09,Rohan Bansal
C02839,Reyansh,Iyer,Female,1967-10-04,Noida,Uttar Pradesh,Retired,Premium,324000.0,2026-02-26,Reyansh Iyer
C02840,Aadhya,Jain,Male,1966-08-05,Noida,Uttar Pradesh,Business Owner,Retail,275545.7,2025-12-24,Aadhya Jain
C02841,Pari,Patel,Male,1990-02-01,Bengaluru,Karnataka,Retired,SME,343612.95,2023-05-17,Pari Patel
C02842,Sneha,Reddy,Female,1962-06-27,Chennai,Tamil Nadu,Student,SME,1007664.38,2018-04-24,Sneha Reddy
C02843,Neha,Jain,Female,1964-05-17,Indore,Madhya Pradesh,Business Owner,Retail,396590.05,2025-11-20,Neha Jain
C02844,Vihaan,Chopra,Male,1982-12-28,Delhi,Delhi,Self Employed,Premium,504531.92,2025-06-05,Vihaan Chopra
C02845,Pooja,Verma,Female,2001-09-24,Indore,Madhya Pradesh,Freelancer,Retail,1174346.35,2022-12-06,Pooja Verma
C02846,Aadhya,Kulkarni,Male,1972-10-20,Mumbai,Maharashtra,Salaried,Retail,581073.45,2021-11-15,Aadhya Kulkarni
C02847,Priya,Singh,Male,1998-05-13,Chandigarh,Chandigarh,Self Employed,SME,484656.2,2025-09-27,Priya Singh
C02848,Aarav,Sharma,Female,1963-01-16,Jaipur,Rajasthan,Salaried,Retail,633070.77,2021-01-28,Aarav Sharma
C02849,Aarav,Chopra,Female,1995-07-07,Pune,Maharashtra,Retired,Retail,314478.86,2023-07-04,Aarav Chopra
C02850,Kabir,Kumar,Male,1978-12-18,Chennai,Tamil Nadu,Student,Premium,907180.34,2021-10-04,Kabir Kumar
C02851,Karan,Malhotra,Male,1960-10-16,Chandigarh,Chandigarh,Freelancer,Retail,545657.27,2022-03-12,Karan Malhotra
C02852,Pari,Bansal,Male,1981-12-09,Kochi,Kerala,Self Employed,Retail,502856.54,2021-06-27,Pari Bansal
C02853,Neha,Jain,Male,1970-04-14,Bhopal,Madhya Pradesh,Student,Retail,475565.99,2024-04-23,Neha Jain
C02854,Krishna,Kulkarni,Female,1969-04-18,Noida,Uttar Pradesh,Retired,Retail,328236.77,2021-06-28,Krishna Kulkarni
C02855,Vihaan,Chopra,Male,1986-05-17,Surat,Gujarat,Student,Retail,413850.11,2018-12-28,Vihaan Chopra
C02856,Pari,Kulkarni,Female,1962-07-08,Delhi,Delhi,Student,Retail,180000.0,2018-06-02,Pari Kulkarni
C02857,Amit,Reddy,Female,1976-06-17,Mysuru,Karnataka,Salaried,Retail,448497.88,2022-02-23,Amit Reddy
C02858,Nisha,Patel,Male,1971-09-04,Jaipur,Rajasthan,Student,Premium,1558600.09,2024-01-17,Nisha Patel
C02859,Riya,Kumar,Female,1967-02-10,Ahmedabad,Gujarat,Freelancer,Retail,388692.08,2018-04-01,Riya Kumar
C02860,Krishna,Kumar,Female,1981-06-23,Coimbatore,Tamil Nadu,Retired,Premium,668033.3,2020-10-07,Krishna Kumar
C02861,Krishna,Sharma,Male,1992-05-28,Ahmedabad,Gujarat,Business Owner,SME,619270.83,2025-08-03,Krishna Sharma
C02862,Rohan,Bansal,Female,2000-11-11,Hyderabad,Telangana,Salaried,Retail,310901.6,2018-02-06,Rohan Bansal
C02863,Karan,Reddy,Male,1960-02-03,Lucknow,Uttar Pradesh,Freelancer,Premium,600426.68,2019-02-10,Karan Reddy
C02864,Priya,Verma,Female,1973-07-26,Jaipur,Rajasthan,Freelancer,Retail,487387.1,2025-01-28,Priya Verma
C02865,Aditya,Bansal,Female,1961-10-07,Jaipur,Rajasthan,Salaried,Retail,864773.38,2024-02-05,Aditya Bansal
C02866,Kabir,Reddy,Female,1964-04-14,Mysuru,Karnataka,Self Employed,SME,252000.0,2023-04-25,Kabir Reddy
C02867,Anaya,Gupta,Female,1962-01-23,Jaipur,Rajasthan,Self Employed,Retail,276278.7,2024-08-29,Anaya Gupta
C02868,Arjun,Patel,Female,1976-05-20,Kolkata,West Bengal,Freelancer,Corporate,879238.18,2025-10-30,Arjun Patel
C02869,Vihaan,Bansal,Male,1987-03-16,Kolkata,West Bengal,Freelancer,Retail,448695.99,2023-01-05,Vihaan Bansal
C02870,Anaya,Kapoor,Male,1977-05-15,Noida,Uttar Pradesh,Self Employed,Premium,1923919.65,2021-07-06,Anaya Kapoor
C02871,Karan,Agarwal,Female,1986-12-07,Mysuru,Karnataka,Freelancer,Premium,1350631.57,2019-01-09,Karan Agarwal
C02872,Arjun,Mishra,Female,1963-02-15,Pune,Maharashtra,Freelancer,Retail,1179613.29,2025-05-11,Arjun Mishra
C02873,Ishaan,Patel,Female,1988-07-03,Coimbatore,Tamil Nadu,Self Employed,Corporate,1763643.33,2025-01-06,Ishaan Patel
C02874,Reyansh,Jain,Male,1980-12-12,Lucknow,Uttar Pradesh,Freelancer,Corporate,1547069.57,2023-12-31,Reyansh Jain
C02875,Krishna,Kulkarni,Female,1982-07-22,Indore,Madhya Pradesh,Salaried,Retail,392557.05,2018-12-06,Krishna Kulkarni
C02876,Ira,Kulkarni,Male,1993-09-05,Coimbatore,Tamil Nadu,Freelancer,SME,780312.5,2023-11-08,Ira Kulkarni
C02877,Vihaan,Bansal,Male,1977-02-24,Chandigarh,Chandigarh,Salaried,SME,602542.92,2021-05-16,Vihaan Bansal
C02878,Vivaan,Kapoor,Female,1976-05-13,Ahmedabad,Gujarat,Business Owner,Premium,931952.05,2021-05-27,Vivaan Kapoor
C02879,Karan,Malhotra,Female,1979-08-07,Gurugram,Haryana,Freelancer,Wealth,3255624.36,2020-01-27,Karan Malhotra
C02880,Pooja,Jain,Female,1991-12-22,Lucknow,Uttar Pradesh,Salaried,Retail,242278.98,2018-08-20,Pooja Jain
C02881,Karan,Gupta,Male,1995-09-04,Indore,Madhya Pradesh,Salaried,Premium,664013.77,2025-04-15,Karan Gupta
C02882,Pari,Verma,Female,1961-09-06,Kochi,Kerala,Freelancer,Corporate,791548.01,2022-07-21,Pari Verma
C02883,Pari,Desai,Female,1961-03-18,Surat,Gujarat,Salaried,Retail,469429.74,2022-08-06,Pari Desai
C02884,Pooja,Jain,Male,1985-11-17,Chennai,Tamil Nadu,Freelancer,Retail,648782.37,2024-08-28,Pooja Jain
C02885,Kabir,Agarwal,Female,1988-01-26,Mumbai,Maharashtra,Freelancer,Retail,451477.03,2025-11-27,Kabir Agarwal
C02886,Neha,Verma,Male,1997-04-06,Surat,Gujarat,Business Owner,Retail,1758167.64,2023-08-29,Neha Verma
C02887,Anika,Kulkarni,Female,1998-03-22,Hyderabad,Telangana,Freelancer,Premium,638839.22,2019-12-22,Anika Kulkarni
C02888,Krishna,Iyer,Female,1986-06-02,Chandigarh,Chandigarh,Business Owner,SME,1466126.82,2022-12-14,Krishna Iyer
C02889,Ira,Kumar,Male,1987-08-13,Delhi,Delhi,Student,Retail,180000.0,2024-07-28,Ira Kumar
C02890,Arjun,Singh,Male,1991-08-19,Hyderabad,Telangana,Self Employed,Retail,286743.51,2022-11-27,Arjun Singh
C02891,Diya,Kumar,Female,1985-10-08,Gurugram,Haryana,Student,Retail,2203374.58,2020-07-01,Diya Kumar
C02892,Amit,Verma,Female,1960-10-23,Lucknow,Uttar Pradesh,Self Employed,Corporate,1381195.75,2021-10-04,Amit Verma
C02893,Pooja,Jain,Female,1987-09-11,Bengaluru,Karnataka,Salaried,Retail,238012.36,2019-05-28,Pooja Jain
C02894,Kiara,Mishra,Male,1995-04-16,Coimbatore,Tamil Nadu,Self Employed,Corporate,396000.0,2019-07-12,Kiara Mishra
C02895,Diya,Chopra,Male,1987-04-07,Indore,Madhya Pradesh,Retired,Wealth,628076.22,2020-08-03,Diya Chopra
C02896,Reyansh,Gupta,Male,1968-04-16,Jaipur,Rajasthan,Self Employed,Premium,324000.0,2020-07-28,Reyansh Gupta
C02897,Kabir,Joshi,Female,2004-12-02,Indore,Madhya Pradesh,Salaried,Retail,576458.51,2020-04-17,Kabir Joshi
C02898,Vihaan,Malhotra,Male,1960-05-07,Jaipur,Rajasthan,Retired,Retail,696905.96,2021-02-24,Vihaan Malhotra
C02899,Nisha,Malhotra,Male,1985-11-25,Kolkata,West Bengal,Business Owner,Wealth,540000.0,2023-03-19,Nisha Malhotra
C02900,Amit,Gupta,Female,1988-02-19,Lucknow,Uttar Pradesh,Student,Retail,753437.68,2024-05-29,Amit Gupta
C02901,Diya,Nair,Female,1994-01-21,Ahmedabad,Gujarat,Freelancer,Premium,324000.0,2025-10-01,Diya Nair
C02902,Riya,Kumar,Female,1966-06-16,Delhi,Delhi,Business Owner,Premium,835322.51,2018-05-04,Riya Kumar
C02903,Riya,Bansal,Female,1973-12-05,Coimbatore,Tamil Nadu,Retired,Premium,697102.15,2020-04-16,Riya Bansal
C02904,Riya,Kulkarni,Male,1968-09-18,Hyderabad,Telangana,Freelancer,Retail,569253.59,2020-05-15,Riya Kulkarni
C02905,Amit,Kapoor,Female,2004-06-01,Bengaluru,Karnataka,Business Owner,Retail,202738.99,2022-01-26,Amit Kapoor
C02906,Kiara,Agarwal,Female,2003-11-24,Bengaluru,Karnataka,Freelancer,Retail,340072.51,2025-07-11,Kiara Agarwal
C02907,Aditya,Nair,Female,1985-11-15,Pune,Maharashtra,Self Employed,Retail,318770.14,2019-08-06,Aditya Nair
C02908,Arjun,Jain,Female,1997-06-24,Kochi,Kerala,Self Employed,Premium,822337.6,2019-09-18,Arjun Jain
C02909,Ishaan,Joshi,Female,1980-06-19,Mysuru,Karnataka,Self Employed,Corporate,458090.53,2024-09-09,Ishaan Joshi
C02910,Pari,Desai,Female,1976-10-11,Chandigarh,Chandigarh,Freelancer,SME,482780.98,2021-03-17,Pari Desai
C02911,Vivaan,Agarwal,Female,1983-07-25,Surat,Gujarat,Self Employed,Premium,696077.89,2018-05-09,Vivaan Agarwal
C02912,Myra,Joshi,Female,1969-12-28,Pune,Maharashtra,Freelancer,Retail,790420.11,2022-03-21,Myra Joshi
C02913,Reyansh,Kumar,Male,2003-12-06,Lucknow,Uttar Pradesh,Freelancer,Retail,267473.21,2020-04-17,Reyansh Kumar
C02914,Rohan,Chopra,Male,1992-08-09,Chennai,Tamil Nadu,Salaried,Premium,879499.26,2024-07-04,Rohan Chopra
C02915,Pooja,Sharma,Female,1962-10-01,Mysuru,Karnataka,Self Employed,Retail,456031.93,2019-09-24,Pooja Sharma
C02916,Sara,Agarwal,Female,1979-05-25,Surat,Gujarat,Retired,Retail,514255.24,2022-01-27,Sara Agarwal
C02917,Aarav,Mishra,Male,1965-08-14,Hyderabad,Telangana,Student,Corporate,1971000.24,2019-02-01,Aarav Mishra
C02918,Aarav,Nair,Female,1978-12-22,Surat,Gujarat,Student,Premium,1071176.31,2020-10-08,Aarav Nair
C02919,Reyansh,Mehta,Female,1986-07-19,Hyderabad,Telangana,Retired,SME,392279.41,2018-08-22,Reyansh Mehta
C02920,Karan,Patel,Male,1968-09-19,Coimbatore,Tamil Nadu,Student,Retail,333755.6,2024-01-31,Karan Patel
C02921,Ayaan,Kulkarni,Female,1988-08-03,Chennai,Tamil Nadu,Self Employed,Premium,1892953.22,2020-12-17,Ayaan Kulkarni
C02922,Vivaan,Chopra,Male,1962-10-27,Kolkata,West Bengal,Freelancer,Retail,355943.11,2021-08-17,Vivaan Chopra
C02923,Rohan,Chopra,Female,1969-04-02,Pune,Maharashtra,Student,Retail,520871.42,2024-10-27,Rohan Chopra
C02924,Aadhya,Mishra,Female,1976-04-10,Gurugram,Haryana,Self Employed,Corporate,694559.23,2019-04-05,Aadhya Mishra
C02925,Aditya,Sharma,Male,1966-11-12,Gurugram,Haryana,Self Employed,Retail,817557.24,2021-09-14,Aditya Sharma
C02926,Aadhya,Reddy,Female,1986-10-10,Chennai,Tamil Nadu,Business Owner,Retail,635417.85,2023-02-26,Aadhya Reddy
C02927,Aadhya,Iyer,Female,1997-02-22,Surat,Gujarat,Retired,Corporate,3120679.32,2022-08-02,Aadhya Iyer
C02928,Rahul,Nair,Male,2004-02-21,Bhopal,Madhya Pradesh,Business Owner,Premium,913080.71,2023-11-05,Rahul Nair
C02929,Neha,Chopra,Male,1974-04-07,Chandigarh,Chandigarh,Salaried,Retail,772613.02,2020-07-04,Neha Chopra
C02930,Anaya,Jain,Male,1980-06-24,Bhopal,Madhya Pradesh,Retired,Retail,667235.34,2018-02-17,Anaya Jain
C02931,Karan,Desai,Male,1961-02-06,Mysuru,Karnataka,Student,SME,268738.71,2025-05-03,Karan Desai
C02932,Aadhya,Desai,Male,1998-05-20,Bengaluru,Karnataka,Business Owner,Premium,872463.02,2021-10-08,Aadhya Desai
C02933,Karan,Kapoor,Female,1996-02-22,Mysuru,Karnataka,Retired,SME,902936.55,2022-11-30,Karan Kapoor
C02934,Arjun,Mishra,Male,1992-07-26,Bengaluru,Karnataka,Freelancer,Premium,407823.97,2019-10-30,Arjun Mishra
C02935,Aditya,Singh,Male,1983-01-16,Kochi,Kerala,Self Employed,SME,997633.56,2019-07-30,Aditya Singh
C02936,Diya,Chopra,Male,1972-05-19,Bengaluru,Karnataka,Freelancer,Retail,438956.02,2023-01-13,Diya Chopra
C02937,Aadhya,Kapoor,Female,1994-01-13,Hyderabad,Telangana,Salaried,Retail,337278.84,2022-10-25,Aadhya Kapoor
C02938,Rahul,Patel,Male,1991-11-03,Coimbatore,Tamil Nadu,Salaried,Retail,234605.01,2025-06-25,Rahul Patel
C02939,Riya,Mehta,Male,2002-12-21,Delhi,Delhi,Salaried,Corporate,2436335.53,2020-01-16,Riya Mehta
C02940,Karan,Singh,Male,1982-10-28,Coimbatore,Tamil Nadu,Student,Corporate,1783178.21,2019-09-10,Karan Singh
C02941,Neha,Agarwal,Male,1967-05-27,Lucknow,Uttar Pradesh,Salaried,Premium,984485.41,2024-07-14,Neha Agarwal
C02942,Sneha,Bansal,Male,2000-02-19,Ahmedabad,Gujarat,Retired,Corporate,396000.0,2025-11-13,Sneha Bansal
C02943,Anika,Mehta,Female,2004-10-16,Bengaluru,Karnataka,Student,SME,252000.0,2024-04-28,Anika Mehta
C02944,Pari,Iyer,Male,1976-05-19,Coimbatore,Tamil Nadu,Student,SME,294260.95,2019-06-24,Pari Iyer
C02945,Kabir,Malhotra,Female,1976-06-13,Jaipur,Rajasthan,Retired,Retail,525357.25,2025-05-02,Kabir Malhotra
C02946,Rohan,Mishra,Male,1991-05-05,Pune,Maharashtra,Business Owner,Premium,586066.5,2024-12-15,Rohan Mishra
C02947,Ishaan,Kulkarni,Female,1989-11-15,Kolkata,West Bengal,Student,SME,963148.86,2024-10-13,Ishaan Kulkarni
C02948,Ishaan,Jain,Male,1998-06-07,Bengaluru,Karnataka,Retired,Retail,215502.86,2025-01-24,Ishaan Jain
C02949,Pari,Sharma,Male,1967-08-10,Ahmedabad,Gujarat,Freelancer,Premium,623651.4,2022-05-06,Pari Sharma
C02950,Amit,Malhotra,Female,1998-08-13,Delhi,Delhi,Student,Retail,658643.31,2018-02-02,Amit Malhotra
C02951,Anika,Mishra,Female,1979-10-17,Noida,Uttar Pradesh,Student,Retail,718004.84,2025-04-18,Anika Mishra
C02952,Rahul,Nair,Male,1967-07-12,Pune,Maharashtra,Self Employed,Retail,1559762.74,2018-09-15,Rahul Nair
C02953,Krishna,Kumar,Male,1991-03-07,Kolkata,West Bengal,Business Owner,Retail,813858.38,2019-09-13,Krishna Kumar
C02954,Riya,Nair,Female,1984-01-01,Coimbatore,Tamil Nadu,Salaried,Retail,718087.75,2023-01-28,Riya Nair
C02955,Ayaan,Iyer,Male,1966-06-28,Gurugram,Haryana,Salaried,Retail,270157.24,2020-02-11,Ayaan Iyer
C02956,Rohan,Singh,Male,1992-05-12,Mysuru,Karnataka,Self Employed,SME,927252.2,2019-06-04,Rohan Singh
C02957,Karan,Reddy,Male,1960-10-03,Mysuru,Karnataka,Freelancer,SME,1591253.66,2019-03-23,Karan Reddy
C02958,Ira,Mehta,Female,2004-11-26,Hyderabad,Telangana,Freelancer,Retail,525374.7,2020-03-17,Ira Mehta
C02959,Amit,Singh,Male,1990-10-25,Jaipur,Rajasthan,Salaried,Retail,571694.43,2022-10-16,Amit Singh
C02960,Rohan,Agarwal,Male,1969-04-03,Bhopal,Madhya Pradesh,Retired,Retail,577626.87,2019-03-23,Rohan Agarwal
C02961,Kiara,Desai,Female,1962-11-19,Mumbai,Maharashtra,Retired,Retail,664871.76,2024-11-30,Kiara Desai
C02962,Amit,Desai,Male,1973-11-11,Surat,Gujarat,Student,Retail,180000.0,2020-05-23,Amit Desai
C02963,Ishaan,Nair,Male,1992-09-18,Chennai,Tamil Nadu,Self Employed,Retail,633638.26,2025-03-03,Ishaan Nair
C02964,Anika,Kumar,Male,1972-06-04,Coimbatore,Tamil Nadu,Business Owner,Retail,413390.23,2018-07-08,Anika Kumar
C02965,Sara,Kumar,Male,1976-06-12,Lucknow,Uttar Pradesh,Business Owner,Retail,581891.86,2022-12-13,Sara Kumar
C02966,Anika,Malhotra,Female,1990-07-13,Ahmedabad,Gujarat,Business Owner,SME,943417.86,2021-08-07,Anika Malhotra
C02967,Reyansh,Patel,Male,1988-02-24,Bhopal,Madhya Pradesh,Freelancer,Premium,359585.51,2022-05-17,Reyansh Patel
C02968,Aadhya,Singh,Male,1983-10-07,Kochi,Kerala,Freelancer,Retail,1087793.45,2025-05-06,Aadhya Singh
C02969,Ishaan,Desai,Male,1990-05-23,Pune,Maharashtra,Retired,SME,534897.16,2024-09-13,Ishaan Desai
C02970,Aditya,Mishra,Female,1979-06-23,Ahmedabad,Gujarat,Salaried,Retail,337244.46,2019-05-17,Aditya Mishra
C02971,Myra,Kumar,Female,1974-04-27,Kolkata,West Bengal,Retired,Retail,267650.19,2023-03-30,Myra Kumar
C02972,Ayaan,Nair,Female,1965-01-25,Mumbai,Maharashtra,Retired,Retail,207694.42,2024-09-22,Ayaan Nair
C02973,Kiara,Patel,Male,1983-12-23,Indore,Madhya Pradesh,Student,Retail,326736.24,2023-09-28,Kiara Patel
C02974,Arjun,Jain,Female,1963-12-26,Ahmedabad,Gujarat,Self Employed,SME,265055.38,2023-02-13,Arjun Jain
C02975,Karan,Joshi,Male,1974-09-05,Surat,Gujarat,Salaried,Retail,180000.0,2019-10-19,Karan Joshi
C02976,Ishaan,Agarwal,Male,1971-04-28,Gurugram,Haryana,Student,Premium,686295.2,2024-03-25,Ishaan Agarwal
C02977,Aarav,Mehta,Female,1979-08-16,Jaipur,Rajasthan,Student,Premium,793603.46,2022-08-11,Aarav Mehta
C02978,Arjun,Kumar,Male,1985-01-01,Kolkata,West Bengal,Salaried,Premium,324000.0,2020-01-12,Arjun Kumar
C02979,Sai,Jain,Female,1968-02-19,Kochi,Kerala,Student,SME,252000.0,2019-07-02,Sai Jain
C02980,Rahul,Bansal,Male,1976-12-26,Surat,Gujarat,Freelancer,Retail,321611.88,2018-05-31,Rahul Bansal
C02981,Ayaan,Gupta,Male,1985-11-13,Ahmedabad,Gujarat,Self Employed,Retail,317917.85,2020-10-30,Ayaan Gupta
C02982,Ira,Nair,Female,1973-06-17,Hyderabad,Telangana,Business Owner,SME,661875.54,2019-02-06,Ira Nair
C02983,Anika,Patel,Female,1976-03-04,Delhi,Delhi,Freelancer,Retail,385709.13,2018-03-19,Anika Patel
C02984,Ira,Gupta,Male,1995-12-24,Chennai,Tamil Nadu,Freelancer,SME,892325.29,2022-08-10,Ira Gupta
C02985,Krishna,Kumar,Male,1997-06-12,Coimbatore,Tamil Nadu,Retired,Corporate,1546698.98,2020-10-07,Krishna Kumar
C02986,Neha,Chopra,Female,1996-04-04,Indore,Madhya Pradesh,Retired,Retail,668735.25,2023-07-27,Neha Chopra
C02987,Pari,Joshi,Female,1991-07-15,Gurugram,Haryana,Retired,Retail,436235.5,2022-10-08,Pari Joshi
C02988,Anika,Sharma,Female,1973-05-03,Bengaluru,Karnataka,Self Employed,Retail,232355.57,2022-11-06,Anika Sharma
C02989,Priya,Sharma,Male,1968-04-07,Indore,Madhya Pradesh,Salaried,Premium,1155939.32,2018-11-04,Priya Sharma
C02990,Kiara,Reddy,Female,1974-10-04,Bengaluru,Karnataka,Retired,Retail,195485.68,2019-10-03,Kiara Reddy
C02991,Myra,Mishra,Male,1976-10-20,Bengaluru,Karnataka,Business Owner,Retail,738687.92,2025-01-19,Myra Mishra
C02992,Karan,Sharma,Female,1996-02-11,Chandigarh,Chandigarh,Student,Wealth,1278068.55,2024-11-16,Karan Sharma
C02993,Pari,Chopra,Male,1984-08-22,Nagpur,Maharashtra,Salaried,Retail,180000.0,2020-01-13,Pari Chopra
C02994,Ira,Chopra,Female,1989-03-14,Noida,Uttar Pradesh,Self Employed,Retail,526892.48,2020-12-29,Ira Chopra
C02995,Karan,Kulkarni,Male,1999-08-04,Kolkata,West Bengal,Self Employed,Premium,1158956.51,2023-06-26,Karan Kulkarni
C02996,Rahul,Kulkarni,Female,1960-02-04,Jaipur,Rajasthan,Self Employed,Premium,495567.68,2025-01-05,Rahul Kulkarni
C02997,Ira,Malhotra,Female,1986-01-27,Gurugram,Haryana,Salaried,Wealth,1190546.04,2018-05-24,Ira Malhotra
C02998,Sara,Kapoor,Female,1981-11-20,Bhopal,Madhya Pradesh,Self Employed,Retail,1019923.86,2025-10-25,Sara Kapoor
C02999,Arjun,Jain,Female,1986-05-09,Noida,Uttar Pradesh,Student,SME,311854.98,2025-05-18,Arjun Jain
C03000,Ira,Kulkarni,Female,1982-10-13,Surat,Gujarat,Student,SME,1795312.68,2024-12-10,Ira Kulkarni
C03001,Rahul,Mehta,Female,1997-11-09,Hyderabad,Telangana,Student,Wealth,1891784.46,2020-11-01,Rahul Mehta
C03002,Ayaan,Kulkarni,Female,2001-01-23,Coimbatore,Tamil Nadu,Self Employed,Premium,324000.0,2024-09-25,Ayaan Kulkarni
C03003,Anaya,Mehta,Female,1995-12-09,Mumbai,Maharashtra,Business Owner,Premium,1453714.9,2018-04-21,Anaya Mehta
C03004,Ayaan,Malhotra,Male,1988-06-09,Lucknow,Uttar Pradesh,Self Employed,Premium,782865.11,2026-03-07,Ayaan Malhotra
C03005,Kiara,Mishra,Female,1983-07-19,Kochi,Kerala,Business Owner,Retail,561210.46,2023-11-20,Kiara Mishra
C03006,Vivaan,Reddy,Male,2004-05-26,Pune,Maharashtra,Business Owner,Corporate,931356.67,2018-01-06,Vivaan Reddy
C03007,Ira,Mehta,Female,1973-03-26,Ahmedabad,Gujarat,Freelancer,Wealth,2429190.42,2024-07-09,Ira Mehta
C03008,Krishna,Chopra,Female,1973-04-10,Surat,Gujarat,Freelancer,SME,567407.76,2018-06-02,Krishna Chopra
C03009,Krishna,Gupta,Female,1973-03-16,Lucknow,Uttar Pradesh,Retired,Retail,893957.58,2019-08-24,Krishna Gupta
C03010,Vivaan,Jain,Male,1996-05-27,Pune,Maharashtra,Freelancer,SME,342340.52,2024-09-08,Vivaan Jain
C03011,Reyansh,Agarwal,Male,1967-07-10,Coimbatore,Tamil Nadu,Self Employed,Wealth,1246924.65,2018-03-30,Reyansh Agarwal
C03012,Diya,Reddy,Female,1965-05-09,Surat,Gujarat,Retired,Retail,180000.0,2024-08-13,Diya Reddy
C03013,Rohan,Kumar,Female,1981-01-26,Noida,Uttar Pradesh,Salaried,SME,1231914.05,2020-01-31,Rohan Kumar
C03014,Sara,Verma,Female,1961-12-13,Jaipur,Rajasthan,Salaried,SME,589595.57,2025-02-20,Sara Verma
C03015,Karan,Gupta,Male,2003-02-06,Kochi,Kerala,Retired,Premium,331907.31,2019-03-26,Karan Gupta
C03016,Ishaan,Gupta,Male,1972-08-15,Delhi,Delhi,Self Employed,Retail,554087.77,2023-08-03,Ishaan Gupta
C03017,Aarav,Jain,Male,1992-08-01,Surat,Gujarat,Salaried,Retail,1008471.55,2025-01-16,Aarav Jain
C03018,Sara,Verma,Female,2001-06-04,Ahmedabad,Gujarat,Retired,SME,933650.69,2020-04-19,Sara Verma
C03019,Reyansh,Sharma,Male,2003-11-10,Kochi,Kerala,Business Owner,Retail,691362.2,2023-10-21,Reyansh Sharma
C03020,Rohan,Sharma,Female,1989-04-14,Kolkata,West Bengal,Business Owner,SME,494013.25,2024-12-15,Rohan Sharma
C03021,Ira,Mehta,Female,1990-03-17,Delhi,Delhi,Business Owner,Retail,312280.32,2020-10-03,Ira Mehta
C03022,Krishna,Reddy,Female,1987-08-24,Bengaluru,Karnataka,Salaried,Retail,705625.08,2024-03-06,Krishna Reddy
C03023,Sai,Verma,Female,2002-10-11,Kochi,Kerala,Freelancer,Wealth,1444563.66,2022-03-03,Sai Verma
C03024,Vivaan,Gupta,Female,1960-12-27,Surat,Gujarat,Self Employed,Retail,364791.65,2020-04-26,Vivaan Gupta
C03025,Aarav,Mishra,Male,1968-10-20,Pune,Maharashtra,Self Employed,Premium,710016.07,2022-01-07,Aarav Mishra
C03026,Krishna,Verma,Male,1982-05-01,Ahmedabad,Gujarat,Freelancer,Wealth,2074861.83,2023-03-12,Krishna Verma
C03027,Karan,Iyer,Male,1970-01-04,Noida,Uttar Pradesh,Salaried,Retail,240632.31,2021-04-11,Karan Iyer
C03028,Priya,Gupta,Male,1972-02-22,Delhi,Delhi,Retired,SME,1075114.08,2020-08-30,Priya Gupta
C03029,Diya,Kulkarni,Female,1982-05-17,Pune,Maharashtra,Retired,Retail,248816.48,2023-01-06,Diya Kulkarni
C03030,Rohan,Iyer,Male,1997-09-24,Noida,Uttar Pradesh,Retired,Retail,704916.15,2019-03-06,Rohan Iyer
C03031,Ira,Singh,Female,1965-09-06,Kolkata,West Bengal,Business Owner,Retail,671792.22,2019-06-23,Ira Singh
C03032,Myra,Bansal,Male,1982-02-17,Nagpur,Maharashtra,Business Owner,Retail,767669.37,2021-10-18,Myra Bansal
C03033,Pooja,Mishra,Female,1962-04-02,Nagpur,Maharashtra,Business Owner,SME,334794.52,2020-12-08,Pooja Mishra
C03034,Amit,Nair,Female,1989-07-04,Bhopal,Madhya Pradesh,Retired,Premium,334263.31,2019-04-17,Amit Nair
C03035,Ishaan,Verma,Male,1961-09-19,Coimbatore,Tamil Nadu,Business Owner,Retail,299693.89,2018-04-20,Ishaan Verma
C03036,Amit,Joshi,Female,1986-10-12,Jaipur,Rajasthan,Business Owner,Retail,278976.42,2023-09-14,Amit Joshi
C03037,Myra,Iyer,Female,1964-01-17,Bhopal,Madhya Pradesh,Student,Corporate,647631.31,2023-01-26,Myra Iyer
C03038,Neha,Gupta,Male,1991-05-12,Indore,Madhya Pradesh,Self Employed,Premium,522333.9,2023-10-08,Neha Gupta
C03039,Sara,Mishra,Male,1969-05-24,Jaipur,Rajasthan,Salaried,Premium,1405100.02,2023-07-15,Sara Mishra
C03040,Pari,Bansal,Female,1978-06-12,Pune,Maharashtra,Business Owner,Premium,324000.0,2026-01-26,Pari Bansal
C03041,Rohan,Jain,Male,1987-07-05,Mysuru,Karnataka,Self Employed,Retail,587342.03,2021-09-13,Rohan Jain
C03042,Pooja,Sharma,Female,1997-04-11,Kolkata,West Bengal,Business Owner,SME,566923.36,2019-05-23,Pooja Sharma
C03043,Aditya,Nair,Female,1969-08-05,Delhi,Delhi,Salaried,Premium,705781.78,2025-10-11,Aditya Nair
C03044,Anaya,Nair,Female,1977-02-16,Noida,Uttar Pradesh,Business Owner,SME,709579.72,2024-03-26,Anaya Nair
C03045,Karan,Bansal,Male,1978-06-12,Lucknow,Uttar Pradesh,Salaried,Premium,324000.0,2022-10-03,Karan Bansal
C03046,Kiara,Bansal,Male,2002-04-07,Kochi,Kerala,Retired,Retail,1706184.11,2024-11-14,Kiara Bansal
C03047,Amit,Verma,Female,1960-05-26,Kolkata,West Bengal,Self Employed,Corporate,448486.35,2018-11-22,Amit Verma
C03048,Aditya,Kapoor,Female,1965-06-11,Indore,Madhya Pradesh,Retired,Premium,1010820.02,2020-08-06,Aditya Kapoor
C03049,Ayaan,Patel,Female,1985-09-13,Lucknow,Uttar Pradesh,Salaried,SME,1227806.54,2023-11-15,Ayaan Patel
C03050,Amit,Malhotra,Male,1993-09-18,Nagpur,Maharashtra,Retired,Retail,219518.22,2018-11-17,Amit Malhotra
C03051,Vivaan,Verma,Male,1966-06-27,Bengaluru,Karnataka,Freelancer,Retail,214342.72,2025-08-08,Vivaan Verma
C03052,Aarav,Mehta,Female,1973-10-14,Lucknow,Uttar Pradesh,Retired,Retail,489538.48,2019-11-26,Aarav Mehta
C03053,Amit,Bansal,Female,1995-09-20,Bengaluru,Karnataka,Student,Retail,419745.74,2022-07-14,Amit Bansal
C03054,Aditya,Kumar,Female,1977-03-24,Lucknow,Uttar Pradesh,Self Employed,Retail,263662.3,2022-07-16,Aditya Kumar
C03055,Priya,Sharma,Female,1978-08-09,Surat,Gujarat,Student,Retail,680408.9,2025-04-09,Priya Sharma
C03056,Kiara,Mehta,Female,1972-11-25,Kochi,Kerala,Retired,Retail,430725.77,2025-04-21,Kiara Mehta
C03057,Ishaan,Reddy,Male,1993-02-22,Coimbatore,Tamil Nadu,Business Owner,Premium,693684.9,2022-05-09,Ishaan Reddy
C03058,Riya,Joshi,Female,1988-11-03,Bhopal,Madhya Pradesh,Self Employed,Retail,881256.71,2019-01-12,Riya Joshi
C03059,Aarav,Singh,Female,1981-07-13,Coimbatore,Tamil Nadu,Retired,Retail,184950.14,2018-02-15,Aarav Singh
C03060,Rohan,Agarwal,Male,1996-07-09,Kochi,Kerala,Salaried,Corporate,1117338.73,2025-06-01,Rohan Agarwal
C03061,Kabir,Singh,Female,1971-03-19,Kochi,Kerala,Student,Corporate,396000.0,2024-04-13,Kabir Singh
C03062,Anika,Reddy,Male,1968-03-02,Indore,Madhya Pradesh,Student,Retail,258751.68,2025-07-29,Anika Reddy
C03063,Ira,Iyer,Female,1973-09-14,Bengaluru,Karnataka,Retired,Retail,180000.0,2020-09-28,Ira Iyer
C03064,Rohan,Chopra,Female,1976-06-11,Pune,Maharashtra,Student,Premium,382474.87,2023-08-20,Rohan Chopra
C03065,Pooja,Singh,Female,1995-11-01,Ahmedabad,Gujarat,Freelancer,Retail,381123.78,2023-05-16,Pooja Singh
C03066,Krishna,Bansal,Female,1976-11-09,Surat,Gujarat,Self Employed,SME,294707.56,2020-10-26,Krishna Bansal
C03067,Neha,Gupta,Female,1971-01-02,Hyderabad,Telangana,Self Employed,Retail,405776.16,2018-07-27,Neha Gupta
C03068,Rohan,Sharma,Female,1980-02-21,Lucknow,Uttar Pradesh,Student,Premium,918887.11,2022-03-13,Rohan Sharma
C03069,Aditya,Reddy,Male,1975-04-11,Mysuru,Karnataka,Self Employed,SME,649179.05,2020-02-01,Aditya Reddy
C03070,Neha,Verma,Female,1992-08-14,Nagpur,Maharashtra,Self Employed,Retail,432291.5,2020-04-28,Neha Verma
C03071,Pooja,Jain,Male,1995-02-01,Noida,Uttar Pradesh,Salaried,Retail,526066.84,2022-01-29,Pooja Jain
C03072,Kabir,Nair,Female,1968-10-03,Delhi,Delhi,Business Owner,Retail,180000.0,2024-12-06,Kabir Nair
C03073,Vihaan,Nair,Male,1961-06-28,Chandigarh,Chandigarh,Business Owner,Retail,536301.06,2023-08-26,Vihaan Nair
C03074,Pooja,Desai,Male,1962-05-28,Noida,Uttar Pradesh,Self Employed,Retail,418188.89,2018-06-14,Pooja Desai
C03075,Myra,Nair,Female,1964-01-20,Surat,Gujarat,Self Employed,Corporate,428697.96,2023-02-27,Myra Nair
C03076,Aditya,Mishra,Male,1978-08-08,Mysuru,Karnataka,Student,Wealth,842677.17,2021-03-01,Aditya Mishra
C03077,Sai,Mehta,Male,1965-03-14,Lucknow,Uttar Pradesh,Student,Retail,180000.0,2018-12-21,Sai Mehta
C03078,Anaya,Iyer,Female,1982-06-17,Surat,Gujarat,Self Employed,Retail,615938.04,2022-09-21,Anaya Iyer
C03079,Vivaan,Singh,Female,1968-01-22,Jaipur,Rajasthan,Freelancer,Retail,557430.63,2021-07-10,Vivaan Singh
C03080,Vivaan,Bansal,Male,1960-01-12,Mysuru,Karnataka,Business Owner,SME,1504179.63,2023-03-09,Vivaan Bansal
C03081,Priya,Mishra,Male,1964-03-03,Bengaluru,Karnataka,Self Employed,Premium,426227.71,2020-09-13,Priya Mishra
C03082,Kabir,Desai,Female,1972-10-26,Kolkata,West Bengal,Retired,Retail,562932.99,2021-02-28,Kabir Desai
C03083,Vivaan,Kulkarni,Female,2004-06-03,Nagpur,Maharashtra,Self Employed,SME,535372.29,2019-08-19,Vivaan Kulkarni
C03084,Kiara,Agarwal,Female,1993-04-02,Mysuru,Karnataka,Freelancer,Retail,180000.0,2025-09-03,Kiara Agarwal
C03085,Ira,Verma,Female,1967-10-01,Coimbatore,Tamil Nadu,Salaried,Retail,347934.6,2018-07-24,Ira Verma
C03086,Kiara,Joshi,Male,1974-04-10,Chandigarh,Chandigarh,Salaried,Retail,373505.34,2021-07-17,Kiara Joshi
C03087,Pari,Malhotra,Female,1983-12-10,Indore,Madhya Pradesh,Salaried,Retail,540262.74,2022-07-20,Pari Malhotra
C03088,Myra,Sharma,Female,1974-08-15,Hyderabad,Telangana,Student,Retail,515638.17,2018-09-09,Myra Sharma
C03089,Rohan,Mehta,Male,1971-06-23,Mysuru,Karnataka,Freelancer,Premium,1030400.37,2024-05-04,Rohan Mehta
C03090,Vihaan,Kulkarni,Female,1965-08-21,Indore,Madhya Pradesh,Retired,SME,657372.72,2022-12-26,Vihaan Kulkarni
C03091,Neha,Kapoor,Male,1962-06-20,Kolkata,West Bengal,Salaried,Retail,773417.28,2025-11-13,Neha Kapoor
C03092,Amit,Chopra,Male,1963-11-12,Bengaluru,Karnataka,Self Employed,Premium,1963548.02,2026-01-17,Amit Chopra
C03093,Aarav,Agarwal,Female,1991-10-07,Bengaluru,Karnataka,Freelancer,Wealth,955317.99,2021-05-13,Aarav Agarwal
C03094,Priya,Desai,Male,1984-06-23,Pune,Maharashtra,Freelancer,Premium,4353084.49,2021-09-30,Priya Desai
C03095,Aadhya,Desai,Male,1972-06-15,Nagpur,Maharashtra,Retired,Retail,424968.54,2020-12-04,Aadhya Desai
C03096,Kabir,Kumar,Female,1971-01-16,Ahmedabad,Gujarat,Salaried,Retail,564148.31,2024-07-07,Kabir Kumar
C03097,Aditya,Gupta,Female,1986-01-25,Gurugram,Haryana,Retired,Retail,289561.27,2018-03-23,Aditya Gupta
C03098,Aditya,Kapoor,Female,1961-10-26,Mysuru,Karnataka,Retired,Retail,959708.54,2018-01-15,Aditya Kapoor
C03099,Sai,Agarwal,Male,1964-11-15,Kochi,Kerala,Business Owner,Retail,442128.16,2025-06-30,Sai Agarwal
C03100,Krishna,Kapoor,Female,1989-08-27,Bhopal,Madhya Pradesh,Self Employed,Retail,440556.44,2025-10-28,Krishna Kapoor
C03101,Amit,Mishra,Female,1992-03-04,Ahmedabad,Gujarat,Business Owner,Retail,285114.95,2022-11-13,Amit Mishra
C03102,Neha,Kapoor,Male,1991-08-07,Mumbai,Maharashtra,Retired,Premium,1576465.58,2019-11-17,Neha Kapoor
C03103,Karan,Kapoor,Female,1962-06-28,Delhi,Delhi,Business Owner,SME,525996.84,2026-03-12,Karan Kapoor
C03104,Kiara,Kulkarni,Female,2002-10-06,Bhopal,Madhya Pradesh,Freelancer,Retail,228170.93,2023-11-21,Kiara Kulkarni
C03105,Ishaan,Jain,Female,2000-08-07,Surat,Gujarat,Retired,Retail,294337.53,2020-09-04,Ishaan Jain
C03106,Reyansh,Malhotra,Male,1999-10-22,Kolkata,West Bengal,Business Owner,Premium,561165.23,2022-05-03,Reyansh Malhotra
C03107,Vivaan,Patel,Male,1997-10-16,Chandigarh,Chandigarh,Salaried,Corporate,681919.52,2025-10-26,Vivaan Patel
C03108,Reyansh,Joshi,Female,1976-07-21,Ahmedabad,Gujarat,Self Employed,Premium,664175.75,2025-08-10,Reyansh Joshi
C03109,Vivaan,Iyer,Female,1973-11-03,Pune,Maharashtra,Retired,Retail,497491.95,2019-06-28,Vivaan Iyer
C03110,Neha,Kumar,Male,1990-06-08,Bhopal,Madhya Pradesh,Self Employed,Retail,655925.76,2024-09-16,Neha Kumar
C03111,Sai,Chopra,Male,1995-08-09,Hyderabad,Telangana,Business Owner,Retail,286037.13,2022-02-17,Sai Chopra
C03112,Ayaan,Patel,Female,1988-04-19,Mysuru,Karnataka,Freelancer,Wealth,1844065.53,2023-02-28,Ayaan Patel
C03113,Pooja,Kulkarni,Female,1987-06-01,Bhopal,Madhya Pradesh,Freelancer,Corporate,1063144.52,2025-04-09,Pooja Kulkarni
C03114,Priya,Kapoor,Male,1980-06-16,Pune,Maharashtra,Student,Premium,789043.27,2021-05-16,Priya Kapoor
C03115,Diya,Mehta,Male,1964-03-22,Noida,Uttar Pradesh,Salaried,Retail,336144.32,2025-09-26,Diya Mehta
C03116,Ira,Verma,Male,1991-06-02,Coimbatore,Tamil Nadu,Student,SME,265545.06,2024-08-19,Ira Verma
C03117,Reyansh,Joshi,Male,1988-11-12,Kolkata,West Bengal,Student,Wealth,619395.03,2024-01-04,Reyansh Joshi
C03118,Amit,Kapoor,Female,1989-01-26,Ahmedabad,Gujarat,Business Owner,Retail,486099.92,2019-03-11,Amit Kapoor
C03119,Sara,Reddy,Male,1964-01-10,Pune,Maharashtra,Business Owner,Retail,420999.18,2021-02-14,Sara Reddy
C03120,Anika,Mishra,Female,1969-02-01,Nagpur,Maharashtra,Retired,Retail,453593.26,2024-12-24,Anika Mishra
C03121,Myra,Iyer,Male,1973-03-25,Mysuru,Karnataka,Retired,SME,726574.02,2021-06-10,Myra Iyer
C03122,Reyansh,Nair,Female,2000-02-04,Bhopal,Madhya Pradesh,Business Owner,Retail,547102.03,2022-06-09,Reyansh Nair
C03123,Nisha,Kumar,Female,2001-02-28,Pune,Maharashtra,Self Employed,Wealth,786039.51,2021-05-21,Nisha Kumar
C03124,Neha,Reddy,Female,1980-05-14,Coimbatore,Tamil Nadu,Retired,Wealth,836411.79,2025-12-14,Neha Reddy
C03125,Rohan,Nair,Male,1969-11-08,Gurugram,Haryana,Business Owner,Premium,392265.22,2022-04-26,Rohan Nair
C03126,Pooja,Verma,Female,1963-10-11,Ahmedabad,Gujarat,Salaried,SME,300961.86,2020-10-20,Pooja Verma
C03127,Aadhya,Joshi,Female,1993-02-02,Nagpur,Maharashtra,Self Employed,Retail,915484.42,2018-11-02,Aadhya Joshi
C03128,Anaya,Chopra,Male,2000-12-03,Hyderabad,Telangana,Student,Corporate,780564.97,2023-10-09,Anaya Chopra
C03129,Karan,Iyer,Female,1998-06-14,Pune,Maharashtra,Salaried,Retail,856641.62,2020-02-25,Karan Iyer
C03130,Riya,Patel,Female,2003-04-14,Noida,Uttar Pradesh,Student,Retail,1052451.19,2025-10-24,Riya Patel
C03131,Sara,Malhotra,Male,1995-02-15,Coimbatore,Tamil Nadu,Retired,Premium,435388.97,2018-09-01,Sara Malhotra
C03132,Rohan,Gupta,Female,1971-12-26,Coimbatore,Tamil Nadu,Self Employed,Retail,484381.97,2024-05-25,Rohan Gupta
C03133,Reyansh,Kapoor,Male,1998-05-17,Nagpur,Maharashtra,Business Owner,Retail,351373.49,2019-11-21,Reyansh Kapoor
C03134,Nisha,Verma,Male,1980-03-01,Surat,Gujarat,Salaried,SME,276717.43,2024-12-11,Nisha Verma
C03135,Ira,Chopra,Female,2001-05-23,Bhopal,Madhya Pradesh,Business Owner,Retail,553835.11,2024-12-31,Ira Chopra
C03136,Riya,Gupta,Male,1994-02-23,Chennai,Tamil Nadu,Freelancer,Retail,249815.12,2022-04-29,Riya Gupta
C03137,Krishna,Kapoor,Male,2002-06-20,Jaipur,Rajasthan,Business Owner,Wealth,2339259.45,2020-02-23,Krishna Kapoor
C03138,Ira,Iyer,Male,1967-09-21,Delhi,Delhi,Self Employed,Retail,275942.86,2019-02-24,Ira Iyer
C03139,Anika,Reddy,Male,1985-09-25,Kolkata,West Bengal,Freelancer,Retail,820216.06,2019-05-29,Anika Reddy
C03140,Ayaan,Kumar,Male,1976-07-06,Delhi,Delhi,Self Employed,SME,604673.38,2021-07-06,Ayaan Kumar
C03141,Myra,Jain,Female,1976-03-08,Lucknow,Uttar Pradesh,Salaried,Retail,417509.16,2021-06-27,Myra Jain
C03142,Pari,Malhotra,Female,1999-12-07,Delhi,Delhi,Freelancer,Premium,1158010.31,2025-12-02,Pari Malhotra
C03143,Priya,Jain,Female,1985-08-10,Surat,Gujarat,Self Employed,Retail,596364.56,2018-11-04,Priya Jain
C03144,Aarav,Mehta,Male,1988-11-11,Pune,Maharashtra,Freelancer,Retail,235864.47,2018-05-27,Aarav Mehta
C03145,Priya,Jain,Male,1964-01-23,Kolkata,West Bengal,Business Owner,Premium,1626078.64,2023-03-08,Priya Jain
C03146,Pooja,Malhotra,Male,1982-05-06,Delhi,Delhi,Retired,Retail,357709.52,2019-12-30,Pooja Malhotra
C03147,Neha,Kumar,Male,1987-12-25,Indore,Madhya Pradesh,Retired,Premium,455332.1,2025-05-17,Neha Kumar
C03148,Kabir,Joshi,Male,1995-03-26,Mysuru,Karnataka,Student,SME,1356262.24,2024-02-28,Kabir Joshi
C03149,Amit,Mehta,Male,1993-01-16,Surat,Gujarat,Retired,SME,252000.0,2024-11-20,Amit Mehta
C03150,Pari,Kapoor,Male,1983-10-08,Chandigarh,Chandigarh,Freelancer,Retail,221949.25,2018-11-28,Pari Kapoor
C03151,Rahul,Jain,Male,1980-04-10,Noida,Uttar Pradesh,Student,Premium,1093780.39,2023-05-18,Rahul Jain
C03152,Ishaan,Kapoor,Female,1960-12-18,Kolkata,West Bengal,Self Employed,Premium,1151132.65,2021-11-20,Ishaan Kapoor
C03153,Ayaan,Malhotra,Male,1984-09-14,Jaipur,Rajasthan,Business Owner,Premium,562099.21,2024-06-28,Ayaan Malhotra
C03154,Krishna,Kumar,Male,1964-10-25,Kolkata,West Bengal,Business Owner,SME,749142.03,2024-07-14,Krishna Kumar
C03155,Pooja,Iyer,Male,1981-02-07,Coimbatore,Tamil Nadu,Business Owner,SME,1767119.0,2021-04-19,Pooja Iyer
C03156,Neha,Gupta,Male,1997-07-07,Mysuru,Karnataka,Retired,Premium,324000.0,2022-08-10,Neha Gupta
C03157,Diya,Mishra,Male,1979-06-04,Indore,Madhya Pradesh,Business Owner,Premium,711835.85,2018-05-05,Diya Mishra
C03158,Priya,Jain,Female,1964-08-08,Hyderabad,Telangana,Salaried,Retail,332245.84,2025-12-15,Priya Jain
C03159,Aditya,Kulkarni,Male,2003-03-07,Noida,Uttar Pradesh,Retired,Premium,836637.03,2024-12-23,Aditya Kulkarni
C03160,Pooja,Iyer,Male,1974-06-28,Nagpur,Maharashtra,Salaried,Retail,373710.56,2018-10-17,Pooja Iyer
C03161,Sara,Joshi,Male,1988-12-11,Gurugram,Haryana,Salaried,SME,459276.03,2021-06-06,Sara Joshi
C03162,Rahul,Bansal,Female,1973-04-04,Chandigarh,Chandigarh,Retired,SME,406933.45,2020-11-28,Rahul Bansal
C03163,Anika,Desai,Male,1961-04-27,Mumbai,Maharashtra,Freelancer,SME,408778.8,2018-06-03,Anika Desai
C03164,Anika,Patel,Female,1968-02-17,Pune,Maharashtra,Salaried,Retail,258931.24,2019-07-06,Anika Patel
C03165,Kabir,Joshi,Male,1976-07-03,Bhopal,Madhya Pradesh,Salaried,Retail,489588.85,2021-02-27,Kabir Joshi
C03166,Arjun,Sharma,Female,1998-10-16,Nagpur,Maharashtra,Self Employed,SME,945166.42,2025-03-23,Arjun Sharma
C03167,Vihaan,Verma,Female,2002-08-09,Chennai,Tamil Nadu,Business Owner,Retail,296309.39,2018-09-29,Vihaan Verma
C03168,Pooja,Kulkarni,Female,1961-05-27,Pune,Maharashtra,Self Employed,Retail,350808.08,2018-07-13,Pooja Kulkarni
C03169,Neha,Kulkarni,Male,1969-11-22,Indore,Madhya Pradesh,Freelancer,Retail,263157.26,2018-12-15,Neha Kulkarni
C03170,Sara,Malhotra,Female,1984-02-23,Indore,Madhya Pradesh,Student,Retail,505791.08,2022-10-01,Sara Malhotra
C03171,Aditya,Singh,Male,1988-06-28,Indore,Madhya Pradesh,Retired,Retail,442492.21,2024-01-09,Aditya Singh
C03172,Vivaan,Reddy,Female,1994-10-08,Bengaluru,Karnataka,Self Employed,Premium,1564488.72,2018-06-09,Vivaan Reddy
C03173,Karan,Agarwal,Male,1983-02-19,Hyderabad,Telangana,Freelancer,Retail,327839.51,2023-02-12,Karan Agarwal
C03174,Pari,Chopra,Female,1977-02-18,Lucknow,Uttar Pradesh,Freelancer,Premium,1129240.26,2025-08-06,Pari Chopra
C03175,Anaya,Agarwal,Female,1975-11-21,Pune,Maharashtra,Retired,Corporate,736722.87,2020-02-29,Anaya Agarwal
C03176,Vivaan,Desai,Female,1966-09-21,Nagpur,Maharashtra,Business Owner,Retail,763279.78,2024-09-27,Vivaan Desai
C03177,Aarav,Bansal,Male,1975-10-06,Noida,Uttar Pradesh,Retired,Retail,562681.56,2021-07-10,Aarav Bansal
C03178,Myra,Malhotra,Female,1989-01-05,Surat,Gujarat,Self Employed,Wealth,712371.24,2018-08-14,Myra Malhotra
C03179,Anaya,Reddy,Female,1982-11-21,Kolkata,West Bengal,Salaried,Retail,363143.24,2023-01-18,Anaya Reddy
C03180,Ira,Malhotra,Male,1997-11-14,Bhopal,Madhya Pradesh,Freelancer,Retail,645115.08,2026-01-10,Ira Malhotra
C03181,Aarav,Reddy,Male,1966-01-24,Delhi,Delhi,Retired,Retail,1006788.06,2021-06-25,Aarav Reddy
C03182,Diya,Jain,Male,1964-02-26,Indore,Madhya Pradesh,Business Owner,Retail,329444.68,2019-01-24,Diya Jain
C03183,Krishna,Reddy,Male,2004-05-18,Mumbai,Maharashtra,Student,Retail,428220.7,2019-06-01,Krishna Reddy
C03184,Aditya,Gupta,Male,1979-08-02,Chennai,Tamil Nadu,Salaried,Premium,881359.11,2023-08-19,Aditya Gupta
C03185,Neha,Nair,Female,1989-01-08,Jaipur,Rajasthan,Self Employed,Retail,212459.37,2018-04-30,Neha Nair
C03186,Pari,Mishra,Female,1975-03-10,Jaipur,Rajasthan,Freelancer,SME,1200344.08,2020-11-16,Pari Mishra
C03187,Ayaan,Agarwal,Male,2003-01-25,Chandigarh,Chandigarh,Student,Retail,629090.53,2022-12-17,Ayaan Agarwal
C03188,Rahul,Kapoor,Male,1998-12-17,Chandigarh,Chandigarh,Business Owner,SME,680255.2,2023-03-29,Rahul Kapoor
C03189,Ishaan,Mehta,Male,1978-09-04,Mumbai,Maharashtra,Self Employed,Retail,226697.13,2018-12-09,Ishaan Mehta
C03190,Aditya,Jain,Male,1982-12-13,Hyderabad,Telangana,Salaried,SME,376447.09,2020-10-03,Aditya Jain
C03191,Aadhya,Jain,Female,1975-08-09,Hyderabad,Telangana,Salaried,Retail,730057.05,2025-09-22,Aadhya Jain
C03192,Reyansh,Gupta,Male,1973-07-05,Coimbatore,Tamil Nadu,Business Owner,Retail,1301345.13,2020-11-22,Reyansh Gupta
C03193,Sara,Gupta,Male,2000-02-04,Mysuru,Karnataka,Freelancer,Premium,459025.51,2022-07-05,Sara Gupta
C03194,Rohan,Nair,Female,1973-01-26,Nagpur,Maharashtra,Self Employed,Retail,676889.22,2025-04-03,Rohan Nair
C03195,Krishna,Singh,Female,1988-11-08,Surat,Gujarat,Student,Corporate,830543.67,2019-05-07,Krishna Singh
C03196,Riya,Nair,Female,1986-02-22,Mysuru,Karnataka,Freelancer,Retail,791318.28,2019-08-04,Riya Nair
C03197,Myra,Iyer,Male,2004-02-18,Surat,Gujarat,Student,Retail,693973.53,2023-12-11,Myra Iyer
C03198,Ishaan,Verma,Male,2001-10-12,Delhi,Delhi,Self Employed,Retail,739508.73,2019-07-02,Ishaan Verma
C03199,Neha,Joshi,Female,1982-09-12,Noida,Uttar Pradesh,Freelancer,Premium,1492601.06,2019-12-04,Neha Joshi
C03200,Priya,Jain,Male,1993-01-11,Bhopal,Madhya Pradesh,Retired,Retail,674696.25,2025-09-11,Priya Jain
C03201,Neha,Jain,Female,1973-06-09,Jaipur,Rajasthan,Student,Corporate,808074.72,2023-05-31,Neha Jain
C03202,Ishaan,Bansal,Female,1978-05-19,Hyderabad,Telangana,Salaried,Retail,639192.09,2018-07-19,Ishaan Bansal
C03203,Ishaan,Malhotra,Female,1960-07-19,Surat,Gujarat,Self Employed,Retail,447774.92,2025-07-13,Ishaan Malhotra
C03204,Nisha,Malhotra,Female,1983-06-26,Jaipur,Rajasthan,Freelancer,Retail,422668.12,2021-04-03,Nisha Malhotra
C03205,Diya,Joshi,Female,1961-10-04,Ahmedabad,Gujarat,Salaried,Retail,221390.78,2019-01-15,Diya Joshi
C03206,Krishna,Kulkarni,Male,1963-10-27,Surat,Gujarat,Student,Wealth,540000.0,2024-04-27,Krishna Kulkarni
C03207,Rohan,Chopra,Male,1985-03-12,Delhi,Delhi,Self Employed,Premium,774928.75,2019-06-24,Rohan Chopra
C03208,Pari,Nair,Male,1963-11-27,Kolkata,West Bengal,Freelancer,Retail,769591.7,2025-02-12,Pari Nair
C03209,Pari,Desai,Male,1992-09-09,Chandigarh,Chandigarh,Freelancer,SME,1330935.38,2020-09-21,Pari Desai
C03210,Anaya,Nair,Female,1965-08-19,Surat,Gujarat,Freelancer,SME,787901.6,2024-12-27,Anaya Nair
C03211,Pooja,Gupta,Female,1989-12-17,Kolkata,West Bengal,Freelancer,SME,252000.0,2021-03-25,Pooja Gupta
C03212,Rohan,Reddy,Male,1988-12-04,Delhi,Delhi,Self Employed,Retail,294978.54,2020-05-23,Rohan Reddy
C03213,Myra,Bansal,Female,1973-07-28,Chandigarh,Chandigarh,Freelancer,Premium,449923.07,2018-05-05,Myra Bansal
C03214,Aditya,Kumar,Female,1962-05-24,Hyderabad,Telangana,Self Employed,SME,485390.07,2023-08-30,Aditya Kumar
C03215,Sai,Verma,Female,1967-01-12,Bengaluru,Karnataka,Freelancer,Retail,180000.0,2021-04-10,Sai Verma
C03216,Karan,Bansal,Female,1997-06-06,Coimbatore,Tamil Nadu,Student,Corporate,2074880.26,2021-01-22,Karan Bansal
C03217,Nisha,Kulkarni,Male,1973-10-07,Gurugram,Haryana,Freelancer,Retail,218119.36,2019-06-30,Nisha Kulkarni
C03218,Rahul,Desai,Male,1993-04-20,Jaipur,Rajasthan,Salaried,Retail,588744.67,2018-02-18,Rahul Desai
C03219,Nisha,Reddy,Female,1984-01-16,Delhi,Delhi,Retired,Retail,289088.57,2025-06-22,Nisha Reddy
C03220,Ayaan,Gupta,Male,1981-04-28,Ahmedabad,Gujarat,Business Owner,Retail,360944.54,2020-01-14,Ayaan Gupta
C03221,Rohan,Kapoor,Female,1995-10-18,Mumbai,Maharashtra,Salaried,Retail,473568.5,2023-05-05,Rohan Kapoor
C03222,Arjun,Mishra,Female,1973-04-15,Chandigarh,Chandigarh,Self Employed,Retail,661788.84,2021-02-01,Arjun Mishra
C03223,Diya,Mishra,Male,1979-09-11,Bengaluru,Karnataka,Retired,Retail,762173.71,2019-09-04,Diya Mishra
C03224,Amit,Gupta,Female,1994-12-01,Surat,Gujarat,Business Owner,Retail,375328.41,2020-01-08,Amit Gupta
C03225,Ayaan,Joshi,Male,1998-11-23,Lucknow,Uttar Pradesh,Business Owner,Retail,406444.83,2024-12-17,Ayaan Joshi
C03226,Sneha,Mishra,Male,1993-12-15,Chandigarh,Chandigarh,Self Employed,SME,350867.72,2019-11-17,Sneha Mishra
C03227,Aditya,Kulkarni,Female,1960-09-17,Noida,Uttar Pradesh,Salaried,Retail,735239.57,2019-11-25,Aditya Kulkarni
C03228,Sara,Desai,Female,1967-04-01,Hyderabad,Telangana,Business Owner,Retail,454760.28,2021-10-27,Sara Desai
C03229,Vivaan,Nair,Female,1981-01-19,Kochi,Kerala,Self Employed,Retail,623367.99,2020-10-13,Vivaan Nair
C03230,Kiara,Iyer,Male,1986-10-10,Ahmedabad,Gujarat,Retired,Premium,519550.51,2019-05-27,Kiara Iyer
C03231,Anaya,Verma,Female,2004-03-02,Chennai,Tamil Nadu,Student,Retail,548515.39,2019-08-22,Anaya Verma
C03232,Reyansh,Kapoor,Female,1991-07-09,Mysuru,Karnataka,Salaried,Premium,2218001.53,2022-10-10,Reyansh Kapoor
C03233,Nisha,Bansal,Female,1988-05-02,Ahmedabad,Gujarat,Retired,Retail,1030215.12,2021-07-12,Nisha Bansal
C03234,Sneha,Bansal,Female,1977-10-03,Jaipur,Rajasthan,Freelancer,Wealth,695722.29,2019-09-12,Sneha Bansal
C03235,Anika,Mishra,Female,1978-02-17,Surat,Gujarat,Self Employed,Retail,244892.13,2023-02-05,Anika Mishra
C03236,Rohan,Mishra,Male,1963-02-06,Indore,Madhya Pradesh,Business Owner,Retail,404947.02,2020-10-08,Rohan Mishra
C03237,Pari,Joshi,Female,1994-01-09,Jaipur,Rajasthan,Business Owner,Retail,303186.4,2018-10-07,Pari Joshi
C03238,Neha,Kapoor,Male,1988-06-13,Bhopal,Madhya Pradesh,Salaried,Corporate,570450.34,2020-06-22,Neha Kapoor
C03239,Nisha,Jain,Male,1990-04-11,Gurugram,Haryana,Salaried,Corporate,551983.83,2019-09-25,Nisha Jain
C03240,Pari,Desai,Male,1960-01-18,Lucknow,Uttar Pradesh,Business Owner,Corporate,898004.54,2020-08-16,Pari Desai
C03241,Aarav,Iyer,Female,1979-03-11,Delhi,Delhi,Retired,Corporate,1114595.15,2020-05-21,Aarav Iyer
C03242,Karan,Reddy,Male,2001-10-02,Surat,Gujarat,Self Employed,Premium,562159.75,2025-02-21,Karan Reddy
C03243,Karan,Malhotra,Female,1981-11-07,Ahmedabad,Gujarat,Retired,Retail,454049.92,2025-08-15,Karan Malhotra
C03244,Aarav,Jain,Female,1988-12-26,Chandigarh,Chandigarh,Student,Retail,726060.22,2019-02-11,Aarav Jain
C03245,Priya,Jain,Female,1975-04-28,Hyderabad,Telangana,Business Owner,Retail,561885.73,2020-03-17,Priya Jain
C03246,Aadhya,Mehta,Female,1995-08-03,Ahmedabad,Gujarat,Student,Premium,1858994.28,2020-02-03,Aadhya Mehta
C03247,Vihaan,Agarwal,Male,1982-08-23,Bengaluru,Karnataka,Business Owner,Retail,773573.1,2024-01-18,Vihaan Agarwal
C03248,Kabir,Patel,Female,1979-02-09,Indore,Madhya Pradesh,Salaried,Retail,463872.55,2026-02-20,Kabir Patel
C03249,Pari,Kumar,Male,1992-09-16,Chandigarh,Chandigarh,Freelancer,Retail,304857.94,2019-10-22,Pari Kumar
C03250,Nisha,Kumar,Male,1973-12-08,Delhi,Delhi,Business Owner,Premium,1192916.99,2024-04-25,Nisha Kumar
C03251,Kiara,Kulkarni,Female,1960-08-23,Mumbai,Maharashtra,Salaried,SME,252000.0,2022-01-28,Kiara Kulkarni
C03252,Rahul,Mehta,Male,1967-12-15,Hyderabad,Telangana,Salaried,Premium,541941.64,2022-07-05,Rahul Mehta
C03253,Sara,Bansal,Female,1983-08-21,Chennai,Tamil Nadu,Student,Retail,380368.12,2020-10-27,Sara Bansal
C03254,Anaya,Iyer,Male,1985-01-18,Indore,Madhya Pradesh,Salaried,Retail,242177.47,2023-07-05,Anaya Iyer
C03255,Pari,Malhotra,Female,1963-05-19,Kolkata,West Bengal,Self Employed,Premium,827929.51,2023-04-02,Pari Malhotra
C03256,Vivaan,Bansal,Male,1979-12-09,Kolkata,West Bengal,Retired,Retail,594482.21,2024-01-06,Vivaan Bansal
C03257,Vivaan,Chopra,Female,2003-04-21,Jaipur,Rajasthan,Self Employed,Retail,641388.2,2021-06-04,Vivaan Chopra
C03258,Aditya,Malhotra,Male,1987-04-19,Surat,Gujarat,Retired,Retail,347028.4,2020-09-06,Aditya Malhotra
C03259,Rohan,Sharma,Female,1961-02-04,Lucknow,Uttar Pradesh,Business Owner,SME,1103534.42,2020-10-27,Rohan Sharma
C03260,Ishaan,Desai,Male,1994-06-11,Bhopal,Madhya Pradesh,Retired,Retail,363587.55,2022-05-28,Ishaan Desai
C03261,Diya,Kulkarni,Male,1981-02-09,Mysuru,Karnataka,Business Owner,Retail,2216403.04,2018-10-26,Diya Kulkarni
C03262,Rohan,Mehta,Female,1996-09-07,Jaipur,Rajasthan,Business Owner,Premium,457972.11,2022-06-16,Rohan Mehta
C03263,Neha,Malhotra,Female,1999-07-08,Surat,Gujarat,Freelancer,Premium,1275360.77,2020-10-22,Neha Malhotra
C03264,Nisha,Verma,Male,1989-11-18,Bengaluru,Karnataka,Retired,SME,370418.54,2024-11-22,Nisha Verma
C03265,Neha,Kumar,Male,1967-12-14,Nagpur,Maharashtra,Student,Retail,313391.83,2025-09-02,Neha Kumar
C03266,Pari,Kulkarni,Male,1978-03-14,Kochi,Kerala,Student,Retail,381715.65,2023-05-26,Pari Kulkarni
C03267,Vivaan,Mishra,Female,1998-01-03,Nagpur,Maharashtra,Freelancer,SME,1313045.57,2025-08-01,Vivaan Mishra
C03268,Arjun,Gupta,Female,1960-04-18,Delhi,Delhi,Freelancer,Wealth,1264954.98,2018-11-05,Arjun Gupta
C03269,Rahul,Nair,Female,1962-11-09,Nagpur,Maharashtra,Student,SME,881662.18,2025-09-21,Rahul Nair
C03270,Sneha,Mehta,Male,1969-01-04,Gurugram,Haryana,Freelancer,Retail,404190.89,2021-12-16,Sneha Mehta
C03271,Ayaan,Malhotra,Male,1993-03-10,Pune,Maharashtra,Business Owner,Retail,296896.42,2018-03-01,Ayaan Malhotra
C03272,Ira,Nair,Male,1963-11-16,Lucknow,Uttar Pradesh,Freelancer,Retail,1246810.15,2021-01-25,Ira Nair
C03273,Aarav,Mishra,Male,1963-03-10,Gurugram,Haryana,Freelancer,Retail,245073.82,2020-10-07,Aarav Mishra
C03274,Sneha,Kulkarni,Male,1992-01-28,Gurugram,Haryana,Self Employed,Premium,2069357.44,2020-12-21,Sneha Kulkarni
C03275,Anika,Kumar,Male,1960-05-26,Hyderabad,Telangana,Freelancer,Retail,427903.52,2021-09-07,Anika Kumar
C03276,Anaya,Reddy,Female,1968-08-16,Lucknow,Uttar Pradesh,Student,Premium,498943.84,2018-09-23,Anaya Reddy
C03277,Anika,Gupta,Female,1968-08-12,Jaipur,Rajasthan,Student,Retail,302090.4,2019-02-03,Anika Gupta
C03278,Reyansh,Kapoor,Male,1984-07-14,Gurugram,Haryana,Retired,Retail,722429.71,2020-12-26,Reyansh Kapoor
C03279,Karan,Gupta,Male,1989-12-02,Gurugram,Haryana,Business Owner,SME,1205429.37,2020-06-30,Karan Gupta
C03280,Riya,Iyer,Male,1996-01-14,Lucknow,Uttar Pradesh,Business Owner,Retail,681664.57,2023-01-03,Riya Iyer
C03281,Riya,Mishra,Male,1972-04-23,Indore,Madhya Pradesh,Self Employed,SME,890875.64,2023-01-17,Riya Mishra
C03282,Pari,Desai,Female,2004-10-04,Mysuru,Karnataka,Student,Retail,385555.74,2025-06-28,Pari Desai
C03283,Rahul,Chopra,Female,1978-03-03,Bengaluru,Karnataka,Retired,Corporate,679738.2,2018-12-30,Rahul Chopra
C03284,Reyansh,Chopra,Female,1960-12-09,Pune,Maharashtra,Business Owner,SME,418880.6,2020-10-25,Reyansh Chopra
C03285,Krishna,Singh,Male,1970-12-25,Noida,Uttar Pradesh,Freelancer,Premium,1563374.0,2025-12-08,Krishna Singh
C03286,Ayaan,Iyer,Male,2000-01-15,Mumbai,Maharashtra,Student,Premium,654729.32,2023-09-15,Ayaan Iyer
C03287,Vivaan,Mishra,Male,2000-09-15,Pune,Maharashtra,Self Employed,SME,445801.97,2024-01-23,Vivaan Mishra
C03288,Arjun,Iyer,Female,1973-01-01,Kolkata,West Bengal,Freelancer,Retail,362728.67,2023-05-04,Arjun Iyer
C03289,Anika,Nair,Female,1981-05-13,Jaipur,Rajasthan,Freelancer,Retail,378000.41,2018-04-24,Anika Nair
C03290,Ishaan,Chopra,Female,1978-05-26,Lucknow,Uttar Pradesh,Freelancer,Retail,318818.95,2025-07-07,Ishaan Chopra
C03291,Pooja,Joshi,Female,1993-05-27,Surat,Gujarat,Salaried,Corporate,522414.66,2023-03-22,Pooja Joshi
C03292,Ira,Desai,Male,1991-04-11,Coimbatore,Tamil Nadu,Freelancer,Wealth,4998287.07,2023-08-09,Ira Desai
C03293,Pari,Bansal,Female,1996-11-13,Ahmedabad,Gujarat,Student,Retail,706477.62,2018-02-21,Pari Bansal
C03294,Pari,Chopra,Female,2000-04-23,Pune,Maharashtra,Retired,Retail,580650.6,2020-11-15,Pari Chopra
C03295,Diya,Jain,Female,1965-01-19,Delhi,Delhi,Freelancer,Retail,262126.49,2020-03-21,Diya Jain
C03296,Ishaan,Singh,Female,2001-03-08,Jaipur,Rajasthan,Business Owner,Retail,395284.2,2020-05-26,Ishaan Singh
C03297,Sara,Singh,Male,1971-10-28,Pune,Maharashtra,Retired,Retail,467255.6,2024-04-10,Sara Singh
C03298,Ishaan,Joshi,Male,1967-01-20,Delhi,Delhi,Self Employed,Corporate,568641.77,2024-10-23,Ishaan Joshi
C03299,Anika,Reddy,Male,1962-02-23,Kolkata,West Bengal,Student,Wealth,2480726.46,2022-11-07,Anika Reddy
C03300,Reyansh,Nair,Female,1981-04-20,Nagpur,Maharashtra,Student,Retail,485811.75,2023-02-19,Reyansh Nair
C03301,Aadhya,Chopra,Female,1961-01-15,Chandigarh,Chandigarh,Freelancer,Retail,328632.83,2024-04-20,Aadhya Chopra
C03302,Sai,Desai,Male,1987-11-27,Lucknow,Uttar Pradesh,Retired,Retail,278729.95,2021-09-01,Sai Desai
C03303,Sneha,Kumar,Female,1997-03-11,Coimbatore,Tamil Nadu,Student,Corporate,829297.48,2024-05-05,Sneha Kumar
C03304,Kabir,Nair,Female,1973-03-11,Delhi,Delhi,Retired,Retail,789862.77,2026-01-18,Kabir Nair
C03305,Amit,Mehta,Female,1970-08-02,Chandigarh,Chandigarh,Freelancer,Premium,612133.0,2020-10-26,Amit Mehta
C03306,Aditya,Malhotra,Male,1986-07-04,Surat,Gujarat,Student,Retail,638070.64,2023-10-04,Aditya Malhotra
C03307,Neha,Agarwal,Female,1970-09-27,Ahmedabad,Gujarat,Retired,Retail,1153448.95,2019-11-25,Neha Agarwal
C03308,Sneha,Mishra,Female,1976-10-09,Hyderabad,Telangana,Salaried,SME,1310042.13,2023-11-01,Sneha Mishra
C03309,Anika,Mehta,Male,1999-12-11,Surat,Gujarat,Salaried,Retail,180000.0,2024-02-09,Anika Mehta
C03310,Kiara,Kapoor,Male,1994-01-04,Lucknow,Uttar Pradesh,Self Employed,Retail,603707.33,2025-03-28,Kiara Kapoor
C03311,Amit,Kumar,Male,1991-08-20,Noida,Uttar Pradesh,Salaried,Wealth,1392873.03,2018-11-11,Amit Kumar
C03312,Diya,Singh,Male,1973-02-17,Ahmedabad,Gujarat,Salaried,Corporate,446714.49,2020-03-09,Diya Singh
C03313,Aarav,Kapoor,Male,1985-11-25,Lucknow,Uttar Pradesh,Salaried,Premium,1010426.54,2019-11-19,Aarav Kapoor
C03314,Sai,Verma,Male,1962-03-08,Indore,Madhya Pradesh,Self Employed,Retail,517084.03,2024-12-24,Sai Verma
C03315,Nisha,Kapoor,Male,1998-01-28,Kolkata,West Bengal,Salaried,SME,607423.91,2025-11-03,Nisha Kapoor
C03316,Anaya,Joshi,Male,2004-02-21,Mumbai,Maharashtra,Business Owner,Premium,1575847.66,2021-06-19,Anaya Joshi
C03317,Vihaan,Desai,Male,1975-05-07,Bhopal,Madhya Pradesh,Business Owner,Corporate,1016944.06,2021-03-12,Vihaan Desai
C03318,Nisha,Malhotra,Female,1979-07-20,Indore,Madhya Pradesh,Salaried,Retail,405190.19,2019-07-01,Nisha Malhotra
C03319,Pooja,Agarwal,Male,1969-09-06,Indore,Madhya Pradesh,Retired,SME,869166.91,2026-02-26,Pooja Agarwal
C03320,Rohan,Sharma,Male,1978-11-23,Noida,Uttar Pradesh,Business Owner,Premium,480108.94,2024-09-24,Rohan Sharma
C03321,Amit,Desai,Male,1971-05-23,Noida,Uttar Pradesh,Freelancer,Retail,199981.05,2023-01-21,Amit Desai
C03322,Myra,Kapoor,Female,1970-06-05,Ahmedabad,Gujarat,Freelancer,Premium,594163.01,2021-04-03,Myra Kapoor
C03323,Vihaan,Patel,Female,1993-12-07,Gurugram,Haryana,Student,Retail,316498.22,2023-09-02,Vihaan Patel
C03324,Arjun,Mishra,Male,1967-07-15,Mysuru,Karnataka,Self Employed,Corporate,1434553.89,2021-08-03,Arjun Mishra
C03325,Myra,Mehta,Male,1981-04-17,Mysuru,Karnataka,Self Employed,Retail,335551.34,2019-12-02,Myra Mehta
C03326,Aarav,Nair,Male,1999-10-10,Pune,Maharashtra,Business Owner,Retail,289115.89,2020-03-19,Aarav Nair
C03327,Myra,Iyer,Female,1998-09-09,Bengaluru,Karnataka,Salaried,Corporate,518015.74,2023-12-02,Myra Iyer
C03328,Vivaan,Mehta,Female,1992-06-06,Hyderabad,Telangana,Retired,Retail,376614.75,2020-10-23,Vivaan Mehta
C03329,Ishaan,Verma,Female,1988-10-16,Surat,Gujarat,Retired,Retail,414364.84,2020-08-09,Ishaan Verma
C03330,Myra,Mishra,Female,1980-12-01,Coimbatore,Tamil Nadu,Self Employed,Retail,874050.36,2026-02-17,Myra Mishra
C03331,Ayaan,Singh,Male,1995-03-19,Delhi,Delhi,Business Owner,Retail,911152.76,2019-03-19,Ayaan Singh
C03332,Aditya,Mishra,Male,1970-02-27,Bengaluru,Karnataka,Business Owner,Retail,898584.27,2018-05-01,Aditya Mishra
C03333,Neha,Reddy,Female,1979-01-13,Gurugram,Haryana,Salaried,Retail,204634.8,2026-01-24,Neha Reddy
C03334,Priya,Kulkarni,Female,1989-01-22,Bengaluru,Karnataka,Retired,Retail,832571.26,2024-03-27,Priya Kulkarni
C03335,Pooja,Mishra,Male,1972-11-22,Ahmedabad,Gujarat,Business Owner,Retail,346186.6,2025-02-12,Pooja Mishra
C03336,Vihaan,Kapoor,Male,1994-11-03,Chennai,Tamil Nadu,Salaried,SME,696171.71,2019-02-13,Vihaan Kapoor
C03337,Kiara,Patel,Female,1981-12-14,Hyderabad,Telangana,Self Employed,Retail,624112.42,2021-01-02,Kiara Patel
C03338,Anaya,Patel,Female,1985-12-01,Nagpur,Maharashtra,Student,Retail,228195.19,2018-06-14,Anaya Patel
C03339,Ira,Kumar,Female,1969-11-07,Delhi,Delhi,Student,Premium,1481929.85,2025-05-15,Ira Kumar
C03340,Pari,Kumar,Female,1980-04-24,Delhi,Delhi,Retired,Retail,524971.57,2024-04-29,Pari Kumar
C03341,Sai,Mishra,Male,1990-04-12,Kochi,Kerala,Self Employed,Premium,757233.58,2025-01-18,Sai Mishra
C03342,Rohan,Bansal,Male,2004-08-22,Coimbatore,Tamil Nadu,Freelancer,Premium,488571.19,2024-10-19,Rohan Bansal
C03343,Ayaan,Kapoor,Male,1979-07-10,Bhopal,Madhya Pradesh,Business Owner,Retail,223553.42,2026-02-08,Ayaan Kapoor
C03344,Anika,Bansal,Female,2003-06-05,Ahmedabad,Gujarat,Student,Premium,989383.97,2019-11-12,Anika Bansal
C03345,Amit,Verma,Male,1990-04-11,Delhi,Delhi,Business Owner,Wealth,1207045.05,2025-10-01,Amit Verma
C03346,Anaya,Kumar,Female,1965-06-13,Delhi,Delhi,Self Employed,Premium,379151.66,2022-07-02,Anaya Kumar
C03347,Vivaan,Nair,Female,1993-09-14,Gurugram,Haryana,Business Owner,Retail,290711.64,2022-01-30,Vivaan Nair
C03348,Nisha,Kapoor,Female,1967-12-21,Kolkata,West Bengal,Business Owner,SME,352405.38,2024-05-14,Nisha Kapoor
C03349,Anika,Nair,Male,1990-11-10,Coimbatore,Tamil Nadu,Freelancer,Retail,986491.3,2021-05-14,Anika Nair
C03350,Vihaan,Bansal,Female,1975-09-04,Ahmedabad,Gujarat,Student,SME,252000.0,2025-03-13,Vihaan Bansal
C03351,Ira,Kulkarni,Male,1971-05-22,Chandigarh,Chandigarh,Business Owner,Retail,208483.79,2022-12-12,Ira Kulkarni
C03352,Diya,Kapoor,Male,1980-04-21,Noida,Uttar Pradesh,Business Owner,SME,1597265.91,2020-09-09,Diya Kapoor
C03353,Ayaan,Reddy,Female,1963-08-11,Mumbai,Maharashtra,Retired,SME,1248811.75,2019-12-28,Ayaan Reddy
C03354,Pooja,Joshi,Male,1963-06-15,Lucknow,Uttar Pradesh,Salaried,SME,666674.3,2026-02-14,Pooja Joshi
C03355,Rohan,Chopra,Male,1965-03-09,Bhopal,Madhya Pradesh,Business Owner,Retail,724125.17,2020-04-22,Rohan Chopra
C03356,Pooja,Kapoor,Female,2000-02-09,Pune,Maharashtra,Salaried,Premium,360395.35,2026-02-19,Pooja Kapoor
C03357,Arjun,Patel,Female,1984-10-21,Mumbai,Maharashtra,Retired,Retail,1034189.53,2025-11-07,Arjun Patel
C03358,Aditya,Desai,Male,1984-06-01,Pune,Maharashtra,Salaried,Retail,693453.23,2019-03-17,Aditya Desai
C03359,Aarav,Reddy,Male,1980-01-05,Gurugram,Haryana,Self Employed,Premium,483667.47,2023-05-23,Aarav Reddy
C03360,Anika,Chopra,Male,1995-10-18,Gurugram,Haryana,Business Owner,Retail,284487.54,2025-11-15,Anika Chopra
C03361,Amit,Chopra,Female,1995-05-05,Chandigarh,Chandigarh,Retired,Retail,1052560.58,2020-12-06,Amit Chopra
C03362,Kabir,Jain,Male,1962-01-21,Gurugram,Haryana,Student,Retail,251581.7,2019-11-26,Kabir Jain
C03363,Ira,Iyer,Female,1994-07-03,Lucknow,Uttar Pradesh,Student,Premium,640299.01,2021-08-18,Ira Iyer
C03364,Ayaan,Sharma,Female,2004-07-07,Indore,Madhya Pradesh,Business Owner,SME,700973.66,2023-08-06,Ayaan Sharma
C03365,Reyansh,Chopra,Female,1996-08-22,Indore,Madhya Pradesh,Student,SME,1494419.07,2018-03-06,Reyansh Chopra
C03366,Krishna,Malhotra,Male,1979-12-21,Indore,Madhya Pradesh,Business Owner,Retail,377686.71,2018-01-19,Krishna Malhotra
C03367,Pooja,Sharma,Male,1974-10-02,Hyderabad,Telangana,Retired,Wealth,606373.26,2021-12-27,Pooja Sharma
C03368,Priya,Mishra,Female,2000-07-20,Kochi,Kerala,Self Employed,Premium,539476.4,2022-01-03,Priya Mishra
C03369,Sneha,Kumar,Male,2003-08-13,Chennai,Tamil Nadu,Salaried,Retail,406633.59,2018-12-29,Sneha Kumar
C03370,Kabir,Nair,Male,1978-03-13,Bhopal,Madhya Pradesh,Retired,Retail,269072.07,2018-04-06,Kabir Nair
C03371,Riya,Mehta,Female,1977-06-19,Delhi,Delhi,Student,Retail,485555.92,2022-03-10,Riya Mehta
C03372,Amit,Kapoor,Female,1981-03-26,Lucknow,Uttar Pradesh,Salaried,Retail,180000.0,2023-01-06,Amit Kapoor
C03373,Nisha,Reddy,Female,2003-06-25,Surat,Gujarat,Freelancer,Corporate,925722.64,2019-09-26,Nisha Reddy
C03374,Sneha,Kapoor,Male,1964-03-06,Coimbatore,Tamil Nadu,Salaried,SME,1057883.69,2025-05-26,Sneha Kapoor
C03375,Karan,Kumar,Female,1980-03-28,Indore,Madhya Pradesh,Retired,Retail,410518.37,2025-09-09,Karan Kumar
C03376,Priya,Kapoor,Male,1980-03-07,Surat,Gujarat,Self Employed,Corporate,854747.37,2018-09-04,Priya Kapoor
C03377,Krishna,Patel,Female,2002-09-11,Lucknow,Uttar Pradesh,Retired,Retail,415608.22,2026-01-05,Krishna Patel
C03378,Anaya,Mehta,Female,1968-05-05,Bengaluru,Karnataka,Salaried,Retail,677881.08,2025-12-06,Anaya Mehta
C03379,Riya,Nair,Female,2003-10-28,Noida,Uttar Pradesh,Salaried,Retail,591794.88,2021-07-03,Riya Nair
C03380,Aarav,Chopra,Male,1987-12-06,Delhi,Delhi,Self Employed,Retail,232470.46,2020-12-15,Aarav Chopra
C03381,Arjun,Agarwal,Male,1964-02-17,Surat,Gujarat,Freelancer,Premium,820392.7,2022-04-16,Arjun Agarwal
C03382,Neha,Mishra,Male,1998-04-22,Kolkata,West Bengal,Student,Retail,446877.81,2018-12-15,Neha Mishra
C03383,Vivaan,Agarwal,Female,1963-04-07,Ahmedabad,Gujarat,Business Owner,Wealth,2662075.29,2021-02-26,Vivaan Agarwal
C03384,Vivaan,Kumar,Male,1993-11-10,Bengaluru,Karnataka,Freelancer,Retail,1286376.36,2024-10-13,Vivaan Kumar
C03385,Rohan,Patel,Male,1965-04-16,Noida,Uttar Pradesh,Retired,SME,713450.36,2020-09-11,Rohan Patel
C03386,Myra,Kulkarni,Male,1991-12-24,Surat,Gujarat,Student,SME,617947.96,2021-11-02,Myra Kulkarni
C03387,Reyansh,Reddy,Male,1984-05-12,Jaipur,Rajasthan,Retired,Retail,180000.0,2021-09-17,Reyansh Reddy
C03388,Pari,Iyer,Female,1972-06-25,Hyderabad,Telangana,Self Employed,Corporate,396000.0,2020-08-20,Pari Iyer
C03389,Kabir,Patel,Male,1994-10-24,Pune,Maharashtra,Business Owner,Corporate,660939.47,2025-08-12,Kabir Patel
C03390,Aarav,Bansal,Male,1979-11-17,Bengaluru,Karnataka,Student,Retail,214892.66,2018-02-28,Aarav Bansal
C03391,Rahul,Nair,Female,1988-05-23,Ahmedabad,Gujarat,Retired,Retail,510080.38,2023-05-10,Rahul Nair
C03392,Krishna,Singh,Female,1970-02-14,Surat,Gujarat,Freelancer,Wealth,1434993.75,2024-06-29,Krishna Singh
C03393,Rahul,Jain,Male,1975-01-06,Jaipur,Rajasthan,Business Owner,Premium,324000.0,2019-11-19,Rahul Jain
C03394,Reyansh,Kulkarni,Female,1970-04-24,Pune,Maharashtra,Salaried,Corporate,2338543.44,2019-10-21,Reyansh Kulkarni
C03395,Nisha,Kapoor,Female,1994-03-18,Kolkata,West Bengal,Retired,Retail,1099770.8,2022-01-07,Nisha Kapoor
C03396,Neha,Kapoor,Female,1984-11-24,Bengaluru,Karnataka,Business Owner,Retail,603100.89,2022-06-01,Neha Kapoor
C03397,Anaya,Reddy,Female,1979-07-09,Chennai,Tamil Nadu,Salaried,Corporate,754923.2,2018-10-11,Anaya Reddy
C03398,Vihaan,Nair,Female,1997-08-25,Bhopal,Madhya Pradesh,Student,Retail,937709.58,2018-06-28,Vihaan Nair
C03399,Nisha,Verma,Female,2003-04-14,Chandigarh,Chandigarh,Self Employed,Retail,591770.57,2021-01-10,Nisha Verma
C03400,Aarav,Jain,Male,1962-11-08,Surat,Gujarat,Freelancer,Retail,180000.0,2018-12-26,Aarav Jain
C03401,Kabir,Kumar,Male,1977-06-16,Ahmedabad,Gujarat,Self Employed,Retail,277949.02,2024-04-19,Kabir Kumar
C03402,Vivaan,Bansal,Female,1991-11-17,Ahmedabad,Gujarat,Retired,Retail,242954.75,2023-09-13,Vivaan Bansal
C03403,Kiara,Bansal,Male,1982-06-24,Bengaluru,Karnataka,Student,Retail,588921.6,2022-08-26,Kiara Bansal
C03404,Aadhya,Reddy,Female,1997-05-02,Kochi,Kerala,Freelancer,Premium,592699.19,2018-02-27,Aadhya Reddy
C03405,Aditya,Mehta,Male,1996-06-11,Coimbatore,Tamil Nadu,Retired,Retail,242878.86,2021-09-30,Aditya Mehta
C03406,Arjun,Desai,Female,1972-03-05,Surat,Gujarat,Retired,Retail,388063.63,2022-07-14,Arjun Desai
C03407,Pari,Kulkarni,Female,1997-03-03,Bengaluru,Karnataka,Retired,SME,782406.2,2025-11-06,Pari Kulkarni
C03408,Ira,Mishra,Female,1997-08-18,Ahmedabad,Gujarat,Freelancer,Retail,412519.66,2020-03-22,Ira Mishra
C03409,Krishna,Joshi,Female,1996-07-08,Bengaluru,Karnataka,Retired,Retail,188178.47,2020-01-21,Krishna Joshi
C03410,Vihaan,Singh,Female,1982-10-24,Gurugram,Haryana,Business Owner,Retail,325192.1,2022-07-19,Vihaan Singh
C03411,Rohan,Sharma,Female,1960-02-16,Nagpur,Maharashtra,Freelancer,Retail,695199.86,2021-11-17,Rohan Sharma
C03412,Reyansh,Desai,Female,1984-01-14,Lucknow,Uttar Pradesh,Student,Corporate,587873.09,2022-03-11,Reyansh Desai
C03413,Aditya,Sharma,Female,1999-12-10,Ahmedabad,Gujarat,Salaried,Retail,512745.19,2025-12-17,Aditya Sharma
C03414,Neha,Kulkarni,Female,1973-12-06,Pune,Maharashtra,Freelancer,Retail,302751.98,2022-04-10,Neha Kulkarni
C03415,Neha,Singh,Male,1980-03-22,Noida,Uttar Pradesh,Self Employed,Premium,326275.52,2024-01-22,Neha Singh
C03416,Ira,Bansal,Male,2003-07-28,Mumbai,Maharashtra,Freelancer,SME,981408.3,2018-10-02,Ira Bansal
C03417,Vihaan,Kumar,Male,1981-04-21,Kochi,Kerala,Student,Wealth,4493731.98,2023-06-08,Vihaan Kumar
C03418,Kabir,Mishra,Female,1961-04-21,Chandigarh,Chandigarh,Student,Retail,384336.26,2019-12-19,Kabir Mishra
C03419,Ira,Reddy,Female,1964-11-08,Bhopal,Madhya Pradesh,Salaried,Retail,832864.61,2020-02-28,Ira Reddy
C03420,Krishna,Sharma,Male,2003-08-20,Noida,Uttar Pradesh,Student,Retail,180000.0,2022-01-19,Krishna Sharma
C03421,Arjun,Reddy,Female,1982-11-23,Noida,Uttar Pradesh,Self Employed,Retail,866844.16,2025-09-24,Arjun Reddy
C03422,Vivaan,Mehta,Male,2004-06-14,Jaipur,Rajasthan,Business Owner,Retail,180000.0,2022-07-08,Vivaan Mehta
C03423,Ishaan,Mishra,Female,1989-09-02,Bhopal,Madhya Pradesh,Retired,Retail,649615.73,2024-10-08,Ishaan Mishra
C03424,Ira,Agarwal,Male,1992-06-06,Bengaluru,Karnataka,Salaried,Corporate,1176485.4,2025-12-30,Ira Agarwal
C03425,Pari,Patel,Male,1980-02-09,Bengaluru,Karnataka,Student,Premium,725051.92,2026-02-21,Pari Patel
C03426,Sai,Singh,Female,1986-06-15,Bengaluru,Karnataka,Salaried,Retail,329491.13,2024-05-13,Sai Singh
C03427,Priya,Singh,Female,2002-05-23,Coimbatore,Tamil Nadu,Retired,SME,727448.08,2020-12-15,Priya Singh
C03428,Anaya,Kulkarni,Female,1978-04-22,Nagpur,Maharashtra,Student,SME,1941511.24,2022-06-07,Anaya Kulkarni
C03429,Amit,Verma,Male,1975-09-18,Bengaluru,Karnataka,Freelancer,SME,495052.52,2022-02-14,Amit Verma
C03430,Reyansh,Kapoor,Female,1982-12-13,Chandigarh,Chandigarh,Retired,Corporate,990109.45,2020-02-11,Reyansh Kapoor
C03431,Aarav,Bansal,Female,1960-02-19,Ahmedabad,Gujarat,Salaried,Corporate,396000.0,2024-04-20,Aarav Bansal
C03432,Karan,Kulkarni,Male,2002-04-14,Coimbatore,Tamil Nadu,Salaried,Retail,471181.0,2025-07-02,Karan Kulkarni
C03433,Aditya,Kumar,Male,1961-04-21,Delhi,Delhi,Retired,Premium,885260.97,2024-12-05,Aditya Kumar
C03434,Reyansh,Kulkarni,Male,1985-08-14,Surat,Gujarat,Business Owner,Wealth,540000.0,2020-10-21,Reyansh Kulkarni
C03435,Diya,Chopra,Female,1974-07-12,Bhopal,Madhya Pradesh,Student,Retail,566122.03,2021-03-21,Diya Chopra
C03436,Myra,Joshi,Male,1997-07-16,Noida,Uttar Pradesh,Salaried,Retail,333511.22,2022-05-27,Myra Joshi
C03437,Anika,Jain,Male,1998-01-19,Hyderabad,Telangana,Freelancer,SME,530080.47,2025-05-31,Anika Jain
C03438,Sai,Bansal,Female,1982-09-17,Pune,Maharashtra,Self Employed,Retail,191781.41,2021-07-19,Sai Bansal
C03439,Ishaan,Sharma,Male,1991-09-02,Hyderabad,Telangana,Business Owner,Premium,901301.02,2022-05-01,Ishaan Sharma
C03440,Vivaan,Verma,Female,1980-10-26,Mysuru,Karnataka,Self Employed,Retail,180000.0,2023-10-28,Vivaan Verma
C03441,Ishaan,Jain,Female,1980-05-13,Bhopal,Madhya Pradesh,Self Employed,Retail,607571.02,2022-07-05,Ishaan Jain
C03442,Reyansh,Gupta,Female,1974-10-21,Nagpur,Maharashtra,Retired,Wealth,1424927.01,2022-03-29,Reyansh Gupta
C03443,Sneha,Kumar,Female,1964-09-08,Indore,Madhya Pradesh,Freelancer,Retail,466264.44,2018-10-05,Sneha Kumar
C03444,Priya,Sharma,Female,1965-10-21,Mysuru,Karnataka,Self Employed,Retail,810096.61,2025-06-03,Priya Sharma
C03445,Pooja,Kapoor,Male,1978-02-27,Nagpur,Maharashtra,Freelancer,Retail,519855.9,2025-08-30,Pooja Kapoor
C03446,Myra,Chopra,Female,1968-04-18,Lucknow,Uttar Pradesh,Salaried,Retail,406376.64,2025-02-04,Myra Chopra
C03447,Rahul,Nair,Male,1970-12-17,Ahmedabad,Gujarat,Freelancer,Premium,479537.3,2020-05-20,Rahul Nair
C03448,Neha,Joshi,Male,1999-08-18,Nagpur,Maharashtra,Retired,Retail,420137.58,2019-02-14,Neha Joshi
C03449,Kabir,Mishra,Female,1972-07-08,Bhopal,Madhya Pradesh,Freelancer,Retail,909471.31,2018-02-04,Kabir Mishra
C03450,Diya,Nair,Male,1984-07-08,Gurugram,Haryana,Retired,Retail,868412.61,2021-08-27,Diya Nair
C03451,Kiara,Verma,Female,1974-04-27,Mysuru,Karnataka,Student,SME,292074.83,2023-01-14,Kiara Verma
C03452,Riya,Singh,Male,1988-08-03,Ahmedabad,Gujarat,Self Employed,Premium,1554313.3,2018-08-30,Riya Singh
C03453,Riya,Kumar,Male,1993-08-11,Delhi,Delhi,Freelancer,SME,441717.28,2018-02-22,Riya Kumar
C03454,Priya,Kumar,Female,1986-01-13,Noida,Uttar Pradesh,Retired,Retail,456657.17,2023-04-18,Priya Kumar
C03455,Aadhya,Nair,Female,1984-06-11,Gurugram,Haryana,Student,Corporate,934820.48,2020-11-25,Aadhya Nair
C03456,Sai,Desai,Female,1966-12-24,Kolkata,West Bengal,Freelancer,Retail,297309.28,2021-05-15,Sai Desai
C03457,Kiara,Mishra,Male,2003-09-18,Chennai,Tamil Nadu,Freelancer,Retail,653716.33,2019-04-06,Kiara Mishra
C03458,Kiara,Jain,Male,1983-02-25,Bhopal,Madhya Pradesh,Self Employed,SME,960850.28,2024-02-04,Kiara Jain
C03459,Vivaan,Desai,Male,1964-06-15,Kolkata,West Bengal,Freelancer,Retail,687289.75,2022-08-22,Vivaan Desai
C03460,Kiara,Iyer,Male,1960-10-18,Kochi,Kerala,Self Employed,Retail,684690.42,2023-06-10,Kiara Iyer
C03461,Nisha,Desai,Female,1992-07-02,Coimbatore,Tamil Nadu,Self Employed,Retail,706168.37,2025-09-19,Nisha Desai
C03462,Anaya,Kulkarni,Male,1973-09-19,Lucknow,Uttar Pradesh,Business Owner,Retail,368150.13,2018-11-12,Anaya Kulkarni
C03463,Aarav,Joshi,Male,1981-12-16,Coimbatore,Tamil Nadu,Business Owner,SME,508037.95,2025-08-05,Aarav Joshi
C03464,Amit,Kumar,Female,1989-02-13,Delhi,Delhi,Retired,Retail,475830.34,2023-03-11,Amit Kumar
C03465,Rohan,Malhotra,Female,1990-07-24,Hyderabad,Telangana,Freelancer,SME,704141.52,2021-02-17,Rohan Malhotra
C03466,Pari,Joshi,Male,1995-08-25,Indore,Madhya Pradesh,Retired,SME,330865.6,2019-09-27,Pari Joshi
C03467,Neha,Mehta,Male,1996-05-03,Gurugram,Haryana,Retired,Corporate,1241653.29,2025-10-26,Neha Mehta
C03468,Vihaan,Agarwal,Female,1985-03-12,Mumbai,Maharashtra,Business Owner,Retail,780892.35,2021-10-31,Vihaan Agarwal
C03469,Ira,Mehta,Male,1977-02-27,Kolkata,West Bengal,Business Owner,Retail,222575.51,2018-01-15,Ira Mehta
C03470,Reyansh,Iyer,Female,1974-06-13,Pune,Maharashtra,Retired,Retail,446161.26,2018-02-07,Reyansh Iyer
C03471,Vihaan,Bansal,Female,1988-10-27,Chennai,Tamil Nadu,Freelancer,Corporate,1893595.59,2019-07-25,Vihaan Bansal
C03472,Sai,Malhotra,Female,1972-03-25,Bengaluru,Karnataka,Retired,Corporate,747071.25,2021-07-09,Sai Malhotra
C03473,Ira,Malhotra,Male,1978-11-07,Ahmedabad,Gujarat,Self Employed,Retail,314924.91,2018-03-25,Ira Malhotra
C03474,Kabir,Nair,Female,1970-06-18,Nagpur,Maharashtra,Student,Retail,485766.86,2025-06-14,Kabir Nair
C03475,Sara,Kumar,Female,1985-04-03,Noida,Uttar Pradesh,Self Employed,Retail,361008.01,2023-10-07,Sara Kumar
C03476,Rahul,Nair,Female,1975-04-23,Mumbai,Maharashtra,Business Owner,SME,513767.74,2024-05-27,Rahul Nair
C03477,Rohan,Verma,Male,2000-02-14,Bengaluru,Karnataka,Salaried,SME,2467443.89,2018-09-08,Rohan Verma
C03478,Diya,Iyer,Female,1984-07-08,Mysuru,Karnataka,Salaried,Corporate,2477078.58,2021-04-03,Diya Iyer
C03479,Pari,Desai,Male,1994-11-11,Mumbai,Maharashtra,Salaried,Retail,385734.83,2025-02-09,Pari Desai
C03480,Pooja,Verma,Male,1992-05-17,Mumbai,Maharashtra,Student,Retail,1232087.87,2018-01-26,Pooja Verma
C03481,Anaya,Joshi,Male,1986-10-01,Chennai,Tamil Nadu,Freelancer,Premium,691796.52,2022-04-05,Anaya Joshi
C03482,Anika,Malhotra,Female,1979-05-03,Delhi,Delhi,Business Owner,Wealth,1074603.03,2023-04-12,Anika Malhotra
C03483,Diya,Reddy,Female,1969-02-14,Lucknow,Uttar Pradesh,Salaried,Retail,809997.83,2023-03-03,Diya Reddy
C03484,Diya,Sharma,Male,1964-11-01,Bengaluru,Karnataka,Self Employed,Premium,1494919.75,2025-06-01,Diya Sharma
C03485,Krishna,Malhotra,Female,1982-11-24,Mumbai,Maharashtra,Self Employed,Retail,389924.47,2020-06-29,Krishna Malhotra
C03486,Diya,Reddy,Male,1967-08-25,Noida,Uttar Pradesh,Self Employed,Retail,370698.53,2024-04-24,Diya Reddy
C03487,Rahul,Kumar,Male,2004-03-10,Kochi,Kerala,Business Owner,Corporate,1063235.76,2025-05-01,Rahul Kumar
C03488,Priya,Kulkarni,Female,1963-09-19,Gurugram,Haryana,Retired,SME,754438.38,2018-01-15,Priya Kulkarni
C03489,Anaya,Verma,Female,1970-07-20,Mysuru,Karnataka,Freelancer,Retail,375521.42,2020-07-22,Anaya Verma
C03490,Vivaan,Mehta,Male,1977-12-20,Delhi,Delhi,Business Owner,Retail,743210.86,2018-07-07,Vivaan Mehta
C03491,Ishaan,Nair,Male,1991-05-20,Gurugram,Haryana,Freelancer,Retail,497207.76,2020-08-08,Ishaan Nair
C03492,Arjun,Malhotra,Female,2001-07-12,Indore,Madhya Pradesh,Freelancer,Retail,552509.77,2023-11-19,Arjun Malhotra
C03493,Ishaan,Malhotra,Female,1972-04-01,Mumbai,Maharashtra,Freelancer,Retail,928651.84,2020-10-03,Ishaan Malhotra
C03494,Vivaan,Reddy,Female,1997-11-02,Delhi,Delhi,Freelancer,Retail,687868.65,2019-03-10,Vivaan Reddy
C03495,Myra,Jain,Male,1997-01-27,Coimbatore,Tamil Nadu,Salaried,Retail,812090.87,2018-09-01,Myra Jain
C03496,Pari,Gupta,Male,1963-08-09,Chandigarh,Chandigarh,Student,Retail,404343.48,2019-05-27,Pari Gupta
C03497,Ira,Agarwal,Female,1976-12-01,Indore,Madhya Pradesh,Retired,Retail,601976.49,2022-06-11,Ira Agarwal
C03498,Aadhya,Chopra,Female,2003-08-25,Coimbatore,Tamil Nadu,Salaried,Retail,337878.19,2022-12-18,Aadhya Chopra
C03499,Arjun,Sharma,Male,1974-07-13,Delhi,Delhi,Retired,Premium,1161855.56,2018-01-07,Arjun Sharma
C03500,Priya,Singh,Female,1987-09-20,Noida,Uttar Pradesh,Salaried,Retail,542595.74,2021-06-07,Priya Singh
C03501,Riya,Iyer,Female,1997-04-25,Noida,Uttar Pradesh,Student,Retail,397541.81,2022-03-10,Riya Iyer
C03502,Kiara,Joshi,Female,2004-07-14,Delhi,Delhi,Student,Premium,324000.0,2023-11-14,Kiara Joshi
C03503,Anaya,Mehta,Female,1989-06-05,Bengaluru,Karnataka,Student,Retail,513600.46,2021-01-01,Anaya Mehta
C03504,Riya,Desai,Male,1999-09-08,Gurugram,Haryana,Retired,Corporate,697065.18,2022-02-10,Riya Desai
C03505,Sai,Mishra,Female,2004-07-02,Delhi,Delhi,Self Employed,Retail,466862.27,2021-04-03,Sai Mishra
C03506,Ishaan,Kulkarni,Female,1965-02-09,Mumbai,Maharashtra,Business Owner,Premium,1434247.4,2026-02-27,Ishaan Kulkarni
C03507,Ishaan,Desai,Female,1972-11-28,Indore,Madhya Pradesh,Business Owner,Premium,763832.93,2024-06-13,Ishaan Desai
C03508,Aarav,Iyer,Female,1988-04-20,Indore,Madhya Pradesh,Self Employed,Retail,180000.0,2022-07-03,Aarav Iyer
C03509,Vihaan,Jain,Female,1997-02-02,Kochi,Kerala,Student,Retail,614287.48,2025-01-03,Vihaan Jain
C03510,Sneha,Agarwal,Female,1973-01-16,Hyderabad,Telangana,Freelancer,SME,1317902.78,2023-02-03,Sneha Agarwal
C03511,Anaya,Agarwal,Female,2003-12-14,Bengaluru,Karnataka,Self Employed,Wealth,1437689.55,2020-08-06,Anaya Agarwal
C03512,Anaya,Kulkarni,Female,1975-05-25,Surat,Gujarat,Student,Retail,180000.0,2019-03-29,Anaya Kulkarni
C03513,Amit,Kapoor,Male,1984-06-26,Delhi,Delhi,Self Employed,Retail,469132.76,2023-07-03,Amit Kapoor
C03514,Krishna,Kapoor,Male,1999-11-28,Kochi,Kerala,Retired,Retail,309602.81,2022-07-15,Krishna Kapoor
C03515,Anika,Iyer,Female,2000-09-10,Mumbai,Maharashtra,Self Employed,Retail,784127.46,2023-03-21,Anika Iyer
C03516,Vihaan,Agarwal,Female,1963-12-26,Lucknow,Uttar Pradesh,Business Owner,Retail,411860.54,2024-05-05,Vihaan Agarwal
C03517,Krishna,Reddy,Male,1991-01-16,Ahmedabad,Gujarat,Business Owner,SME,526829.28,2021-06-05,Krishna Reddy
C03518,Kiara,Verma,Male,1960-01-24,Mumbai,Maharashtra,Self Employed,Corporate,442679.01,2019-05-19,Kiara Verma
C03519,Sai,Kapoor,Female,1987-05-25,Pune,Maharashtra,Retired,Retail,843762.29,2019-10-23,Sai Kapoor
C03520,Myra,Joshi,Female,1995-09-22,Gurugram,Haryana,Business Owner,SME,868895.22,2024-08-08,Myra Joshi
C03521,Kiara,Bansal,Female,1996-12-20,Indore,Madhya Pradesh,Business Owner,Retail,432387.33,2022-12-30,Kiara Bansal
C03522,Vivaan,Iyer,Male,1992-08-27,Kolkata,West Bengal,Retired,Premium,783812.93,2025-10-21,Vivaan Iyer
C03523,Sara,Kulkarni,Male,1982-11-23,Delhi,Delhi,Retired,Premium,1979608.9,2021-08-19,Sara Kulkarni
C03524,Neha,Sharma,Female,1985-01-25,Noida,Uttar Pradesh,Salaried,Premium,576373.86,2019-10-09,Neha Sharma
C03525,Rohan,Chopra,Female,1984-01-02,Kolkata,West Bengal,Student,Retail,323401.67,2021-12-13,Rohan Chopra
C03526,Neha,Kulkarni,Male,1990-01-15,Delhi,Delhi,Student,Retail,245658.06,2022-10-28,Neha Kulkarni
C03527,Neha,Kulkarni,Male,1980-01-14,Noida,Uttar Pradesh,Retired,SME,835941.36,2026-01-30,Neha Kulkarni
C03528,Karan,Bansal,Female,1961-12-10,Chandigarh,Chandigarh,Student,Retail,465146.17,2019-07-09,Karan Bansal
C03529,Ira,Nair,Female,1988-01-05,Gurugram,Haryana,Business Owner,Corporate,742397.19,2023-05-31,Ira Nair
C03530,Nisha,Agarwal,Male,1981-07-02,Delhi,Delhi,Freelancer,SME,504278.47,2018-07-03,Nisha Agarwal
C03531,Sneha,Desai,Male,1987-10-01,Noida,Uttar Pradesh,Freelancer,Retail,779506.93,2020-01-27,Sneha Desai
C03532,Aadhya,Iyer,Female,1964-04-09,Ahmedabad,Gujarat,Freelancer,Retail,394570.41,2018-01-18,Aadhya Iyer
C03533,Anaya,Mehta,Male,1974-12-21,Coimbatore,Tamil Nadu,Retired,Retail,825760.98,2022-11-15,Anaya Mehta
C03534,Ira,Verma,Female,1989-09-22,Bengaluru,Karnataka,Student,Retail,467276.59,2020-07-07,Ira Verma
C03535,Karan,Malhotra,Female,1967-04-13,Gurugram,Haryana,Business Owner,Corporate,862889.65,2022-01-01,Karan Malhotra
C03536,Pooja,Desai,Female,1983-03-14,Coimbatore,Tamil Nadu,Student,Retail,232759.19,2018-02-04,Pooja Desai
C03537,Sneha,Reddy,Female,1970-10-12,Kolkata,West Bengal,Salaried,Retail,366286.68,2019-06-03,Sneha Reddy
C03538,Pari,Bansal,Male,1981-11-19,Noida,Uttar Pradesh,Business Owner,Premium,2389019.98,2024-04-18,Pari Bansal
C03539,Rohan,Desai,Male,1998-03-28,Ahmedabad,Gujarat,Business Owner,Retail,386178.53,2018-12-24,Rohan Desai
C03540,Sara,Agarwal,Female,1997-08-23,Indore,Madhya Pradesh,Retired,Wealth,540000.0,2021-10-02,Sara Agarwal
C03541,Kabir,Sharma,Male,1964-03-15,Noida,Uttar Pradesh,Retired,SME,957317.91,2023-07-11,Kabir Sharma
C03542,Aadhya,Reddy,Female,2004-03-04,Surat,Gujarat,Salaried,Retail,180000.0,2021-08-03,Aadhya Reddy
C03543,Priya,Reddy,Female,2004-07-25,Delhi,Delhi,Salaried,Retail,301575.63,2025-08-02,Priya Reddy
C03544,Pooja,Kulkarni,Male,1966-01-04,Bhopal,Madhya Pradesh,Retired,Retail,549380.58,2024-04-06,Pooja Kulkarni
C03545,Sneha,Nair,Male,1977-01-25,Kochi,Kerala,Self Employed,SME,404904.7,2022-07-04,Sneha Nair
C03546,Ira,Sharma,Female,1967-08-25,Bhopal,Madhya Pradesh,Retired,SME,260117.96,2024-01-29,Ira Sharma
C03547,Anika,Gupta,Female,1998-01-11,Nagpur,Maharashtra,Salaried,SME,1356987.87,2020-02-28,Anika Gupta
C03548,Nisha,Verma,Female,1978-12-27,Noida,Uttar Pradesh,Student,Retail,932370.85,2025-12-18,Nisha Verma
C03549,Pari,Kapoor,Male,1981-11-17,Lucknow,Uttar Pradesh,Freelancer,Premium,1741701.06,2020-01-26,Pari Kapoor
C03550,Aarav,Singh,Male,1975-02-04,Mysuru,Karnataka,Self Employed,Retail,394211.49,2021-04-05,Aarav Singh
C03551,Rohan,Desai,Male,1988-07-25,Surat,Gujarat,Student,Retail,445228.27,2019-10-13,Rohan Desai
C03552,Pari,Iyer,Male,1989-05-20,Pune,Maharashtra,Self Employed,Retail,629105.89,2022-05-12,Pari Iyer
C03553,Rohan,Desai,Female,1997-03-01,Mumbai,Maharashtra,Freelancer,Retail,638412.05,2019-05-07,Rohan Desai
C03554,Reyansh,Sharma,Female,1985-06-16,Surat,Gujarat,Retired,SME,1812101.0,2024-12-29,Reyansh Sharma
C03555,Ishaan,Gupta,Female,1963-05-08,Kolkata,West Bengal,Business Owner,SME,809371.51,2021-12-11,Ishaan Gupta
C03556,Anaya,Joshi,Male,1993-07-05,Pune,Maharashtra,Self Employed,SME,967779.04,2020-07-15,Anaya Joshi
C03557,Karan,Kumar,Female,1990-03-09,Mumbai,Maharashtra,Salaried,SME,610966.16,2020-06-10,Karan Kumar
C03558,Pooja,Sharma,Female,1983-06-16,Nagpur,Maharashtra,Retired,Retail,463793.51,2020-03-30,Pooja Sharma
C03559,Karan,Reddy,Male,1975-05-02,Nagpur,Maharashtra,Freelancer,Retail,315759.94,2025-03-02,Karan Reddy
C03560,Aadhya,Desai,Female,1992-09-12,Indore,Madhya Pradesh,Retired,Premium,461197.57,2020-03-14,Aadhya Desai
C03561,Neha,Kumar,Male,1983-11-20,Gurugram,Haryana,Self Employed,Retail,237125.27,2022-08-25,Neha Kumar
C03562,Vihaan,Malhotra,Male,1975-02-26,Kochi,Kerala,Retired,Retail,180000.0,2024-10-23,Vihaan Malhotra
C03563,Aarav,Bansal,Male,1981-11-16,Kolkata,West Bengal,Retired,SME,614198.96,2021-04-28,Aarav Bansal
C03564,Myra,Mehta,Female,1961-03-24,Kolkata,West Bengal,Freelancer,Retail,622561.95,2020-05-24,Myra Mehta
C03565,Reyansh,Kumar,Male,1966-11-10,Hyderabad,Telangana,Freelancer,Premium,896131.4,2025-11-08,Reyansh Kumar
C03566,Pari,Verma,Female,1993-07-27,Mysuru,Karnataka,Student,Premium,699464.36,2025-03-05,Pari Verma
C03567,Anika,Mehta,Female,1976-08-16,Indore,Madhya Pradesh,Self Employed,Premium,1311255.45,2023-04-03,Anika Mehta
C03568,Neha,Jain,Female,1971-07-01,Kochi,Kerala,Freelancer,Corporate,1240998.4,2020-06-27,Neha Jain
C03569,Arjun,Singh,Female,1978-03-05,Noida,Uttar Pradesh,Self Employed,Retail,1918826.82,2022-01-14,Arjun Singh
C03570,Rohan,Iyer,Male,1990-08-25,Indore,Madhya Pradesh,Self Employed,Retail,414651.87,2019-03-13,Rohan Iyer
C03571,Ishaan,Bansal,Male,1993-06-06,Bhopal,Madhya Pradesh,Self Employed,Retail,784280.99,2025-12-22,Ishaan Bansal
C03572,Sara,Malhotra,Female,1972-09-08,Ahmedabad,Gujarat,Self Employed,Premium,524202.61,2018-03-06,Sara Malhotra
C03573,Sneha,Mishra,Female,1989-06-23,Chennai,Tamil Nadu,Student,Premium,391386.78,2023-04-29,Sneha Mishra
C03574,Sai,Agarwal,Female,1984-10-23,Pune,Maharashtra,Self Employed,Wealth,3532084.44,2019-06-20,Sai Agarwal
C03575,Neha,Jain,Female,1969-06-10,Pune,Maharashtra,Student,Retail,1406408.53,2022-12-29,Neha Jain
C03576,Kiara,Patel,Male,1993-11-26,Jaipur,Rajasthan,Retired,Retail,625026.48,2021-08-26,Kiara Patel
C03577,Aditya,Gupta,Female,1978-11-11,Chandigarh,Chandigarh,Freelancer,Wealth,1745018.97,2022-11-30,Aditya Gupta
C03578,Pari,Bansal,Male,1974-11-11,Gurugram,Haryana,Student,Wealth,1233226.11,2025-07-26,Pari Bansal
C03579,Pari,Mishra,Female,1992-10-13,Noida,Uttar Pradesh,Freelancer,SME,342691.38,2023-03-19,Pari Mishra
C03580,Sneha,Singh,Male,1965-12-16,Nagpur,Maharashtra,Salaried,Premium,1531773.54,2024-03-03,Sneha Singh
C03581,Aadhya,Kumar,Female,1961-01-04,Mysuru,Karnataka,Salaried,Corporate,1440514.75,2021-08-11,Aadhya Kumar
C03582,Aadhya,Kulkarni,Male,1980-10-11,Indore,Madhya Pradesh,Freelancer,Retail,779601.27,2025-10-27,Aadhya Kulkarni
C03583,Sai,Reddy,Male,2002-09-01,Mumbai,Maharashtra,Freelancer,Retail,454580.66,2019-12-16,Sai Reddy
C03584,Aadhya,Bansal,Female,2003-11-10,Indore,Madhya Pradesh,Freelancer,SME,1028148.69,2025-05-24,Aadhya Bansal
C03585,Pari,Kulkarni,Male,1999-05-27,Delhi,Delhi,Freelancer,Retail,338209.14,2021-09-21,Pari Kulkarni
C03586,Ayaan,Iyer,Male,1971-11-07,Bengaluru,Karnataka,Student,SME,252000.0,2023-03-13,Ayaan Iyer
C03587,Pooja,Singh,Female,2003-08-22,Kolkata,West Bengal,Business Owner,Retail,412434.79,2023-12-20,Pooja Singh
C03588,Krishna,Sharma,Female,1980-01-07,Indore,Madhya Pradesh,Student,Premium,984977.95,2018-11-04,Krishna Sharma
C03589,Krishna,Chopra,Female,1992-01-26,Gurugram,Haryana,Freelancer,Retail,527156.21,2022-08-16,Krishna Chopra
C03590,Amit,Kumar,Female,1991-11-09,Chandigarh,Chandigarh,Self Employed,Retail,684439.93,2022-02-17,Amit Kumar
C03591,Reyansh,Singh,Female,1987-09-22,Ahmedabad,Gujarat,Self Employed,SME,1696566.09,2022-05-04,Reyansh Singh
C03592,Pooja,Chopra,Female,1983-12-05,Nagpur,Maharashtra,Self Employed,SME,460593.22,2021-08-04,Pooja Chopra
C03593,Ira,Mehta,Female,1990-09-25,Mumbai,Maharashtra,Student,Retail,191432.02,2022-05-01,Ira Mehta
C03594,Kabir,Mishra,Male,1986-12-22,Hyderabad,Telangana,Freelancer,Wealth,540000.0,2022-07-17,Kabir Mishra
C03595,Aadhya,Nair,Female,1966-10-13,Lucknow,Uttar Pradesh,Self Employed,Retail,965583.67,2024-07-04,Aadhya Nair
C03596,Aadhya,Joshi,Male,1997-06-03,Pune,Maharashtra,Salaried,Premium,1344584.34,2025-04-24,Aadhya Joshi
C03597,Krishna,Verma,Female,1972-07-05,Ahmedabad,Gujarat,Retired,Premium,689216.53,2023-03-09,Krishna Verma
C03598,Priya,Joshi,Female,1979-09-04,Pune,Maharashtra,Freelancer,Retail,632446.64,2025-01-31,Priya Joshi
C03599,Sai,Mishra,Female,1998-07-12,Lucknow,Uttar Pradesh,Retired,SME,592791.84,2024-02-07,Sai Mishra
C03600,Pari,Kapoor,Male,1988-08-16,Ahmedabad,Gujarat,Student,Premium,637599.87,2019-01-01,Pari Kapoor
C03601,Sai,Jain,Male,2004-10-20,Gurugram,Haryana,Salaried,Retail,253883.47,2025-05-14,Sai Jain
C03602,Arjun,Chopra,Male,1996-04-07,Delhi,Delhi,Student,Corporate,1437086.64,2020-12-08,Arjun Chopra
C03603,Sara,Patel,Male,1961-03-03,Surat,Gujarat,Freelancer,Retail,323291.59,2024-10-24,Sara Patel
C03604,Pari,Desai,Female,1993-05-06,Bengaluru,Karnataka,Salaried,Premium,922620.98,2023-04-22,Pari Desai
C03605,Diya,Desai,Male,2002-06-11,Surat,Gujarat,Freelancer,Premium,525559.3,2024-02-18,Diya Desai
C03606,Aarav,Singh,Male,1995-08-22,Coimbatore,Tamil Nadu,Retired,Retail,1003137.04,2026-01-01,Aarav Singh
C03607,Myra,Agarwal,Female,1998-04-26,Gurugram,Haryana,Salaried,Retail,1121875.15,2022-03-15,Myra Agarwal
C03608,Ira,Nair,Female,1982-10-21,Noida,Uttar Pradesh,Business Owner,Retail,434770.65,2022-08-17,Ira Nair
C03609,Karan,Gupta,Female,2003-06-11,Hyderabad,Telangana,Freelancer,Retail,180000.0,2025-09-03,Karan Gupta
C03610,Ishaan,Desai,Male,1993-09-02,Pune,Maharashtra,Freelancer,SME,600276.6,2025-08-07,Ishaan Desai
C03611,Anika,Malhotra,Female,1994-02-21,Coimbatore,Tamil Nadu,Student,Retail,456585.66,2024-09-01,Anika Malhotra
C03612,Sneha,Malhotra,Female,1976-05-16,Indore,Madhya Pradesh,Student,Retail,514260.66,2020-03-05,Sneha Malhotra
C03613,Ishaan,Kulkarni,Female,2000-05-13,Ahmedabad,Gujarat,Business Owner,Corporate,712792.89,2024-06-09,Ishaan Kulkarni
C03614,Priya,Bansal,Male,1974-04-16,Surat,Gujarat,Retired,Premium,1191877.79,2019-04-14,Priya Bansal
C03615,Nisha,Jain,Male,1964-06-01,Chandigarh,Chandigarh,Business Owner,Retail,434550.37,2021-07-06,Nisha Jain
C03616,Pari,Bansal,Male,1980-03-04,Pune,Maharashtra,Retired,Premium,635018.58,2018-11-08,Pari Bansal
C03617,Aarav,Kapoor,Female,1982-10-16,Hyderabad,Telangana,Retired,Retail,947553.73,2019-04-16,Aarav Kapoor
C03618,Aadhya,Bansal,Female,1995-02-15,Chandigarh,Chandigarh,Self Employed,Corporate,924247.59,2024-11-19,Aadhya Bansal
C03619,Pooja,Mishra,Female,2001-09-17,Jaipur,Rajasthan,Freelancer,Retail,413824.72,2022-01-23,Pooja Mishra
C03620,Krishna,Reddy,Female,1967-04-04,Jaipur,Rajasthan,Salaried,Corporate,1121357.07,2022-11-18,Krishna Reddy
C03621,Krishna,Mehta,Female,1996-06-06,Lucknow,Uttar Pradesh,Freelancer,Retail,282367.86,2019-10-09,Krishna Mehta
C03622,Nisha,Patel,Male,1969-04-17,Bengaluru,Karnataka,Retired,Retail,413678.15,2024-04-24,Nisha Patel
C03623,Ayaan,Singh,Male,1990-06-12,Bhopal,Madhya Pradesh,Retired,Retail,942599.33,2018-06-15,Ayaan Singh
C03624,Myra,Mehta,Female,1963-06-19,Mumbai,Maharashtra,Business Owner,Retail,204317.34,2024-03-04,Myra Mehta
C03625,Ishaan,Kumar,Female,1978-01-11,Kolkata,West Bengal,Student,Premium,470434.77,2019-05-30,Ishaan Kumar
C03626,Diya,Joshi,Female,1966-03-07,Indore,Madhya Pradesh,Retired,Premium,709348.55,2023-04-19,Diya Joshi
C03627,Ira,Kumar,Male,1997-11-18,Coimbatore,Tamil Nadu,Retired,Retail,263494.51,2022-07-11,Ira Kumar
C03628,Ira,Malhotra,Male,1993-08-18,Mumbai,Maharashtra,Freelancer,Retail,616668.32,2023-05-05,Ira Malhotra
C03629,Pari,Agarwal,Male,1989-07-08,Noida,Uttar Pradesh,Student,Retail,935421.55,2022-04-26,Pari Agarwal
C03630,Aarav,Verma,Female,1961-10-16,Surat,Gujarat,Business Owner,Premium,622050.64,2022-01-30,Aarav Verma
C03631,Pooja,Sharma,Male,1988-12-05,Pune,Maharashtra,Salaried,Premium,347519.05,2022-12-14,Pooja Sharma
C03632,Myra,Agarwal,Male,1974-12-06,Chandigarh,Chandigarh,Business Owner,Premium,475286.09,2021-04-01,Myra Agarwal
C03633,Kiara,Jain,Male,1975-01-11,Ahmedabad,Gujarat,Salaried,Premium,1472075.96,2023-02-23,Kiara Jain
C03634,Sneha,Kulkarni,Male,1980-04-19,Jaipur,Rajasthan,Business Owner,Premium,2016139.16,2025-02-24,Sneha Kulkarni
C03635,Ira,Agarwal,Female,1995-02-23,Coimbatore,Tamil Nadu,Salaried,SME,595844.61,2023-07-20,Ira Agarwal
C03636,Sara,Singh,Female,1980-04-23,Coimbatore,Tamil Nadu,Retired,Premium,609457.36,2020-06-07,Sara Singh
C03637,Vivaan,Bansal,Female,1983-01-25,Chandigarh,Chandigarh,Student,Retail,271913.85,2020-01-15,Vivaan Bansal
C03638,Sneha,Sharma,Male,1968-09-04,Bengaluru,Karnataka,Student,Retail,489058.45,2023-11-03,Sneha Sharma
C03639,Ishaan,Kapoor,Male,1974-08-19,Coimbatore,Tamil Nadu,Business Owner,SME,659924.09,2018-12-12,Ishaan Kapoor
C03640,Reyansh,Kapoor,Male,1990-02-16,Lucknow,Uttar Pradesh,Retired,Retail,813925.56,2022-03-04,Reyansh Kapoor
C03641,Priya,Bansal,Male,1973-01-14,Bhopal,Madhya Pradesh,Student,Premium,1127257.92,2022-12-20,Priya Bansal
C03642,Aadhya,Jain,Female,1972-09-13,Gurugram,Haryana,Business Owner,Retail,521710.54,2021-12-04,Aadhya Jain
C03643,Anaya,Kulkarni,Female,1982-08-26,Nagpur,Maharashtra,Freelancer,Retail,180000.0,2019-06-20,Anaya Kulkarni
C03644,Anika,Mishra,Male,1960-05-02,Kolkata,West Bengal,Salaried,Retail,1091313.5,2025-01-17,Anika Mishra
C03645,Ishaan,Desai,Female,1980-06-17,Kochi,Kerala,Freelancer,Retail,260803.89,2019-09-03,Ishaan Desai
C03646,Amit,Nair,Male,1993-01-05,Pune,Maharashtra,Salaried,Retail,237019.38,2022-07-22,Amit Nair
C03647,Aditya,Iyer,Female,1960-09-22,Ahmedabad,Gujarat,Freelancer,Retail,1819180.26,2022-04-16,Aditya Iyer
C03648,Kabir,Desai,Male,1965-04-21,Surat,Gujarat,Salaried,Retail,624717.06,2018-06-19,Kabir Desai
C03649,Arjun,Jain,Male,1981-09-10,Chennai,Tamil Nadu,Student,Retail,610246.2,2024-05-26,Arjun Jain
C03650,Ayaan,Iyer,Female,2003-01-21,Chandigarh,Chandigarh,Freelancer,Retail,511865.51,2021-11-27,Ayaan Iyer
C03651,Aadhya,Nair,Female,1962-11-08,Bhopal,Madhya Pradesh,Self Employed,Corporate,774005.32,2019-11-06,Aadhya Nair
C03652,Ira,Mehta,Male,1983-06-25,Chennai,Tamil Nadu,Business Owner,Retail,691244.56,2018-09-22,Ira Mehta
C03653,Riya,Bansal,Female,2001-11-06,Chennai,Tamil Nadu,Freelancer,Retail,1306177.38,2020-10-11,Riya Bansal
C03654,Neha,Malhotra,Male,1962-01-24,Chandigarh,Chandigarh,Business Owner,Retail,317891.22,2025-11-13,Neha Malhotra
C03655,Ishaan,Sharma,Female,1994-12-14,Kochi,Kerala,Salaried,Retail,278940.83,2022-11-28,Ishaan Sharma
C03656,Aarav,Kapoor,Male,1996-10-17,Pune,Maharashtra,Student,SME,359698.08,2022-07-23,Aarav Kapoor
C03657,Ishaan,Chopra,Male,1995-02-08,Kochi,Kerala,Freelancer,SME,312878.17,2020-01-10,Ishaan Chopra
C03658,Kiara,Chopra,Male,1966-06-02,Kochi,Kerala,Business Owner,Retail,322481.2,2022-12-04,Kiara Chopra
C03659,Aadhya,Kapoor,Female,1967-03-28,Lucknow,Uttar Pradesh,Student,Retail,406506.36,2019-12-07,Aadhya Kapoor
C03660,Anika,Verma,Female,1997-06-16,Gurugram,Haryana,Salaried,Corporate,956539.78,2023-03-25,Anika Verma
C03661,Kiara,Verma,Female,2001-04-03,Lucknow,Uttar Pradesh,Self Employed,Corporate,1294755.48,2022-04-17,Kiara Verma
C03662,Krishna,Reddy,Male,1976-05-15,Bengaluru,Karnataka,Business Owner,Retail,408019.81,2020-01-30,Krishna Reddy
C03663,Riya,Bansal,Female,1976-05-12,Surat,Gujarat,Freelancer,Premium,796805.46,2022-02-20,Riya Bansal
C03664,Ayaan,Kulkarni,Male,1965-11-22,Hyderabad,Telangana,Business Owner,SME,851009.1,2024-09-02,Ayaan Kulkarni
C03665,Reyansh,Kulkarni,Male,1991-07-05,Bhopal,Madhya Pradesh,Retired,Retail,231451.8,2022-05-26,Reyansh Kulkarni
C03666,Rohan,Gupta,Female,1970-05-06,Coimbatore,Tamil Nadu,Student,SME,920339.73,2020-12-07,Rohan Gupta
C03667,Arjun,Iyer,Female,1960-03-14,Hyderabad,Telangana,Business Owner,Premium,554874.61,2022-04-28,Arjun Iyer
C03668,Aditya,Joshi,Female,1995-04-05,Bengaluru,Karnataka,Salaried,SME,573099.95,2025-09-18,Aditya Joshi
C03669,Arjun,Desai,Male,1982-02-27,Kolkata,West Bengal,Student,Retail,549525.1,2021-10-21,Arjun Desai
C03670,Sai,Sharma,Female,1983-07-18,Mumbai,Maharashtra,Self Employed,Retail,592925.65,2023-04-13,Sai Sharma
C03671,Ira,Gupta,Male,1969-07-07,Bengaluru,Karnataka,Self Employed,Retail,533628.44,2022-07-24,Ira Gupta
C03672,Myra,Nair,Female,1970-08-08,Indore,Madhya Pradesh,Retired,Retail,370012.02,2021-10-07,Myra Nair
C03673,Myra,Kulkarni,Female,1992-02-19,Bhopal,Madhya Pradesh,Retired,Premium,579631.54,2025-09-10,Myra Kulkarni
C03674,Nisha,Jain,Male,1996-05-09,Delhi,Delhi,Freelancer,Premium,706481.75,2022-07-10,Nisha Jain
C03675,Kabir,Bansal,Female,1992-05-23,Surat,Gujarat,Freelancer,SME,778619.94,2023-08-16,Kabir Bansal
C03676,Anaya,Mehta,Female,1971-01-07,Noida,Uttar Pradesh,Salaried,Retail,425816.32,2020-04-29,Anaya Mehta
C03677,Rohan,Gupta,Male,2003-09-08,Kochi,Kerala,Salaried,Retail,254837.27,2022-06-19,Rohan Gupta
C03678,Vivaan,Gupta,Male,1977-09-27,Ahmedabad,Gujarat,Retired,Retail,336628.23,2023-12-05,Vivaan Gupta
C03679,Rohan,Mehta,Female,2001-06-07,Chandigarh,Chandigarh,Retired,Retail,239523.82,2019-01-22,Rohan Mehta
C03680,Aditya,Sharma,Female,1991-04-09,Kolkata,West Bengal,Student,SME,1390832.31,2018-02-20,Aditya Sharma
C03681,Vivaan,Singh,Female,1986-03-08,Bhopal,Madhya Pradesh,Freelancer,Premium,655270.09,2019-12-17,Vivaan Singh
C03682,Sneha,Mehta,Female,1979-08-18,Delhi,Delhi,Salaried,Premium,655965.16,2022-08-31,Sneha Mehta
C03683,Aadhya,Singh,Male,1964-01-17,Delhi,Delhi,Salaried,Retail,438143.9,2024-04-30,Aadhya Singh
C03684,Kiara,Desai,Male,1990-11-12,Chandigarh,Chandigarh,Retired,Retail,1107226.91,2020-05-28,Kiara Desai
C03685,Myra,Mehta,Female,1995-02-25,Surat,Gujarat,Self Employed,Retail,282900.78,2018-08-09,Myra Mehta
C03686,Reyansh,Mishra,Male,2003-08-03,Bhopal,Madhya Pradesh,Retired,SME,1094822.93,2019-09-28,Reyansh Mishra
C03687,Sneha,Verma,Female,1963-06-28,Mumbai,Maharashtra,Salaried,Corporate,1175964.97,2025-02-03,Sneha Verma
C03688,Anika,Agarwal,Male,2001-05-16,Gurugram,Haryana,Salaried,Retail,399830.67,2020-08-04,Anika Agarwal
C03689,Riya,Joshi,Male,1989-04-18,Gurugram,Haryana,Self Employed,Retail,364390.78,2024-06-12,Riya Joshi
C03690,Ishaan,Kapoor,Male,2002-11-06,Jaipur,Rajasthan,Retired,Wealth,1121336.73,2025-09-02,Ishaan Kapoor
C03691,Sneha,Nair,Female,1991-06-10,Chennai,Tamil Nadu,Retired,Retail,190025.97,2021-01-03,Sneha Nair
C03692,Sai,Reddy,Female,1994-01-02,Jaipur,Rajasthan,Self Employed,Retail,906776.98,2022-06-26,Sai Reddy
C03693,Krishna,Iyer,Male,1998-09-08,Surat,Gujarat,Retired,Retail,660852.94,2023-07-12,Krishna Iyer
C03694,Reyansh,Gupta,Female,1962-01-28,Kolkata,West Bengal,Self Employed,Corporate,1093890.97,2019-01-25,Reyansh Gupta
C03695,Diya,Bansal,Female,1974-06-19,Bengaluru,Karnataka,Business Owner,Premium,324000.0,2018-03-17,Diya Bansal
C03696,Reyansh,Joshi,Female,1963-02-10,Mysuru,Karnataka,Self Employed,Retail,180000.0,2018-01-30,Reyansh Joshi
C03697,Aditya,Chopra,Female,1970-03-26,Surat,Gujarat,Self Employed,Wealth,540000.0,2022-05-02,Aditya Chopra
C03698,Sneha,Kapoor,Female,1974-04-04,Ahmedabad,Gujarat,Business Owner,Retail,543153.25,2023-03-21,Sneha Kapoor
C03699,Aarav,Malhotra,Male,1962-06-25,Hyderabad,Telangana,Retired,Retail,638096.83,2025-12-17,Aarav Malhotra
C03700,Diya,Kumar,Female,1960-06-14,Mumbai,Maharashtra,Self Employed,Corporate,1404000.53,2022-02-03,Diya Kumar
C03701,Vihaan,Mehta,Male,1983-02-16,Chandigarh,Chandigarh,Self Employed,Corporate,719946.24,2025-11-25,Vihaan Mehta
C03702,Pooja,Bansal,Male,1993-07-16,Gurugram,Haryana,Self Employed,Wealth,647419.17,2021-04-22,Pooja Bansal
C03703,Rohan,Nair,Male,1970-04-12,Nagpur,Maharashtra,Business Owner,SME,572294.28,2023-04-13,Rohan Nair
C03704,Riya,Mishra,Female,1991-06-07,Bengaluru,Karnataka,Freelancer,Retail,1938489.67,2025-08-07,Riya Mishra
C03705,Riya,Agarwal,Male,1970-07-04,Kolkata,West Bengal,Student,Retail,301750.63,2026-03-04,Riya Agarwal
C03706,Pooja,Reddy,Male,1975-02-16,Kochi,Kerala,Self Employed,Wealth,791596.44,2021-04-14,Pooja Reddy
C03707,Rohan,Joshi,Female,1979-06-10,Bhopal,Madhya Pradesh,Salaried,Wealth,1247989.59,2023-04-09,Rohan Joshi
C03708,Nisha,Iyer,Male,1965-10-01,Hyderabad,Telangana,Retired,Premium,695210.18,2021-12-12,Nisha Iyer
C03709,Nisha,Patel,Female,1960-04-09,Indore,Madhya Pradesh,Salaried,Retail,206595.05,2022-05-04,Nisha Patel
C03710,Anika,Mehta,Male,1973-11-02,Mysuru,Karnataka,Freelancer,Retail,594984.17,2023-11-10,Anika Mehta
C03711,Aadhya,Desai,Female,1989-03-01,Bengaluru,Karnataka,Business Owner,SME,1417148.73,2018-02-20,Aadhya Desai
C03712,Arjun,Chopra,Male,1964-10-03,Mumbai,Maharashtra,Freelancer,Premium,1375720.0,2022-11-28,Arjun Chopra
C03713,Amit,Kumar,Female,1969-05-03,Kochi,Kerala,Freelancer,Retail,686693.49,2025-12-07,Amit Kumar
C03714,Kiara,Singh,Female,1967-05-16,Bengaluru,Karnataka,Retired,Retail,319541.93,2019-08-21,Kiara Singh
C03715,Kiara,Agarwal,Female,1974-01-21,Delhi,Delhi,Student,Retail,1361589.89,2018-08-13,Kiara Agarwal
C03716,Arjun,Mehta,Female,1993-10-26,Lucknow,Uttar Pradesh,Freelancer,Retail,530883.05,2022-09-27,Arjun Mehta
C03717,Anaya,Joshi,Male,1980-03-03,Ahmedabad,Gujarat,Salaried,SME,614568.91,2022-11-10,Anaya Joshi
C03718,Ishaan,Gupta,Male,1997-06-01,Hyderabad,Telangana,Freelancer,Retail,930135.46,2020-05-23,Ishaan Gupta
C03719,Nisha,Mehta,Male,2001-02-08,Indore,Madhya Pradesh,Freelancer,Premium,564672.15,2018-02-18,Nisha Mehta
C03720,Pari,Iyer,Female,1994-10-28,Indore,Madhya Pradesh,Freelancer,Premium,1056110.44,2022-03-20,Pari Iyer
C03721,Kabir,Reddy,Female,1967-09-26,Pune,Maharashtra,Student,Corporate,396000.0,2021-06-09,Kabir Reddy
C03722,Kabir,Mishra,Female,1975-04-09,Indore,Madhya Pradesh,Self Employed,Premium,560134.19,2022-11-05,Kabir Mishra
C03723,Rahul,Desai,Male,1990-01-04,Chandigarh,Chandigarh,Salaried,Premium,798653.11,2025-06-19,Rahul Desai
C03724,Aarav,Patel,Male,1980-01-09,Indore,Madhya Pradesh,Retired,Wealth,1891830.93,2021-09-03,Aarav Patel
C03725,Aarav,Iyer,Female,1985-09-19,Chandigarh,Chandigarh,Salaried,Premium,912768.16,2024-09-19,Aarav Iyer
C03726,Arjun,Chopra,Female,1990-10-05,Kolkata,West Bengal,Retired,Retail,466151.65,2018-07-23,Arjun Chopra
C03727,Kiara,Gupta,Male,1973-12-20,Ahmedabad,Gujarat,Retired,Premium,1338328.89,2021-11-19,Kiara Gupta
C03728,Sara,Agarwal,Male,1962-12-24,Hyderabad,Telangana,Retired,Premium,1109693.03,2023-12-23,Sara Agarwal
C03729,Rohan,Gupta,Female,1985-09-26,Pune,Maharashtra,Retired,Retail,591855.5,2021-09-22,Rohan Gupta
C03730,Aditya,Kumar,Female,1968-09-05,Chandigarh,Chandigarh,Student,Corporate,1533434.96,2023-06-14,Aditya Kumar
C03731,Priya,Desai,Female,1968-06-01,Indore,Madhya Pradesh,Salaried,SME,795523.32,2022-10-06,Priya Desai
C03732,Kabir,Jain,Male,2004-08-23,Gurugram,Haryana,Self Employed,Retail,343765.5,2020-04-05,Kabir Jain
C03733,Sneha,Gupta,Female,2001-08-08,Coimbatore,Tamil Nadu,Freelancer,Premium,1209030.59,2019-09-11,Sneha Gupta
C03734,Krishna,Gupta,Female,1998-05-06,Mumbai,Maharashtra,Freelancer,Retail,1040515.38,2023-09-13,Krishna Gupta
C03735,Pari,Singh,Female,1964-10-23,Jaipur,Rajasthan,Self Employed,Premium,1320369.32,2025-03-10,Pari Singh
C03736,Sara,Mishra,Male,1996-06-12,Mumbai,Maharashtra,Student,Premium,1311168.01,2021-04-24,Sara Mishra
C03737,Pooja,Gupta,Female,1991-04-15,Gurugram,Haryana,Freelancer,Premium,752951.92,2018-10-20,Pooja Gupta
C03738,Kabir,Patel,Male,1997-03-03,Delhi,Delhi,Freelancer,Retail,180000.0,2020-04-29,Kabir Patel
C03739,Vivaan,Kumar,Female,1966-01-16,Pune,Maharashtra,Student,Retail,265675.83,2024-06-20,Vivaan Kumar
C03740,Rahul,Singh,Male,1993-05-23,Hyderabad,Telangana,Self Employed,Corporate,605810.55,2019-11-28,Rahul Singh
C03741,Amit,Kapoor,Female,1995-08-26,Pune,Maharashtra,Self Employed,Retail,844575.21,2024-07-23,Amit Kapoor
C03742,Sara,Mishra,Male,1975-08-01,Mysuru,Karnataka,Salaried,Wealth,1178907.66,2020-07-11,Sara Mishra
C03743,Aarav,Mishra,Male,1987-12-18,Mysuru,Karnataka,Student,Retail,390856.58,2018-10-04,Aarav Mishra
C03744,Krishna,Mishra,Male,1966-10-08,Kolkata,West Bengal,Retired,Retail,398270.16,2018-01-13,Krishna Mishra
C03745,Ayaan,Malhotra,Male,1988-11-09,Noida,Uttar Pradesh,Salaried,Wealth,1058164.17,2020-07-03,Ayaan Malhotra
C03746,Rahul,Desai,Female,1988-01-22,Noida,Uttar Pradesh,Business Owner,Retail,339407.06,2018-05-08,Rahul Desai
C03747,Kabir,Agarwal,Male,1991-01-01,Jaipur,Rajasthan,Self Employed,Retail,299010.59,2020-12-16,Kabir Agarwal
C03748,Ayaan,Agarwal,Female,1966-11-04,Kochi,Kerala,Salaried,Corporate,407945.14,2019-07-13,Ayaan Agarwal
C03749,Anaya,Agarwal,Female,1977-08-16,Kochi,Kerala,Freelancer,Premium,845871.79,2021-12-21,Anaya Agarwal
C03750,Priya,Mehta,Male,1989-02-12,Lucknow,Uttar Pradesh,Freelancer,Retail,332628.68,2018-05-17,Priya Mehta
C03751,Aditya,Bansal,Male,1961-07-14,Jaipur,Rajasthan,Salaried,Retail,180000.0,2024-08-14,Aditya Bansal
C03752,Vihaan,Joshi,Female,1981-12-08,Coimbatore,Tamil Nadu,Freelancer,Retail,326774.54,2018-08-22,Vihaan Joshi
C03753,Reyansh,Jain,Male,1991-08-20,Lucknow,Uttar Pradesh,Salaried,Retail,384699.22,2022-08-24,Reyansh Jain
C03754,Karan,Desai,Male,1994-10-05,Mysuru,Karnataka,Salaried,SME,1046090.79,2023-05-08,Karan Desai
C03755,Arjun,Nair,Female,1966-07-06,Delhi,Delhi,Retired,SME,529201.61,2021-01-10,Arjun Nair
C03756,Arjun,Kapoor,Male,1975-03-12,Indore,Madhya Pradesh,Business Owner,SME,557116.27,2026-01-13,Arjun Kapoor
C03757,Rohan,Mishra,Male,1984-08-20,Lucknow,Uttar Pradesh,Self Employed,Premium,576610.49,2021-07-09,Rohan Mishra
C03758,Priya,Bansal,Female,1960-09-04,Coimbatore,Tamil Nadu,Business Owner,Premium,2482764.25,2021-08-11,Priya Bansal
C03759,Amit,Patel,Female,1980-12-15,Surat,Gujarat,Business Owner,Wealth,3015013.92,2021-04-20,Amit Patel
C03760,Aditya,Desai,Female,1962-06-09,Gurugram,Haryana,Student,Retail,870220.71,2023-06-07,Aditya Desai
C03761,Sara,Iyer,Male,1960-10-26,Hyderabad,Telangana,Salaried,Retail,243816.59,2018-04-09,Sara Iyer
C03762,Pooja,Malhotra,Male,1974-05-28,Bengaluru,Karnataka,Student,Premium,657190.1,2025-01-24,Pooja Malhotra
C03763,Kiara,Desai,Female,1961-10-03,Indore,Madhya Pradesh,Retired,SME,894212.51,2020-11-20,Kiara Desai
C03764,Kiara,Reddy,Female,1963-01-02,Mumbai,Maharashtra,Business Owner,SME,334105.21,2024-12-27,Kiara Reddy
C03765,Myra,Desai,Male,1984-09-26,Jaipur,Rajasthan,Business Owner,Retail,708452.94,2022-07-23,Myra Desai
C03766,Arjun,Iyer,Female,1978-09-19,Mumbai,Maharashtra,Student,Premium,1397158.78,2018-09-05,Arjun Iyer
C03767,Aditya,Agarwal,Male,1972-09-02,Bengaluru,Karnataka,Self Employed,Premium,1152417.94,2025-06-27,Aditya Agarwal
C03768,Vihaan,Desai,Female,1984-06-06,Mysuru,Karnataka,Retired,Premium,607484.81,2018-04-03,Vihaan Desai
C03769,Priya,Patel,Female,1975-02-11,Chennai,Tamil Nadu,Business Owner,SME,434483.42,2018-10-19,Priya Patel
C03770,Pooja,Chopra,Male,2003-05-16,Surat,Gujarat,Salaried,SME,581094.54,2025-01-07,Pooja Chopra
C03771,Myra,Chopra,Female,2004-04-25,Pune,Maharashtra,Salaried,SME,768307.85,2019-10-27,Myra Chopra
C03772,Aadhya,Kapoor,Female,1979-07-04,Kolkata,West Bengal,Business Owner,Retail,318663.01,2022-02-05,Aadhya Kapoor
C03773,Amit,Patel,Male,1998-03-09,Bhopal,Madhya Pradesh,Self Employed,Premium,472362.7,2022-12-24,Amit Patel
C03774,Amit,Kapoor,Female,1977-12-22,Delhi,Delhi,Freelancer,Premium,1087512.28,2026-01-15,Amit Kapoor
C03775,Ira,Kapoor,Female,1996-02-23,Coimbatore,Tamil Nadu,Salaried,SME,1083743.42,2018-01-21,Ira Kapoor
C03776,Nisha,Chopra,Male,2002-05-13,Nagpur,Maharashtra,Retired,Retail,759189.45,2019-09-26,Nisha Chopra
C03777,Sara,Mehta,Female,1995-12-27,Chennai,Tamil Nadu,Student,SME,616013.48,2025-06-21,Sara Mehta
C03778,Vivaan,Iyer,Male,1986-05-28,Indore,Madhya Pradesh,Business Owner,Premium,1657749.01,2019-08-30,Vivaan Iyer
C03779,Priya,Malhotra,Female,1967-10-04,Kolkata,West Bengal,Business Owner,SME,575007.31,2022-12-14,Priya Malhotra
C03780,Riya,Patel,Male,1989-07-14,Surat,Gujarat,Retired,Premium,720692.62,2020-02-17,Riya Patel
C03781,Riya,Joshi,Male,1970-07-27,Kolkata,West Bengal,Student,Retail,286568.82,2022-11-18,Riya Joshi
C03782,Anaya,Kapoor,Male,1991-01-17,Nagpur,Maharashtra,Salaried,Corporate,575126.35,2025-01-17,Anaya Kapoor
C03783,Kabir,Bansal,Female,2001-07-24,Kolkata,West Bengal,Salaried,Corporate,2782764.69,2025-06-02,Kabir Bansal
C03784,Myra,Kulkarni,Male,1977-08-16,Chennai,Tamil Nadu,Self Employed,Wealth,950177.52,2022-02-04,Myra Kulkarni
C03785,Vivaan,Mishra,Female,2004-02-12,Mumbai,Maharashtra,Student,Retail,258384.33,2021-08-19,Vivaan Mishra
C03786,Diya,Iyer,Female,1983-07-21,Delhi,Delhi,Freelancer,Retail,1097668.05,2025-07-03,Diya Iyer
C03787,Sai,Sharma,Female,1984-11-14,Indore,Madhya Pradesh,Salaried,Retail,1200282.35,2024-05-04,Sai Sharma
C03788,Arjun,Agarwal,Male,1973-01-22,Coimbatore,Tamil Nadu,Student,Retail,398389.2,2022-05-13,Arjun Agarwal
C03789,Anika,Kapoor,Female,1980-11-17,Nagpur,Maharashtra,Self Employed,SME,597594.4,2025-03-27,Anika Kapoor
C03790,Aarav,Kumar,Female,1985-01-08,Surat,Gujarat,Student,Retail,367790.82,2025-08-22,Aarav Kumar
C03791,Neha,Desai,Male,1976-09-06,Chennai,Tamil Nadu,Salaried,Premium,1189672.99,2023-05-29,Neha Desai
C03792,Myra,Agarwal,Female,1985-02-14,Chandigarh,Chandigarh,Self Employed,Retail,377357.57,2021-02-13,Myra Agarwal
C03793,Pari,Iyer,Male,1966-07-10,Indore,Madhya Pradesh,Freelancer,Premium,324000.0,2023-04-13,Pari Iyer
C03794,Diya,Bansal,Female,1981-10-06,Gurugram,Haryana,Retired,Retail,180000.0,2018-09-11,Diya Bansal
C03795,Ira,Patel,Male,1999-09-05,Indore,Madhya Pradesh,Self Employed,Retail,432996.76,2021-06-15,Ira Patel
C03796,Rahul,Bansal,Male,1961-03-07,Nagpur,Maharashtra,Business Owner,SME,604592.44,2024-12-28,Rahul Bansal
C03797,Diya,Mishra,Male,1966-09-01,Chennai,Tamil Nadu,Salaried,Retail,337967.89,2025-03-26,Diya Mishra
C03798,Myra,Mishra,Male,1996-05-14,Gurugram,Haryana,Business Owner,SME,399216.86,2022-11-16,Myra Mishra
C03799,Reyansh,Mehta,Male,1997-06-04,Kolkata,West Bengal,Business Owner,Wealth,1540417.65,2024-10-04,Reyansh Mehta
C03800,Karan,Nair,Male,1987-11-14,Ahmedabad,Gujarat,Retired,Premium,591949.69,2025-07-30,Karan Nair
C03801,Sai,Agarwal,Female,1990-06-28,Noida,Uttar Pradesh,Student,Premium,1325699.39,2020-09-19,Sai Agarwal
C03802,Pooja,Mehta,Male,1990-04-10,Indore,Madhya Pradesh,Freelancer,Premium,954799.31,2020-01-05,Pooja Mehta
C03803,Diya,Verma,Female,1990-03-22,Jaipur,Rajasthan,Business Owner,Corporate,1596184.85,2020-03-21,Diya Verma
C03804,Kabir,Nair,Male,1987-08-20,Gurugram,Haryana,Freelancer,Premium,324000.0,2023-03-24,Kabir Nair
C03805,Ayaan,Agarwal,Female,1985-09-23,Delhi,Delhi,Retired,Retail,712365.14,2018-11-21,Ayaan Agarwal
C03806,Sneha,Malhotra,Female,1993-07-15,Gurugram,Haryana,Retired,Retail,435496.41,2018-12-08,Sneha Malhotra
C03807,Sneha,Chopra,Female,1978-01-15,Pune,Maharashtra,Self Employed,Retail,875613.5,2021-02-27,Sneha Chopra
C03808,Ishaan,Sharma,Female,1980-08-08,Mysuru,Karnataka,Salaried,Retail,449164.8,2025-11-25,Ishaan Sharma
C03809,Ayaan,Mehta,Female,1989-02-19,Mumbai,Maharashtra,Salaried,Retail,700199.51,2020-01-08,Ayaan Mehta
C03810,Sneha,Desai,Female,1983-08-17,Surat,Gujarat,Salaried,SME,447008.11,2018-11-20,Sneha Desai
C03811,Vihaan,Iyer,Female,1973-06-07,Nagpur,Maharashtra,Business Owner,SME,724936.77,2022-06-09,Vihaan Iyer
C03812,Rohan,Kulkarni,Female,1974-02-27,Jaipur,Rajasthan,Retired,Retail,539978.52,2020-02-20,Rohan Kulkarni
C03813,Priya,Kulkarni,Male,1988-06-14,Bengaluru,Karnataka,Student,Wealth,2535282.15,2020-05-22,Priya Kulkarni
C03814,Sai,Bansal,Male,1998-08-26,Lucknow,Uttar Pradesh,Salaried,Premium,1320971.99,2024-03-09,Sai Bansal
C03815,Aadhya,Iyer,Female,1970-03-24,Chandigarh,Chandigarh,Freelancer,Premium,720383.02,2024-08-28,Aadhya Iyer
C03816,Krishna,Mehta,Female,1985-01-06,Surat,Gujarat,Retired,SME,510799.72,2026-02-04,Krishna Mehta
C03817,Sneha,Verma,Female,1977-08-03,Pune,Maharashtra,Business Owner,Retail,638980.11,2018-08-04,Sneha Verma
C03818,Anaya,Mishra,Female,1980-12-08,Bengaluru,Karnataka,Salaried,SME,979316.77,2019-09-11,Anaya Mishra
C03819,Kiara,Bansal,Male,1985-10-25,Indore,Madhya Pradesh,Business Owner,Retail,437895.55,2020-11-17,Kiara Bansal
C03820,Sai,Kumar,Female,1981-07-05,Bhopal,Madhya Pradesh,Student,Retail,185211.2,2020-12-04,Sai Kumar
C03821,Vihaan,Jain,Female,1984-10-09,Pune,Maharashtra,Business Owner,Premium,1085855.78,2019-03-10,Vihaan Jain
C03822,Anika,Gupta,Female,1970-08-25,Bhopal,Madhya Pradesh,Salaried,Retail,657008.06,2022-02-20,Anika Gupta
C03823,Karan,Jain,Male,1961-02-19,Kochi,Kerala,Retired,Retail,661654.49,2019-11-29,Karan Jain
C03824,Aditya,Nair,Female,1991-12-18,Ahmedabad,Gujarat,Freelancer,Retail,190557.82,2019-07-17,Aditya Nair
C03825,Priya,Verma,Male,1976-03-24,Chandigarh,Chandigarh,Business Owner,Retail,499858.23,2019-05-23,Priya Verma
C03826,Riya,Kulkarni,Male,1988-11-17,Lucknow,Uttar Pradesh,Business Owner,Premium,711507.29,2019-08-09,Riya Kulkarni
C03827,Priya,Sharma,Female,1964-07-24,Hyderabad,Telangana,Student,Premium,801592.25,2025-05-25,Priya Sharma
C03828,Krishna,Mehta,Female,1965-08-21,Kochi,Kerala,Business Owner,Retail,411487.53,2024-06-20,Krishna Mehta
C03829,Kiara,Gupta,Male,1969-11-08,Indore,Madhya Pradesh,Business Owner,Premium,1039836.22,2020-10-27,Kiara Gupta
C03830,Aditya,Kulkarni,Female,1989-02-11,Mysuru,Karnataka,Salaried,Retail,724295.62,2025-12-19,Aditya Kulkarni
C03831,Ishaan,Desai,Female,1960-01-15,Kochi,Kerala,Student,SME,658730.93,2022-11-25,Ishaan Desai
C03832,Kiara,Jain,Male,1993-11-14,Mysuru,Karnataka,Freelancer,SME,608584.24,2019-01-14,Kiara Jain
C03833,Krishna,Joshi,Male,1970-03-18,Chandigarh,Chandigarh,Freelancer,Corporate,396000.0,2024-08-21,Krishna Joshi
C03834,Sara,Malhotra,Male,1967-06-06,Delhi,Delhi,Self Employed,Retail,273955.04,2022-09-28,Sara Malhotra
C03835,Rohan,Verma,Female,1977-12-02,Jaipur,Rajasthan,Retired,SME,746698.37,2024-07-20,Rohan Verma
C03836,Priya,Malhotra,Male,1978-12-15,Hyderabad,Telangana,Salaried,Premium,1495554.64,2019-12-24,Priya Malhotra
C03837,Pooja,Sharma,Male,1981-07-26,Gurugram,Haryana,Self Employed,Retail,465932.48,2022-01-05,Pooja Sharma
C03838,Neha,Verma,Female,2002-01-26,Indore,Madhya Pradesh,Freelancer,Retail,341280.68,2020-09-13,Neha Verma
C03839,Riya,Gupta,Female,1963-04-12,Jaipur,Rajasthan,Salaried,SME,1645028.11,2022-05-23,Riya Gupta
C03840,Nisha,Desai,Female,1984-02-14,Jaipur,Rajasthan,Freelancer,Premium,369135.11,2020-02-29,Nisha Desai
C03841,Sara,Joshi,Male,1963-03-25,Ahmedabad,Gujarat,Salaried,Retail,915024.52,2024-12-09,Sara Joshi
C03842,Karan,Sharma,Female,1971-06-28,Delhi,Delhi,Retired,Retail,180000.0,2021-01-03,Karan Sharma
C03843,Nisha,Malhotra,Female,1999-08-18,Mumbai,Maharashtra,Salaried,SME,592852.04,2024-01-04,Nisha Malhotra
C03844,Ishaan,Agarwal,Female,2000-05-04,Noida,Uttar Pradesh,Self Employed,Corporate,891560.36,2025-12-24,Ishaan Agarwal
C03845,Sneha,Iyer,Female,1974-01-25,Nagpur,Maharashtra,Salaried,Retail,406559.66,2025-12-13,Sneha Iyer
C03846,Krishna,Kapoor,Male,1998-12-28,Kochi,Kerala,Student,Wealth,1322689.8,2022-03-08,Krishna Kapoor
C03847,Rahul,Iyer,Male,1960-05-10,Chandigarh,Chandigarh,Salaried,Retail,493835.49,2020-12-12,Rahul Iyer
C03848,Myra,Bansal,Female,1960-03-16,Indore,Madhya Pradesh,Business Owner,Premium,868221.0,2019-04-11,Myra Bansal
C03849,Anaya,Jain,Female,1960-11-25,Noida,Uttar Pradesh,Business Owner,Retail,2203590.32,2023-05-30,Anaya Jain
C03850,Aarav,Chopra,Male,1994-09-25,Noida,Uttar Pradesh,Retired,Retail,297209.34,2019-11-06,Aarav Chopra
C03851,Diya,Singh,Female,1980-01-15,Bhopal,Madhya Pradesh,Salaried,Retail,357122.23,2021-08-02,Diya Singh
C03852,Sneha,Kulkarni,Female,1963-02-07,Kolkata,West Bengal,Freelancer,Retail,343313.09,2021-11-16,Sneha Kulkarni
C03853,Nisha,Agarwal,Female,1983-02-07,Mumbai,Maharashtra,Salaried,Wealth,1929956.67,2023-10-02,Nisha Agarwal
C03854,Sara,Reddy,Male,1982-12-03,Mumbai,Maharashtra,Business Owner,SME,1952612.72,2022-03-11,Sara Reddy
C03855,Amit,Singh,Female,1981-07-19,Bengaluru,Karnataka,Student,Premium,1196053.2,2025-11-07,Amit Singh
C03856,Ayaan,Agarwal,Female,1969-07-18,Chandigarh,Chandigarh,Retired,Premium,1361021.69,2020-04-11,Ayaan Agarwal
C03857,Aadhya,Verma,Female,1996-03-22,Pune,Maharashtra,Student,Retail,1017748.29,2020-03-24,Aadhya Verma
C03858,Priya,Nair,Male,1962-08-03,Surat,Gujarat,Self Employed,Retail,311178.38,2025-03-27,Priya Nair
C03859,Priya,Joshi,Female,1994-02-19,Coimbatore,Tamil Nadu,Business Owner,Retail,378447.71,2020-04-30,Priya Joshi
C03860,Anaya,Mishra,Female,1982-11-23,Surat,Gujarat,Business Owner,Retail,1994222.51,2022-09-20,Anaya Mishra
C03861,Ayaan,Gupta,Female,1967-06-02,Kochi,Kerala,Retired,Corporate,1836322.27,2024-03-05,Ayaan Gupta
C03862,Ira,Agarwal,Male,1990-07-25,Nagpur,Maharashtra,Salaried,Retail,323026.79,2025-06-02,Ira Agarwal
C03863,Krishna,Sharma,Male,1984-01-25,Nagpur,Maharashtra,Business Owner,Retail,595641.26,2020-10-01,Krishna Sharma
C03864,Kabir,Singh,Female,1987-07-14,Kochi,Kerala,Salaried,Retail,375527.06,2019-10-19,Kabir Singh
C03865,Kiara,Agarwal,Male,1980-08-24,Jaipur,Rajasthan,Business Owner,Retail,386863.72,2020-04-20,Kiara Agarwal
C03866,Priya,Verma,Female,1972-09-02,Indore,Madhya Pradesh,Salaried,SME,410690.27,2019-01-18,Priya Verma
C03867,Myra,Desai,Male,1997-09-06,Chandigarh,Chandigarh,Retired,Retail,442396.63,2025-10-07,Myra Desai
C03868,Kabir,Bansal,Male,1968-02-01,Ahmedabad,Gujarat,Student,Premium,2702229.21,2023-03-01,Kabir Bansal
C03869,Pari,Chopra,Male,2003-03-17,Bhopal,Madhya Pradesh,Salaried,Premium,392634.68,2022-03-30,Pari Chopra
C03870,Vivaan,Nair,Male,1992-11-17,Ahmedabad,Gujarat,Business Owner,Retail,934156.58,2019-12-05,Vivaan Nair
C03871,Amit,Patel,Female,2003-05-13,Kochi,Kerala,Retired,Retail,891352.9,2019-07-04,Amit Patel
C03872,Riya,Kulkarni,Male,2000-05-04,Gurugram,Haryana,Self Employed,Premium,963259.22,2019-05-21,Riya Kulkarni
C03873,Anika,Desai,Female,1995-01-17,Pune,Maharashtra,Business Owner,Retail,467750.83,2023-12-14,Anika Desai
C03874,Anika,Mehta,Male,1995-10-02,Jaipur,Rajasthan,Business Owner,SME,911632.83,2022-09-02,Anika Mehta
C03875,Vivaan,Kumar,Male,1994-07-23,Coimbatore,Tamil Nadu,Self Employed,Retail,572533.77,2018-10-15,Vivaan Kumar
C03876,Vivaan,Iyer,Female,2004-01-14,Bhopal,Madhya Pradesh,Freelancer,Premium,1187434.1,2025-09-01,Vivaan Iyer
C03877,Sai,Iyer,Male,1974-11-01,Chennai,Tamil Nadu,Student,Retail,624496.11,2019-03-14,Sai Iyer
C03878,Nisha,Patel,Female,1986-12-28,Delhi,Delhi,Business Owner,Retail,440363.16,2023-06-17,Nisha Patel
C03879,Ishaan,Kumar,Male,2000-02-08,Kochi,Kerala,Student,Premium,652305.33,2025-07-01,Ishaan Kumar
C03880,Vihaan,Jain,Male,1984-03-09,Coimbatore,Tamil Nadu,Student,Retail,330661.97,2020-07-14,Vihaan Jain
C03881,Ira,Nair,Male,1982-11-28,Pune,Maharashtra,Student,Premium,720713.65,2023-11-04,Ira Nair
C03882,Kiara,Chopra,Male,1985-05-01,Hyderabad,Telangana,Salaried,Corporate,730037.92,2024-09-23,Kiara Chopra
C03883,Arjun,Iyer,Female,2004-08-17,Chandigarh,Chandigarh,Freelancer,Premium,1302271.09,2021-05-16,Arjun Iyer
C03884,Sai,Kapoor,Male,1976-06-18,Delhi,Delhi,Student,Corporate,870068.54,2019-10-26,Sai Kapoor
C03885,Anaya,Reddy,Male,1986-08-20,Delhi,Delhi,Self Employed,Retail,414862.65,2023-10-18,Anaya Reddy
C03886,Ayaan,Mishra,Male,1988-12-08,Gurugram,Haryana,Self Employed,Premium,1118770.87,2024-01-07,Ayaan Mishra
C03887,Kabir,Agarwal,Female,1993-07-05,Chandigarh,Chandigarh,Self Employed,Retail,532597.04,2024-04-25,Kabir Agarwal
C03888,Kabir,Malhotra,Male,1987-02-02,Surat,Gujarat,Retired,Retail,367706.0,2021-07-02,Kabir Malhotra
C03889,Kiara,Singh,Female,1991-11-03,Noida,Uttar Pradesh,Self Employed,Premium,1679378.9,2025-01-11,Kiara Singh
C03890,Kiara,Bansal,Female,1960-11-13,Kolkata,West Bengal,Student,Retail,570702.04,2025-02-20,Kiara Bansal
C03891,Priya,Patel,Male,1997-07-03,Pune,Maharashtra,Salaried,Retail,819518.15,2024-09-12,Priya Patel
C03892,Anaya,Nair,Male,1987-07-12,Mysuru,Karnataka,Salaried,SME,704984.74,2018-08-12,Anaya Nair
C03893,Priya,Jain,Female,1990-09-28,Mysuru,Karnataka,Freelancer,Retail,336806.33,2025-09-30,Priya Jain
C03894,Rohan,Malhotra,Female,1960-11-11,Gurugram,Haryana,Freelancer,Retail,600787.69,2020-03-19,Rohan Malhotra
C03895,Amit,Chopra,Male,1991-04-06,Pune,Maharashtra,Salaried,Retail,927990.73,2023-01-07,Amit Chopra
C03896,Vihaan,Jain,Male,2000-09-22,Pune,Maharashtra,Self Employed,Premium,1026107.62,2025-07-03,Vihaan Jain
C03897,Sai,Singh,Female,1960-11-05,Hyderabad,Telangana,Student,Retail,906129.33,2020-11-19,Sai Singh
C03898,Karan,Bansal,Female,1979-10-21,Lucknow,Uttar Pradesh,Salaried,Retail,564985.96,2021-08-03,Karan Bansal
C03899,Kiara,Sharma,Male,1978-08-16,Noida,Uttar Pradesh,Retired,Premium,624476.05,2022-03-12,Kiara Sharma
C03900,Pooja,Jain,Female,1982-04-23,Nagpur,Maharashtra,Business Owner,SME,1441020.17,2024-09-21,Pooja Jain
C03901,Aditya,Desai,Female,1991-06-19,Kochi,Kerala,Self Employed,SME,415641.59,2023-12-09,Aditya Desai
C03902,Pooja,Mehta,Male,1974-01-26,Gurugram,Haryana,Freelancer,SME,252000.0,2020-10-05,Pooja Mehta
C03903,Ayaan,Mehta,Male,1998-08-15,Delhi,Delhi,Retired,Premium,337564.39,2025-11-16,Ayaan Mehta
C03904,Nisha,Verma,Female,1982-11-15,Chennai,Tamil Nadu,Student,Retail,872335.12,2023-02-05,Nisha Verma
C03905,Sneha,Agarwal,Male,1976-11-21,Delhi,Delhi,Freelancer,Corporate,894021.28,2021-04-26,Sneha Agarwal
C03906,Aditya,Sharma,Male,1996-01-14,Mysuru,Karnataka,Retired,Retail,1330804.86,2024-06-02,Aditya Sharma
C03907,Pari,Mehta,Male,1995-05-10,Jaipur,Rajasthan,Student,Wealth,1509057.0,2025-02-18,Pari Mehta
C03908,Riya,Jain,Male,1968-02-05,Hyderabad,Telangana,Self Employed,Retail,382404.82,2021-03-10,Riya Jain
C03909,Pari,Patel,Female,1997-02-01,Bhopal,Madhya Pradesh,Retired,Retail,329476.93,2020-12-05,Pari Patel
C03910,Arjun,Mehta,Female,1976-11-12,Lucknow,Uttar Pradesh,Self Employed,SME,527808.78,2020-12-22,Arjun Mehta
C03911,Aditya,Mehta,Female,1963-12-28,Hyderabad,Telangana,Retired,Retail,350709.25,2025-04-10,Aditya Mehta
C03912,Pooja,Jain,Male,1975-06-15,Chennai,Tamil Nadu,Freelancer,Retail,1071629.38,2026-03-02,Pooja Jain
C03913,Vihaan,Agarwal,Male,1969-09-06,Mysuru,Karnataka,Business Owner,Retail,335289.58,2020-11-14,Vihaan Agarwal
C03914,Myra,Verma,Female,1991-09-17,Hyderabad,Telangana,Salaried,Premium,1590843.33,2022-02-24,Myra Verma
C03915,Aadhya,Singh,Female,1988-01-20,Mumbai,Maharashtra,Freelancer,Retail,508846.98,2020-06-09,Aadhya Singh
C03916,Kiara,Iyer,Female,1988-07-06,Gurugram,Haryana,Self Employed,SME,967819.68,2018-01-14,Kiara Iyer
C03917,Riya,Mehta,Female,1998-09-02,Indore,Madhya Pradesh,Retired,Retail,435300.09,2023-10-20,Riya Mehta
C03918,Rahul,Joshi,Female,1991-11-11,Indore,Madhya Pradesh,Retired,Retail,513189.51,2019-03-22,Rahul Joshi
C03919,Ira,Desai,Female,1979-06-09,Bhopal,Madhya Pradesh,Freelancer,Retail,467509.86,2024-05-18,Ira Desai
C03920,Vihaan,Iyer,Female,1993-03-13,Delhi,Delhi,Self Employed,SME,252000.0,2023-05-27,Vihaan Iyer
C03921,Kabir,Iyer,Male,1988-09-27,Chennai,Tamil Nadu,Self Employed,Corporate,967346.75,2020-04-18,Kabir Iyer
C03922,Reyansh,Nair,Female,2001-08-19,Bengaluru,Karnataka,Business Owner,SME,252000.0,2022-04-18,Reyansh Nair
C03923,Vivaan,Singh,Male,1999-07-24,Bengaluru,Karnataka,Salaried,Retail,420008.23,2018-03-25,Vivaan Singh
C03924,Diya,Agarwal,Female,1970-08-17,Pune,Maharashtra,Salaried,Retail,865936.69,2018-01-21,Diya Agarwal
C03925,Neha,Sharma,Female,1967-11-05,Kolkata,West Bengal,Self Employed,SME,570857.21,2023-07-25,Neha Sharma
C03926,Rahul,Kumar,Female,1998-04-06,Ahmedabad,Gujarat,Business Owner,Corporate,905802.19,2025-07-29,Rahul Kumar
C03927,Reyansh,Patel,Male,1971-03-13,Ahmedabad,Gujarat,Freelancer,SME,850692.75,2021-11-26,Reyansh Patel
C03928,Rohan,Sharma,Female,2002-05-25,Gurugram,Haryana,Business Owner,Corporate,1015624.08,2023-01-02,Rohan Sharma
C03929,Riya,Reddy,Male,1972-12-04,Chandigarh,Chandigarh,Retired,Retail,535123.6,2025-12-03,Riya Reddy
C03930,Sai,Reddy,Male,1984-11-09,Nagpur,Maharashtra,Retired,Retail,894089.31,2021-02-12,Sai Reddy
C03931,Aditya,Desai,Female,1996-12-27,Mumbai,Maharashtra,Self Employed,Retail,396397.5,2025-06-19,Aditya Desai
C03932,Aditya,Gupta,Male,1993-06-01,Surat,Gujarat,Self Employed,Premium,1239455.65,2019-01-03,Aditya Gupta
C03933,Krishna,Reddy,Female,1987-08-05,Kochi,Kerala,Student,Wealth,1260159.99,2022-10-26,Krishna Reddy
C03934,Aarav,Patel,Female,1999-07-26,Bengaluru,Karnataka,Salaried,Retail,415875.92,2026-01-13,Aarav Patel
C03935,Aadhya,Nair,Female,1975-05-01,Hyderabad,Telangana,Business Owner,Corporate,1213971.95,2022-09-14,Aadhya Nair
C03936,Sara,Jain,Female,1983-12-15,Ahmedabad,Gujarat,Salaried,SME,1037122.93,2018-08-29,Sara Jain
C03937,Vivaan,Mishra,Female,1960-07-17,Coimbatore,Tamil Nadu,Student,Retail,586387.25,2025-11-18,Vivaan Mishra
C03938,Vihaan,Chopra,Female,1967-05-23,Gurugram,Haryana,Self Employed,Retail,204262.38,2023-03-11,Vihaan Chopra
C03939,Riya,Sharma,Female,1960-06-07,Lucknow,Uttar Pradesh,Freelancer,Corporate,1484729.18,2023-12-04,Riya Sharma
C03940,Kabir,Chopra,Male,2000-07-05,Bengaluru,Karnataka,Business Owner,Premium,324000.0,2018-08-19,Kabir Chopra
C03941,Kiara,Kulkarni,Male,1967-01-14,Indore,Madhya Pradesh,Business Owner,Retail,399317.28,2024-06-18,Kiara Kulkarni
C03942,Rohan,Jain,Female,1977-02-04,Pune,Maharashtra,Retired,Retail,1077555.62,2022-10-31,Rohan Jain
C03943,Karan,Mishra,Female,1966-10-19,Noida,Uttar Pradesh,Freelancer,Wealth,1218595.44,2018-07-19,Karan Mishra
C03944,Ayaan,Sharma,Female,1989-05-20,Kochi,Kerala,Retired,Retail,1829727.82,2023-10-19,Ayaan Sharma
C03945,Krishna,Joshi,Female,1990-08-28,Chennai,Tamil Nadu,Business Owner,Premium,809253.38,2024-12-21,Krishna Joshi
C03946,Krishna,Agarwal,Male,1993-12-13,Ahmedabad,Gujarat,Freelancer,Retail,408674.28,2020-08-17,Krishna Agarwal
C03947,Rahul,Iyer,Female,1962-10-23,Mumbai,Maharashtra,Salaried,Retail,734842.82,2019-04-19,Rahul Iyer
C03948,Rahul,Iyer,Female,1973-07-15,Noida,Uttar Pradesh,Student,SME,783166.78,2026-03-17,Rahul Iyer
C03949,Ishaan,Chopra,Female,1964-05-01,Bhopal,Madhya Pradesh,Retired,Retail,707110.13,2025-03-16,Ishaan Chopra
C03950,Rohan,Joshi,Male,2001-04-15,Mysuru,Karnataka,Business Owner,Retail,247658.49,2024-05-23,Rohan Joshi
C03951,Nisha,Mishra,Male,2000-04-16,Surat,Gujarat,Business Owner,Wealth,802760.25,2019-03-12,Nisha Mishra
C03952,Krishna,Kulkarni,Male,1964-12-08,Bhopal,Madhya Pradesh,Business Owner,Retail,478064.99,2022-11-06,Krishna Kulkarni
C03953,Aditya,Iyer,Male,1978-10-09,Chennai,Tamil Nadu,Retired,Retail,210805.19,2020-07-01,Aditya Iyer
C03954,Kiara,Malhotra,Male,1976-03-16,Chandigarh,Chandigarh,Salaried,Premium,1149418.22,2024-12-29,Kiara Malhotra
C03955,Nisha,Nair,Female,1987-11-02,Bhopal,Madhya Pradesh,Salaried,Premium,1519446.37,2022-10-23,Nisha Nair
C03956,Riya,Reddy,Male,1984-02-04,Surat,Gujarat,Salaried,Retail,426269.82,2022-08-04,Riya Reddy
C03957,Anika,Singh,Female,1963-09-01,Indore,Madhya Pradesh,Freelancer,Retail,1019297.34,2018-02-17,Anika Singh
C03958,Ishaan,Sharma,Male,1999-11-16,Hyderabad,Telangana,Self Employed,Retail,319642.52,2018-08-29,Ishaan Sharma
C03959,Myra,Desai,Female,1965-06-03,Noida,Uttar Pradesh,Self Employed,Corporate,1005021.18,2019-09-16,Myra Desai
C03960,Vihaan,Mishra,Female,1999-05-21,Chennai,Tamil Nadu,Retired,SME,499788.55,2021-11-19,Vihaan Mishra
C03961,Arjun,Chopra,Male,1973-03-12,Bhopal,Madhya Pradesh,Self Employed,Retail,476712.74,2020-12-10,Arjun Chopra
C03962,Vivaan,Malhotra,Female,1968-03-15,Chandigarh,Chandigarh,Retired,SME,586990.94,2021-06-07,Vivaan Malhotra
C03963,Diya,Reddy,Male,1987-09-06,Gurugram,Haryana,Freelancer,Retail,559136.58,2021-02-13,Diya Reddy
C03964,Anaya,Iyer,Female,1994-03-03,Hyderabad,Telangana,Student,Retail,510312.44,2024-10-01,Anaya Iyer
C03965,Amit,Desai,Female,1966-11-12,Hyderabad,Telangana,Self Employed,SME,252000.0,2019-10-06,Amit Desai
C03966,Vihaan,Kulkarni,Female,1990-06-01,Noida,Uttar Pradesh,Self Employed,Retail,260110.02,2021-08-02,Vihaan Kulkarni
C03967,Vihaan,Joshi,Female,2003-12-08,Delhi,Delhi,Freelancer,Retail,192792.01,2023-05-31,Vihaan Joshi
C03968,Neha,Iyer,Female,1987-06-14,Nagpur,Maharashtra,Freelancer,Retail,399725.34,2023-11-14,Neha Iyer
C03969,Rohan,Malhotra,Male,1979-09-06,Pune,Maharashtra,Retired,Premium,548227.42,2022-04-02,Rohan Malhotra
C03970,Priya,Kulkarni,Male,1983-12-12,Gurugram,Haryana,Student,Retail,769653.19,2019-10-07,Priya Kulkarni
C03971,Rohan,Singh,Female,1992-08-24,Kolkata,West Bengal,Self Employed,Retail,376624.42,2020-04-10,Rohan Singh
C03972,Priya,Singh,Female,1986-08-12,Bengaluru,Karnataka,Freelancer,SME,322114.42,2018-04-11,Priya Singh
C03973,Aadhya,Malhotra,Female,1979-02-27,Noida,Uttar Pradesh,Self Employed,SME,599248.23,2023-06-21,Aadhya Malhotra
C03974,Priya,Iyer,Male,1975-08-19,Bengaluru,Karnataka,Retired,Premium,754067.48,2020-01-25,Priya Iyer
C03975,Kabir,Mehta,Female,1997-09-24,Kochi,Kerala,Business Owner,Wealth,3437621.22,2023-01-30,Kabir Mehta
C03976,Anaya,Gupta,Male,1972-11-16,Kolkata,West Bengal,Freelancer,Corporate,566366.37,2021-09-04,Anaya Gupta
C03977,Rahul,Reddy,Female,1969-03-05,Ahmedabad,Gujarat,Self Employed,Retail,1435621.49,2024-08-05,Rahul Reddy
C03978,Anika,Chopra,Male,2003-12-13,Nagpur,Maharashtra,Freelancer,Retail,456075.46,2022-11-07,Anika Chopra
C03979,Aadhya,Agarwal,Male,1997-11-07,Nagpur,Maharashtra,Retired,Premium,625450.97,2026-01-29,Aadhya Agarwal
C03980,Pooja,Chopra,Male,1999-03-03,Delhi,Delhi,Business Owner,Retail,1116053.75,2025-10-13,Pooja Chopra
C03981,Vivaan,Mehta,Female,1991-09-12,Gurugram,Haryana,Freelancer,Premium,1087138.8,2020-02-20,Vivaan Mehta
C03982,Vivaan,Kapoor,Female,1983-07-20,Mumbai,Maharashtra,Retired,Retail,781973.64,2021-05-14,Vivaan Kapoor
C03983,Rohan,Sharma,Female,1968-04-11,Bengaluru,Karnataka,Salaried,Retail,474602.02,2023-11-22,Rohan Sharma
C03984,Reyansh,Chopra,Male,1965-01-15,Bengaluru,Karnataka,Self Employed,Retail,493625.75,2022-08-23,Reyansh Chopra
C03985,Krishna,Reddy,Male,1961-09-21,Bhopal,Madhya Pradesh,Student,Retail,494527.4,2019-07-05,Krishna Reddy
C03986,Sara,Bansal,Male,1972-03-14,Mysuru,Karnataka,Retired,SME,923305.6,2020-07-05,Sara Bansal
C03987,Ira,Nair,Male,1997-02-22,Bengaluru,Karnataka,Salaried,SME,338604.62,2024-08-18,Ira Nair
C03988,Krishna,Kumar,Male,1996-08-11,Indore,Madhya Pradesh,Retired,Wealth,878546.55,2019-05-13,Krishna Kumar
C03989,Sai,Mishra,Male,1962-02-26,Kochi,Kerala,Freelancer,Retail,611209.46,2025-10-07,Sai Mishra
C03990,Ishaan,Chopra,Male,1966-02-06,Lucknow,Uttar Pradesh,Self Employed,Wealth,856230.03,2018-08-23,Ishaan Chopra
C03991,Sneha,Sharma,Female,2003-04-04,Delhi,Delhi,Self Employed,Retail,437414.44,2025-11-20,Sneha Sharma
C03992,Aditya,Malhotra,Female,1968-08-28,Lucknow,Uttar Pradesh,Retired,Retail,463322.15,2019-11-15,Aditya Malhotra
C03993,Priya,Kulkarni,Male,1986-04-01,Mumbai,Maharashtra,Student,SME,356681.56,2019-01-02,Priya Kulkarni
C03994,Rahul,Kumar,Female,1996-02-01,Kochi,Kerala,Salaried,Premium,324000.0,2020-07-12,Rahul Kumar
C03995,Rohan,Kulkarni,Male,2000-03-05,Ahmedabad,Gujarat,Self Employed,Retail,516806.31,2018-05-03,Rohan Kulkarni
C03996,Priya,Mehta,Female,2001-09-28,Nagpur,Maharashtra,Salaried,Retail,372398.55,2023-03-22,Priya Mehta
C03997,Neha,Kapoor,Male,1969-08-06,Indore,Madhya Pradesh,Student,Retail,634601.5,2020-04-18,Neha Kapoor
C03998,Sai,Bansal,Male,1974-04-07,Kolkata,West Bengal,Business Owner,Retail,239810.09,2018-10-07,Sai Bansal
C03999,Nisha,Desai,Male,1979-10-09,Pune,Maharashtra,Freelancer,Retail,275122.51,2021-10-16,Nisha Desai
C04000,Vivaan,Kapoor,Male,1973-04-22,Mysuru,Karnataka,Business Owner,Retail,516764.64,2018-01-01,Vivaan Kapoor
C04001,Kiara,Bansal,Female,1979-02-21,Indore,Madhya Pradesh,Self Employed,SME,408926.38,2020-08-26,Kiara Bansal
C04002,Diya,Jain,Female,1963-04-26,Nagpur,Maharashtra,Self Employed,Retail,606038.48,2020-06-25,Diya Jain
C04003,Aadhya,Singh,Female,1966-10-11,Chandigarh,Chandigarh,Student,SME,921514.62,2022-01-16,Aadhya Singh
C04004,Aadhya,Desai,Male,1965-12-10,Pune,Maharashtra,Salaried,Retail,335063.71,2020-07-11,Aadhya Desai
C04005,Pooja,Nair,Female,1976-11-12,Nagpur,Maharashtra,Freelancer,SME,389592.8,2021-03-23,Pooja Nair
C04006,Arjun,Joshi,Male,1963-02-17,Gurugram,Haryana,Salaried,Retail,622554.33,2019-01-24,Arjun Joshi
C04007,Vihaan,Jain,Female,1982-02-20,Ahmedabad,Gujarat,Salaried,Retail,1920058.86,2023-02-13,Vihaan Jain
C04008,Sara,Desai,Male,1967-12-19,Coimbatore,Tamil Nadu,Business Owner,SME,252000.0,2022-07-02,Sara Desai
C04009,Reyansh,Mishra,Female,1985-11-06,Mysuru,Karnataka,Business Owner,Premium,941737.39,2022-10-07,Reyansh Mishra
C04010,Aarav,Singh,Male,2000-09-27,Kochi,Kerala,Business Owner,Corporate,953045.96,2024-03-26,Aarav Singh
C04011,Ishaan,Jain,Female,1965-01-27,Indore,Madhya Pradesh,Business Owner,Retail,662767.09,2018-12-29,Ishaan Jain
C04012,Rohan,Kapoor,Female,1978-03-24,Hyderabad,Telangana,Business Owner,Wealth,2518543.68,2021-10-12,Rohan Kapoor
C04013,Kiara,Kapoor,Female,1964-05-12,Noida,Uttar Pradesh,Business Owner,Premium,2597199.08,2023-04-12,Kiara Kapoor
C04014,Krishna,Joshi,Female,1980-07-09,Noida,Uttar Pradesh,Freelancer,Retail,418401.58,2019-01-16,Krishna Joshi
C04015,Kabir,Agarwal,Male,1999-01-19,Pune,Maharashtra,Business Owner,Retail,275169.29,2025-12-17,Kabir Agarwal
C04016,Myra,Nair,Male,2002-05-15,Surat,Gujarat,Student,Retail,763072.46,2018-08-31,Myra Nair
C04017,Reyansh,Patel,Male,1960-03-06,Surat,Gujarat,Business Owner,Retail,180000.0,2019-01-18,Reyansh Patel
C04018,Karan,Patel,Female,1986-03-06,Jaipur,Rajasthan,Business Owner,Retail,796726.4,2020-12-25,Karan Patel
C04019,Amit,Malhotra,Female,1966-07-08,Pune,Maharashtra,Retired,Wealth,1262764.71,2019-11-06,Amit Malhotra
C04020,Nisha,Gupta,Male,1967-08-07,Kochi,Kerala,Retired,Premium,1451959.29,2019-11-02,Nisha Gupta
C04021,Sneha,Verma,Female,1987-11-22,Nagpur,Maharashtra,Business Owner,Wealth,1237723.56,2022-05-02,Sneha Verma
C04022,Sai,Iyer,Male,1986-08-13,Hyderabad,Telangana,Retired,Retail,479518.46,2020-12-07,Sai Iyer
C04023,Rahul,Kapoor,Male,1963-12-22,Kolkata,West Bengal,Business Owner,Retail,181459.57,2023-04-04,Rahul Kapoor
C04024,Diya,Iyer,Male,1997-10-06,Mumbai,Maharashtra,Business Owner,Retail,290919.03,2020-09-03,Diya Iyer
C04025,Karan,Malhotra,Female,2003-03-11,Bhopal,Madhya Pradesh,Business Owner,Premium,508091.53,2024-04-30,Karan Malhotra
C04026,Amit,Desai,Male,1994-02-28,Mysuru,Karnataka,Retired,SME,1111095.58,2020-04-20,Amit Desai
C04027,Aarav,Malhotra,Male,1962-06-07,Chandigarh,Chandigarh,Salaried,Retail,408031.92,2020-07-18,Aarav Malhotra
C04028,Sneha,Chopra,Male,1993-05-01,Kochi,Kerala,Freelancer,Retail,390674.02,2025-09-21,Sneha Chopra
C04029,Nisha,Gupta,Female,1997-11-04,Bengaluru,Karnataka,Salaried,Corporate,396000.0,2024-10-01,Nisha Gupta
C04030,Priya,Bansal,Male,1991-05-25,Kolkata,West Bengal,Business Owner,Retail,781943.71,2020-10-09,Priya Bansal
C04031,Amit,Iyer,Female,1989-07-16,Bhopal,Madhya Pradesh,Student,Retail,529409.78,2023-07-22,Amit Iyer
C04032,Sai,Bansal,Male,1998-06-20,Surat,Gujarat,Self Employed,SME,811254.72,2026-01-11,Sai Bansal
C04033,Rohan,Mishra,Male,1973-03-09,Indore,Madhya Pradesh,Retired,SME,612715.0,2025-06-24,Rohan Mishra
C04034,Rohan,Mehta,Female,1980-07-13,Pune,Maharashtra,Self Employed,Corporate,1677928.12,2018-03-28,Rohan Mehta
C04035,Ira,Kulkarni,Female,1985-09-21,Jaipur,Rajasthan,Freelancer,SME,283767.58,2024-02-20,Ira Kulkarni
C04036,Sara,Sharma,Male,2001-11-24,Bengaluru,Karnataka,Freelancer,Retail,590057.37,2021-01-02,Sara Sharma
C04037,Myra,Mehta,Male,1975-07-24,Gurugram,Haryana,Salaried,Retail,220566.81,2020-06-11,Myra Mehta
C04038,Kiara,Malhotra,Male,1993-05-07,Bengaluru,Karnataka,Student,Retail,433752.45,2019-05-25,Kiara Malhotra
C04039,Anika,Jain,Male,1966-12-10,Bengaluru,Karnataka,Freelancer,Retail,412754.29,2021-11-09,Anika Jain
C04040,Nisha,Joshi,Male,1967-05-27,Chennai,Tamil Nadu,Freelancer,Wealth,1186642.14,2019-02-05,Nisha Joshi
C04041,Kabir,Sharma,Male,1992-09-11,Ahmedabad,Gujarat,Retired,Premium,708270.62,2025-04-04,Kabir Sharma
C04042,Rohan,Desai,Female,1998-05-08,Bhopal,Madhya Pradesh,Retired,Retail,240079.99,2019-03-03,Rohan Desai
C04043,Aditya,Agarwal,Male,1983-07-01,Ahmedabad,Gujarat,Freelancer,Retail,643647.59,2019-06-16,Aditya Agarwal
C04044,Kiara,Patel,Female,1978-07-26,Chennai,Tamil Nadu,Self Employed,Premium,1013367.2,2020-12-10,Kiara Patel
C04045,Neha,Patel,Male,1962-09-15,Ahmedabad,Gujarat,Self Employed,Retail,180000.0,2023-01-24,Neha Patel
C04046,Aarav,Agarwal,Male,1969-10-24,Delhi,Delhi,Business Owner,Retail,286940.92,2024-05-14,Aarav Agarwal
C04047,Pooja,Jain,Male,2001-02-13,Mysuru,Karnataka,Retired,Retail,363288.09,2025-09-29,Pooja Jain
C04048,Arjun,Kumar,Female,1995-02-07,Surat,Gujarat,Freelancer,SME,1331604.88,2024-04-06,Arjun Kumar
C04049,Diya,Agarwal,Male,1995-02-12,Mysuru,Karnataka,Salaried,Retail,229475.43,2019-12-18,Diya Agarwal
C04050,Ira,Nair,Male,1972-07-16,Bengaluru,Karnataka,Freelancer,Retail,253745.2,2023-04-24,Ira Nair
C04051,Aarav,Jain,Male,1989-07-01,Bhopal,Madhya Pradesh,Student,Retail,435326.14,2025-10-01,Aarav Jain
C04052,Aditya,Bansal,Female,1993-09-03,Hyderabad,Telangana,Retired,Retail,564965.07,2018-11-02,Aditya Bansal
C04053,Kabir,Malhotra,Female,1993-09-22,Gurugram,Haryana,Freelancer,Retail,505243.66,2024-05-12,Kabir Malhotra
C04054,Kabir,Agarwal,Male,1963-09-05,Lucknow,Uttar Pradesh,Business Owner,Wealth,4859655.09,2022-10-10,Kabir Agarwal
C04055,Ira,Singh,Male,1982-04-19,Nagpur,Maharashtra,Self Employed,Retail,754974.37,2018-06-25,Ira Singh
C04056,Aditya,Iyer,Female,1970-11-10,Jaipur,Rajasthan,Freelancer,SME,347953.09,2019-10-15,Aditya Iyer
C04057,Aditya,Reddy,Male,1963-12-13,Lucknow,Uttar Pradesh,Self Employed,Retail,293892.9,2024-04-18,Aditya Reddy
C04058,Amit,Bansal,Male,1976-05-15,Mumbai,Maharashtra,Business Owner,Retail,180000.0,2024-02-25,Amit Bansal
C04059,Kabir,Malhotra,Female,1979-09-11,Jaipur,Rajasthan,Freelancer,Retail,271211.32,2018-10-15,Kabir Malhotra
C04060,Riya,Iyer,Male,1974-03-26,Indore,Madhya Pradesh,Freelancer,Retail,318839.84,2020-09-10,Riya Iyer
C04061,Ishaan,Patel,Female,1995-10-28,Surat,Gujarat,Retired,Premium,587367.38,2024-02-26,Ishaan Patel
C04062,Sara,Desai,Female,2001-04-14,Hyderabad,Telangana,Salaried,Retail,810799.07,2023-09-09,Sara Desai
C04063,Ira,Desai,Male,1982-04-11,Hyderabad,Telangana,Freelancer,Retail,427482.07,2024-11-01,Ira Desai
C04064,Sneha,Agarwal,Male,1981-09-08,Hyderabad,Telangana,Student,Retail,491741.57,2021-04-09,Sneha Agarwal
C04065,Sara,Verma,Male,1994-10-06,Chennai,Tamil Nadu,Salaried,Retail,180000.0,2023-05-18,Sara Verma
C04066,Aditya,Chopra,Male,1971-10-11,Bhopal,Madhya Pradesh,Freelancer,Corporate,1168202.18,2018-01-14,Aditya Chopra
C04067,Ayaan,Agarwal,Male,1988-12-14,Lucknow,Uttar Pradesh,Business Owner,Retail,281956.54,2020-05-26,Ayaan Agarwal
C04068,Aarav,Agarwal,Female,1976-02-21,Indore,Madhya Pradesh,Business Owner,Retail,796558.36,2021-07-30,Aarav Agarwal
C04069,Priya,Jain,Male,1960-09-14,Mysuru,Karnataka,Retired,Corporate,396000.0,2020-04-26,Priya Jain
C04070,Diya,Kapoor,Female,1975-03-20,Bengaluru,Karnataka,Self Employed,Retail,244057.75,2022-01-10,Diya Kapoor
C04071,Ira,Chopra,Male,1964-07-12,Pune,Maharashtra,Freelancer,Retail,347068.06,2019-09-01,Ira Chopra
C04072,Aarav,Iyer,Female,1964-01-22,Kochi,Kerala,Salaried,SME,608815.87,2021-10-13,Aarav Iyer
C04073,Aarav,Sharma,Female,1990-04-17,Coimbatore,Tamil Nadu,Student,Premium,341231.45,2019-04-22,Aarav Sharma
C04074,Aadhya,Sharma,Male,2003-02-22,Surat,Gujarat,Business Owner,Retail,999743.64,2021-04-10,Aadhya Sharma
C04075,Nisha,Chopra,Female,1984-10-15,Kolkata,West Bengal,Business Owner,Premium,324000.0,2023-02-20,Nisha Chopra
C04076,Amit,Kumar,Female,1983-05-13,Coimbatore,Tamil Nadu,Salaried,Corporate,850715.07,2022-03-07,Amit Kumar
C04077,Pari,Bansal,Female,1975-09-18,Noida,Uttar Pradesh,Student,Retail,604441.52,2026-02-21,Pari Bansal
C04078,Ira,Kulkarni,Female,1994-12-26,Pune,Maharashtra,Retired,SME,1219790.19,2024-03-27,Ira Kulkarni
C04079,Krishna,Iyer,Male,1978-02-10,Pune,Maharashtra,Self Employed,Premium,1904704.94,2022-05-18,Krishna Iyer
C04080,Reyansh,Sharma,Female,1996-04-28,Mysuru,Karnataka,Business Owner,Retail,1753811.46,2020-06-01,Reyansh Sharma
C04081,Anaya,Iyer,Female,2003-03-03,Bengaluru,Karnataka,Retired,Corporate,396000.0,2024-11-06,Anaya Iyer
C04082,Priya,Malhotra,Female,1961-01-16,Chandigarh,Chandigarh,Self Employed,Retail,288525.75,2020-10-19,Priya Malhotra
C04083,Reyansh,Kulkarni,Male,1984-11-07,Pune,Maharashtra,Freelancer,SME,252000.0,2025-08-21,Reyansh Kulkarni
C04084,Aadhya,Jain,Female,1966-01-10,Kolkata,West Bengal,Retired,Retail,371346.89,2025-05-12,Aadhya Jain
C04085,Myra,Patel,Female,1968-12-05,Noida,Uttar Pradesh,Student,Retail,531751.83,2021-07-08,Myra Patel
C04086,Karan,Kumar,Female,1988-10-04,Coimbatore,Tamil Nadu,Business Owner,SME,385848.68,2020-04-13,Karan Kumar
C04087,Vihaan,Mehta,Female,1993-03-13,Kochi,Kerala,Student,SME,551009.28,2023-06-18,Vihaan Mehta
C04088,Riya,Sharma,Female,1994-09-14,Hyderabad,Telangana,Retired,SME,784357.15,2022-10-03,Riya Sharma
C04089,Vivaan,Mishra,Female,1996-02-10,Lucknow,Uttar Pradesh,Retired,Retail,578844.29,2018-08-05,Vivaan Mishra
C04090,Diya,Nair,Female,1978-05-15,Chennai,Tamil Nadu,Business Owner,Retail,411539.31,2026-02-23,Diya Nair
C04091,Rahul,Kumar,Female,1990-09-14,Delhi,Delhi,Business Owner,Retail,502934.33,2018-08-13,Rahul Kumar
C04092,Aadhya,Sharma,Male,1980-02-28,Jaipur,Rajasthan,Student,Premium,3677768.77,2024-02-15,Aadhya Sharma
C04093,Neha,Gupta,Male,1995-01-08,Gurugram,Haryana,Retired,Retail,467186.91,2025-04-25,Neha Gupta
C04094,Aarav,Gupta,Male,1994-08-16,Kolkata,West Bengal,Retired,Retail,886512.0,2025-05-02,Aarav Gupta
C04095,Sara,Nair,Female,1973-10-21,Chandigarh,Chandigarh,Self Employed,Retail,393533.56,2019-01-12,Sara Nair
C04096,Pooja,Agarwal,Female,1990-02-17,Indore,Madhya Pradesh,Salaried,Retail,318476.81,2022-07-12,Pooja Agarwal
C04097,Reyansh,Singh,Female,1974-09-13,Lucknow,Uttar Pradesh,Self Employed,Retail,461614.43,2021-05-26,Reyansh Singh
C04098,Sneha,Reddy,Female,1993-07-10,Chandigarh,Chandigarh,Student,Retail,300623.08,2018-05-05,Sneha Reddy
C04099,Krishna,Kapoor,Female,1974-07-10,Coimbatore,Tamil Nadu,Business Owner,Retail,783719.79,2019-02-27,Krishna Kapoor
C04100,Vivaan,Patel,Male,1966-11-15,Delhi,Delhi,Retired,Retail,180000.0,2024-11-27,Vivaan Patel
C04101,Diya,Mehta,Female,1976-09-06,Lucknow,Uttar Pradesh,Business Owner,Retail,711498.01,2018-04-17,Diya Mehta
C04102,Vivaan,Patel,Male,2000-06-13,Chennai,Tamil Nadu,Self Employed,Retail,585224.94,2020-02-10,Vivaan Patel
C04103,Myra,Iyer,Female,1980-03-26,Bengaluru,Karnataka,Freelancer,Retail,263495.49,2019-08-19,Myra Iyer
C04104,Pooja,Kapoor,Male,1987-09-14,Jaipur,Rajasthan,Self Employed,Wealth,1201360.92,2020-07-15,Pooja Kapoor
C04105,Anaya,Kulkarni,Female,1981-07-27,Lucknow,Uttar Pradesh,Student,Premium,850032.27,2018-12-10,Anaya Kulkarni
C04106,Aditya,Sharma,Male,2002-03-19,Surat,Gujarat,Salaried,SME,301434.14,2023-12-30,Aditya Sharma
C04107,Diya,Singh,Male,1964-11-21,Chennai,Tamil Nadu,Business Owner,SME,961112.73,2025-02-12,Diya Singh
C04108,Rohan,Verma,Male,1983-12-12,Surat,Gujarat,Retired,Retail,578349.93,2021-02-22,Rohan Verma
C04109,Priya,Mishra,Male,1989-11-06,Surat,Gujarat,Freelancer,Retail,363554.48,2023-09-21,Priya Mishra
C04110,Nisha,Reddy,Male,1967-05-22,Chandigarh,Chandigarh,Business Owner,Retail,362639.45,2025-01-22,Nisha Reddy
C04111,Sara,Agarwal,Male,1968-09-22,Surat,Gujarat,Self Employed,SME,1402195.73,2023-09-07,Sara Agarwal
C04112,Vivaan,Kulkarni,Female,1989-06-28,Chennai,Tamil Nadu,Retired,Retail,599350.03,2018-12-28,Vivaan Kulkarni
C04113,Rohan,Reddy,Male,1980-01-12,Bhopal,Madhya Pradesh,Business Owner,Premium,2337222.64,2025-07-13,Rohan Reddy
C04114,Aarav,Bansal,Male,1977-07-23,Coimbatore,Tamil Nadu,Salaried,Retail,247328.5,2024-12-31,Aarav Bansal
C04115,Aarav,Mehta,Male,1997-08-07,Kolkata,West Bengal,Business Owner,Premium,519712.09,2024-01-01,Aarav Mehta
C04116,Nisha,Singh,Male,1984-05-08,Hyderabad,Telangana,Freelancer,Wealth,1497553.89,2021-08-05,Nisha Singh
C04117,Diya,Verma,Female,2003-01-02,Hyderabad,Telangana,Retired,Premium,1041843.8,2023-07-27,Diya Verma
C04118,Amit,Joshi,Male,1960-06-22,Lucknow,Uttar Pradesh,Freelancer,Retail,862634.51,2024-12-25,Amit Joshi
C04119,Diya,Desai,Female,1984-03-01,Gurugram,Haryana,Self Employed,SME,1299059.61,2023-08-31,Diya Desai
C04120,Sneha,Mehta,Male,1998-08-12,Chennai,Tamil Nadu,Retired,Retail,467923.81,2024-07-05,Sneha Mehta
C04121,Myra,Malhotra,Female,1973-02-01,Chennai,Tamil Nadu,Retired,Premium,801689.65,2020-02-05,Myra Malhotra
C04122,Rahul,Agarwal,Male,1960-11-28,Bhopal,Madhya Pradesh,Retired,Premium,749240.5,2022-12-31,Rahul Agarwal
C04123,Rahul,Desai,Female,1972-01-22,Bhopal,Madhya Pradesh,Student,SME,706233.56,2025-02-14,Rahul Desai
C04124,Pooja,Chopra,Female,1988-05-11,Mumbai,Maharashtra,Salaried,SME,385184.55,2020-05-06,Pooja Chopra
C04125,Myra,Iyer,Male,1988-02-18,Gurugram,Haryana,Retired,SME,626297.91,2024-03-11,Myra Iyer
C04126,Arjun,Verma,Female,2002-03-02,Pune,Maharashtra,Student,Retail,1304018.82,2024-07-25,Arjun Verma
C04127,Karan,Malhotra,Female,1989-05-07,Pune,Maharashtra,Student,Premium,1635338.59,2023-07-21,Karan Malhotra
C04128,Nisha,Reddy,Male,1999-03-02,Noida,Uttar Pradesh,Freelancer,Retail,521059.12,2023-05-11,Nisha Reddy
C04129,Pooja,Sharma,Male,2000-02-19,Lucknow,Uttar Pradesh,Salaried,Retail,1343830.05,2020-01-11,Pooja Sharma
C04130,Sneha,Reddy,Male,1972-07-16,Pune,Maharashtra,Student,SME,317818.44,2018-12-05,Sneha Reddy
C04131,Sai,Kulkarni,Female,1986-11-14,Ahmedabad,Gujarat,Student,Retail,559666.42,2022-02-10,Sai Kulkarni
C04132,Nisha,Joshi,Male,2004-12-01,Delhi,Delhi,Freelancer,Retail,180000.0,2018-01-22,Nisha Joshi
C04133,Sai,Kapoor,Male,1984-02-21,Bengaluru,Karnataka,Salaried,SME,463804.74,2023-07-10,Sai Kapoor
C04134,Vivaan,Malhotra,Female,1964-12-13,Chennai,Tamil Nadu,Salaried,SME,813265.15,2021-04-30,Vivaan Malhotra
C04135,Priya,Nair,Female,1995-11-08,Delhi,Delhi,Freelancer,Retail,437531.02,2020-10-29,Priya Nair
C04136,Sara,Kulkarni,Male,1990-02-02,Hyderabad,Telangana,Salaried,Retail,391877.2,2020-11-13,Sara Kulkarni
C04137,Ira,Reddy,Female,1994-02-02,Mysuru,Karnataka,Retired,Retail,195580.92,2023-12-24,Ira Reddy
C04138,Krishna,Kulkarni,Female,1966-11-04,Pune,Maharashtra,Freelancer,Retail,1146987.51,2021-09-17,Krishna Kulkarni
C04139,Ayaan,Mehta,Female,2000-06-15,Kochi,Kerala,Freelancer,Corporate,927381.22,2023-03-04,Ayaan Mehta
C04140,Riya,Patel,Male,2000-10-25,Coimbatore,Tamil Nadu,Retired,Premium,529924.39,2024-12-06,Riya Patel
C04141,Anika,Chopra,Female,1997-11-07,Chandigarh,Chandigarh,Self Employed,Corporate,2358466.07,2020-06-08,Anika Chopra
C04142,Reyansh,Sharma,Female,1994-01-10,Pune,Maharashtra,Retired,Retail,306532.85,2024-02-09,Reyansh Sharma
C04143,Amit,Kulkarni,Female,1961-08-28,Gurugram,Haryana,Business Owner,Retail,211012.17,2020-12-08,Amit Kulkarni
C04144,Sneha,Patel,Female,1982-04-26,Jaipur,Rajasthan,Self Employed,Premium,1396139.6,2023-12-07,Sneha Patel
C04145,Rahul,Desai,Male,1981-02-04,Delhi,Delhi,Salaried,Retail,505913.4,2023-04-29,Rahul Desai
C04146,Rahul,Sharma,Female,1984-04-22,Gurugram,Haryana,Freelancer,Retail,1069977.71,2018-11-20,Rahul Sharma
C04147,Vivaan,Chopra,Female,1970-06-17,Mysuru,Karnataka,Freelancer,Retail,180000.0,2023-03-18,Vivaan Chopra
C04148,Vihaan,Sharma,Male,1968-02-04,Indore,Madhya Pradesh,Freelancer,Retail,237319.36,2023-02-03,Vihaan Sharma
C04149,Myra,Gupta,Male,1987-04-12,Surat,Gujarat,Salaried,Retail,405199.16,2023-01-26,Myra Gupta
C04150,Pooja,Nair,Male,1985-09-14,Mumbai,Maharashtra,Business Owner,Retail,396881.01,2023-04-21,Pooja Nair
C04151,Kabir,Kulkarni,Female,1982-10-27,Lucknow,Uttar Pradesh,Self Employed,Retail,474472.58,2021-11-05,Kabir Kulkarni
C04152,Kabir,Jain,Female,1980-08-15,Gurugram,Haryana,Self Employed,SME,770925.04,2025-08-19,Kabir Jain
C04153,Sai,Mehta,Female,1983-02-13,Nagpur,Maharashtra,Freelancer,Premium,692986.73,2018-05-04,Sai Mehta
C04154,Vivaan,Kulkarni,Male,1976-11-24,Mysuru,Karnataka,Business Owner,Retail,645323.93,2025-03-23,Vivaan Kulkarni
C04155,Ayaan,Verma,Female,1999-10-13,Mysuru,Karnataka,Student,Premium,933754.82,2023-07-06,Ayaan Verma
C04156,Kabir,Mishra,Female,1981-12-19,Delhi,Delhi,Freelancer,Retail,596290.84,2025-09-05,Kabir Mishra
C04157,Rohan,Kapoor,Male,1974-09-25,Lucknow,Uttar Pradesh,Student,Retail,180000.0,2020-01-29,Rohan Kapoor
C04158,Rohan,Joshi,Male,1992-02-11,Kochi,Kerala,Retired,Premium,1140256.85,2024-01-01,Rohan Joshi
C04159,Rahul,Kapoor,Male,1982-02-21,Pune,Maharashtra,Student,Retail,334547.17,2020-10-19,Rahul Kapoor
C04160,Riya,Mehta,Female,1987-09-02,Coimbatore,Tamil Nadu,Student,Premium,1798677.27,2019-08-17,Riya Mehta
C04161,Sneha,Malhotra,Female,2004-05-04,Chennai,Tamil Nadu,Freelancer,Premium,765155.47,2021-04-03,Sneha Malhotra
C04162,Reyansh,Singh,Female,1961-10-14,Lucknow,Uttar Pradesh,Retired,Retail,276065.29,2020-08-25,Reyansh Singh
C04163,Pari,Verma,Female,1993-08-01,Chennai,Tamil Nadu,Business Owner,Premium,1151745.68,2020-12-20,Pari Verma
C04164,Priya,Kumar,Female,1969-07-05,Bhopal,Madhya Pradesh,Retired,Retail,724261.77,2019-01-29,Priya Kumar
C04165,Krishna,Gupta,Female,2002-09-15,Delhi,Delhi,Freelancer,Retail,390264.63,2020-10-30,Krishna Gupta
C04166,Aadhya,Mishra,Female,1989-07-11,Hyderabad,Telangana,Retired,Premium,1163244.47,2021-09-18,Aadhya Mishra
C04167,Ayaan,Desai,Male,1986-10-06,Mysuru,Karnataka,Freelancer,Retail,352748.09,2024-03-16,Ayaan Desai
C04168,Aarav,Sharma,Female,1980-05-21,Chennai,Tamil Nadu,Student,Retail,1473762.96,2020-11-30,Aarav Sharma
C04169,Ishaan,Gupta,Male,1993-01-16,Coimbatore,Tamil Nadu,Retired,Retail,318837.9,2025-06-22,Ishaan Gupta
C04170,Reyansh,Desai,Female,1967-03-15,Lucknow,Uttar Pradesh,Retired,Retail,434037.0,2019-12-24,Reyansh Desai
C04171,Aarav,Joshi,Female,1976-06-05,Delhi,Delhi,Self Employed,Retail,468156.88,2021-06-20,Aarav Joshi
C04172,Krishna,Gupta,Male,1991-07-23,Mysuru,Karnataka,Freelancer,SME,507516.06,2024-06-28,Krishna Gupta
C04173,Nisha,Patel,Male,1962-11-04,Mysuru,Karnataka,Retired,Retail,534689.19,2023-09-06,Nisha Patel
C04174,Sara,Patel,Male,1980-09-09,Lucknow,Uttar Pradesh,Student,Retail,534958.74,2023-06-30,Sara Patel
C04175,Riya,Sharma,Male,1980-07-21,Mysuru,Karnataka,Freelancer,Retail,182409.23,2023-01-21,Riya Sharma
C04176,Sai,Kumar,Male,1977-08-19,Chennai,Tamil Nadu,Student,SME,1126503.35,2020-12-06,Sai Kumar
C04177,Arjun,Kapoor,Male,1998-10-25,Mysuru,Karnataka,Student,Retail,476769.87,2022-09-20,Arjun Kapoor
C04178,Arjun,Agarwal,Male,1980-03-27,Hyderabad,Telangana,Self Employed,Retail,323823.14,2020-09-01,Arjun Agarwal
C04179,Anika,Sharma,Male,1984-06-14,Kochi,Kerala,Retired,Retail,479680.03,2024-03-09,Anika Sharma
C04180,Aadhya,Agarwal,Female,1960-01-23,Bhopal,Madhya Pradesh,Freelancer,Retail,421262.74,2019-10-19,Aadhya Agarwal
C04181,Sai,Joshi,Female,1963-04-01,Delhi,Delhi,Student,Retail,479661.17,2025-04-06,Sai Joshi
C04182,Anika,Verma,Female,1970-02-12,Ahmedabad,Gujarat,Salaried,Retail,180000.0,2025-08-13,Anika Verma
C04183,Karan,Singh,Female,1989-12-05,Delhi,Delhi,Self Employed,Premium,1435330.58,2021-09-22,Karan Singh
C04184,Pari,Malhotra,Female,1975-05-19,Kochi,Kerala,Freelancer,Retail,694329.41,2025-05-06,Pari Malhotra
C04185,Ayaan,Desai,Female,1999-06-12,Hyderabad,Telangana,Retired,Premium,1113752.72,2023-08-28,Ayaan Desai
C04186,Kabir,Agarwal,Male,1989-03-17,Kolkata,West Bengal,Student,Premium,416131.4,2018-12-01,Kabir Agarwal
C04187,Aarav,Singh,Female,1961-06-11,Chandigarh,Chandigarh,Salaried,Wealth,1440576.75,2021-01-18,Aarav Singh
C04188,Rahul,Mishra,Female,1998-11-25,Nagpur,Maharashtra,Salaried,Retail,1029298.59,2022-10-22,Rahul Mishra
C04189,Riya,Agarwal,Male,1996-06-21,Jaipur,Rajasthan,Business Owner,Premium,950088.96,2021-09-06,Riya Agarwal
C04190,Krishna,Iyer,Female,1994-02-26,Hyderabad,Telangana,Retired,Retail,429269.8,2023-06-05,Krishna Iyer
C04191,Sai,Malhotra,Female,1997-05-02,Hyderabad,Telangana,Business Owner,SME,675819.94,2024-01-22,Sai Malhotra
C04192,Rohan,Sharma,Female,1991-11-06,Mumbai,Maharashtra,Student,Wealth,2672216.61,2018-03-26,Rohan Sharma
C04193,Rohan,Singh,Male,1996-08-10,Bengaluru,Karnataka,Business Owner,SME,1438257.11,2021-11-09,Rohan Singh
C04194,Rahul,Mishra,Male,2000-07-17,Kolkata,West Bengal,Salaried,Retail,563517.73,2019-03-02,Rahul Mishra
C04195,Arjun,Reddy,Male,2004-11-18,Coimbatore,Tamil Nadu,Business Owner,Retail,677960.04,2024-12-17,Arjun Reddy
C04196,Pari,Verma,Female,1990-11-02,Chennai,Tamil Nadu,Freelancer,Retail,874538.81,2023-01-11,Pari Verma
C04197,Sara,Kumar,Female,1979-12-09,Delhi,Delhi,Retired,Corporate,1691973.34,2023-05-17,Sara Kumar
C04198,Myra,Singh,Male,1978-08-13,Indore,Madhya Pradesh,Retired,Retail,553007.46,2019-01-23,Myra Singh
C04199,Ishaan,Patel,Male,1962-12-23,Pune,Maharashtra,Business Owner,SME,320971.63,2019-07-06,Ishaan Patel
C04200,Sara,Desai,Female,2003-03-06,Pune,Maharashtra,Self Employed,Retail,180000.0,2020-05-29,Sara Desai
C04201,Diya,Kulkarni,Female,1995-11-25,Surat,Gujarat,Freelancer,Retail,443418.38,2022-01-03,Diya Kulkarni
C04202,Anika,Desai,Male,1968-06-17,Kolkata,West Bengal,Freelancer,Retail,337727.24,2022-10-12,Anika Desai
C04203,Ira,Jain,Male,1977-09-16,Ahmedabad,Gujarat,Self Employed,Retail,548972.82,2018-07-04,Ira Jain
C04204,Priya,Mehta,Male,1963-03-11,Pune,Maharashtra,Business Owner,Retail,391723.5,2022-12-27,Priya Mehta
C04205,Ishaan,Gupta,Female,1992-06-05,Chandigarh,Chandigarh,Business Owner,Premium,549895.54,2018-05-25,Ishaan Gupta
C04206,Vihaan,Patel,Male,2002-12-13,Coimbatore,Tamil Nadu,Retired,Retail,512276.46,2022-06-02,Vihaan Patel
C04207,Diya,Iyer,Female,1972-09-21,Mysuru,Karnataka,Self Employed,Retail,1232548.23,2019-12-31,Diya Iyer
C04208,Ishaan,Patel,Female,1993-02-22,Nagpur,Maharashtra,Student,Retail,1238917.53,2026-01-23,Ishaan Patel
C04209,Neha,Kulkarni,Female,1965-09-01,Bengaluru,Karnataka,Self Employed,SME,856440.63,2022-04-02,Neha Kulkarni
C04210,Riya,Singh,Female,1976-09-20,Pune,Maharashtra,Salaried,Wealth,2724642.45,2020-11-23,Riya Singh
C04211,Amit,Jain,Female,2003-07-19,Lucknow,Uttar Pradesh,Freelancer,Corporate,453766.21,2023-10-18,Amit Jain
C04212,Aditya,Agarwal,Female,1997-04-23,Kochi,Kerala,Student,Retail,180000.0,2022-04-19,Aditya Agarwal
C04213,Riya,Bansal,Female,1980-09-22,Chennai,Tamil Nadu,Self Employed,Retail,357652.23,2026-02-20,Riya Bansal
C04214,Aditya,Singh,Female,2004-08-27,Bengaluru,Karnataka,Salaried,Premium,1212910.18,2022-02-26,Aditya Singh
C04215,Karan,Iyer,Female,2004-08-10,Coimbatore,Tamil Nadu,Retired,Retail,674641.16,2022-12-15,Karan Iyer
C04216,Kiara,Agarwal,Male,1996-06-12,Surat,Gujarat,Self Employed,Premium,1943094.56,2018-05-23,Kiara Agarwal
C04217,Neha,Mehta,Female,1993-04-15,Indore,Madhya Pradesh,Retired,SME,287195.37,2021-06-11,Neha Mehta
C04218,Neha,Kumar,Male,1970-12-08,Mysuru,Karnataka,Self Employed,Corporate,1933615.71,2022-02-23,Neha Kumar
C04219,Karan,Gupta,Female,1963-12-06,Bhopal,Madhya Pradesh,Self Employed,Retail,314568.96,2025-11-04,Karan Gupta
C04220,Ira,Bansal,Male,1977-04-11,Jaipur,Rajasthan,Self Employed,Retail,858707.47,2023-07-24,Ira Bansal
C04221,Amit,Jain,Female,1969-04-04,Pune,Maharashtra,Self Employed,Retail,221102.09,2021-04-30,Amit Jain
C04222,Aditya,Chopra,Male,1973-04-09,Hyderabad,Telangana,Retired,Premium,1132340.4,2024-02-20,Aditya Chopra
C04223,Aditya,Reddy,Male,1962-03-11,Indore,Madhya Pradesh,Business Owner,Retail,275045.73,2019-01-26,Aditya Reddy
C04224,Krishna,Nair,Female,1968-11-07,Indore,Madhya Pradesh,Self Employed,Premium,1494271.66,2022-05-11,Krishna Nair
C04225,Sara,Singh,Male,2000-03-27,Pune,Maharashtra,Business Owner,Premium,568792.19,2018-05-26,Sara Singh
C04226,Ira,Mishra,Male,1983-04-02,Coimbatore,Tamil Nadu,Student,Corporate,465650.7,2022-01-30,Ira Mishra
C04227,Anika,Mehta,Male,1972-05-02,Gurugram,Haryana,Business Owner,Retail,219744.56,2022-02-08,Anika Mehta
C04228,Arjun,Malhotra,Female,1985-04-17,Kolkata,West Bengal,Self Employed,Retail,493397.97,2024-11-13,Arjun Malhotra
C04229,Priya,Desai,Female,1988-05-17,Nagpur,Maharashtra,Student,Corporate,1052973.94,2025-12-24,Priya Desai
C04230,Pari,Nair,Male,1972-09-01,Noida,Uttar Pradesh,Business Owner,Retail,382731.61,2020-10-28,Pari Nair
C04231,Rohan,Chopra,Female,1983-01-04,Jaipur,Rajasthan,Business Owner,Retail,340348.52,2023-10-14,Rohan Chopra
C04232,Aadhya,Kapoor,Female,1999-11-24,Chandigarh,Chandigarh,Freelancer,Retail,359515.18,2025-12-25,Aadhya Kapoor
C04233,Vivaan,Chopra,Male,1970-04-06,Delhi,Delhi,Freelancer,Retail,250542.14,2018-09-20,Vivaan Chopra
C04234,Vihaan,Mehta,Female,1966-01-27,Nagpur,Maharashtra,Self Employed,Retail,641346.93,2021-10-24,Vihaan Mehta
C04235,Vihaan,Singh,Male,1965-11-26,Nagpur,Maharashtra,Self Employed,SME,1249094.48,2019-10-09,Vihaan Singh
C04236,Neha,Singh,Female,1986-11-28,Kochi,Kerala,Business Owner,SME,866881.95,2021-05-05,Neha Singh
C04237,Arjun,Mehta,Male,1969-05-24,Delhi,Delhi,Freelancer,Premium,529227.07,2018-08-17,Arjun Mehta
C04238,Anika,Kumar,Female,1961-02-07,Mumbai,Maharashtra,Freelancer,Retail,471136.25,2020-08-23,Anika Kumar
C04239,Ayaan,Iyer,Male,1963-11-19,Coimbatore,Tamil Nadu,Self Employed,SME,773128.44,2024-10-10,Ayaan Iyer
C04240,Ira,Reddy,Female,1984-02-21,Coimbatore,Tamil Nadu,Freelancer,SME,282400.17,2023-06-23,Ira Reddy
C04241,Karan,Desai,Male,1978-01-25,Ahmedabad,Gujarat,Student,Retail,840222.27,2018-10-11,Karan Desai
C04242,Aadhya,Mehta,Male,1960-09-07,Hyderabad,Telangana,Student,Retail,407509.89,2018-08-13,Aadhya Mehta
C04243,Pooja,Kumar,Female,1991-04-04,Delhi,Delhi,Salaried,Premium,593010.05,2023-06-30,Pooja Kumar
C04244,Anika,Kapoor,Female,1987-03-19,Noida,Uttar Pradesh,Freelancer,Retail,290752.76,2023-01-20,Anika Kapoor
C04245,Ira,Singh,Male,1972-09-24,Jaipur,Rajasthan,Business Owner,Corporate,1217565.1,2022-11-06,Ira Singh
C04246,Ayaan,Joshi,Male,1998-03-06,Gurugram,Haryana,Self Employed,Retail,223811.33,2023-08-11,Ayaan Joshi
C04247,Arjun,Jain,Male,1971-12-06,Coimbatore,Tamil Nadu,Retired,Retail,488167.42,2025-11-29,Arjun Jain
C04248,Ishaan,Iyer,Male,1962-12-22,Chennai,Tamil Nadu,Self Employed,Retail,352777.61,2024-08-14,Ishaan Iyer
C04249,Neha,Mehta,Female,1976-06-13,Delhi,Delhi,Salaried,Retail,527311.1,2021-02-19,Neha Mehta
C04250,Reyansh,Iyer,Male,1970-12-20,Surat,Gujarat,Self Employed,Premium,576550.01,2026-01-10,Reyansh Iyer
C04251,Pooja,Mishra,Male,1988-09-21,Bhopal,Madhya Pradesh,Business Owner,SME,441576.31,2020-09-19,Pooja Mishra
C04252,Diya,Verma,Male,1997-11-24,Pune,Maharashtra,Business Owner,Retail,484421.15,2023-05-08,Diya Verma
C04253,Nisha,Patel,Female,1974-03-24,Delhi,Delhi,Retired,Premium,354961.93,2021-05-28,Nisha Patel
C04254,Diya,Kumar,Male,1979-07-22,Bhopal,Madhya Pradesh,Business Owner,Retail,406052.04,2024-02-22,Diya Kumar
C04255,Rahul,Singh,Female,1983-11-13,Lucknow,Uttar Pradesh,Freelancer,SME,543860.81,2018-01-03,Rahul Singh
C04256,Neha,Reddy,Male,1981-03-22,Gurugram,Haryana,Salaried,Premium,1742730.84,2025-06-28,Neha Reddy
C04257,Myra,Bansal,Male,1983-06-24,Pune,Maharashtra,Freelancer,Retail,180000.0,2024-05-22,Myra Bansal
C04258,Reyansh,Bansal,Female,1963-12-11,Hyderabad,Telangana,Self Employed,Premium,656265.96,2021-03-29,Reyansh Bansal
C04259,Pooja,Mehta,Male,1972-12-05,Coimbatore,Tamil Nadu,Student,Retail,180000.0,2025-02-09,Pooja Mehta
C04260,Arjun,Reddy,Male,1978-04-10,Bengaluru,Karnataka,Salaried,SME,460279.32,2018-06-26,Arjun Reddy
C04261,Karan,Sharma,Female,1964-06-22,Chandigarh,Chandigarh,Self Employed,SME,554161.8,2026-02-24,Karan Sharma
C04262,Pari,Kulkarni,Female,1971-03-12,Bengaluru,Karnataka,Student,Retail,780534.54,2024-02-27,Pari Kulkarni
C04263,Sai,Agarwal,Female,1963-07-15,Jaipur,Rajasthan,Freelancer,Premium,995673.51,2020-08-11,Sai Agarwal
C04264,Pooja,Patel,Male,1989-11-24,Pune,Maharashtra,Salaried,Retail,482153.78,2019-07-08,Pooja Patel
C04265,Arjun,Gupta,Male,1978-09-25,Chennai,Tamil Nadu,Freelancer,Retail,333065.13,2023-09-17,Arjun Gupta
C04266,Neha,Patel,Female,1979-12-19,Indore,Madhya Pradesh,Retired,Premium,658559.52,2019-12-10,Neha Patel
C04267,Vivaan,Reddy,Male,1978-10-20,Mumbai,Maharashtra,Self Employed,Retail,623441.37,2018-10-28,Vivaan Reddy
C04268,Aarav,Desai,Female,1989-01-22,Pune,Maharashtra,Salaried,SME,771927.14,2020-06-07,Aarav Desai
C04269,Kiara,Sharma,Female,1983-12-17,Bengaluru,Karnataka,Student,Retail,464504.84,2022-01-05,Kiara Sharma
C04270,Aadhya,Sharma,Female,1977-02-09,Mysuru,Karnataka,Salaried,Retail,378125.48,2020-12-24,Aadhya Sharma
C04271,Anaya,Gupta,Male,1989-08-02,Delhi,Delhi,Salaried,Premium,830930.18,2025-12-15,Anaya Gupta
C04272,Riya,Joshi,Female,1971-12-16,Surat,Gujarat,Salaried,SME,252000.0,2018-05-27,Riya Joshi
C04273,Neha,Jain,Male,1966-11-28,Ahmedabad,Gujarat,Business Owner,Retail,282977.99,2021-11-25,Neha Jain
C04274,Arjun,Sharma,Female,1967-12-02,Noida,Uttar Pradesh,Self Employed,Retail,442081.06,2021-08-11,Arjun Sharma
C04275,Karan,Sharma,Female,1994-11-10,Pune,Maharashtra,Freelancer,Retail,572313.79,2018-05-22,Karan Sharma
C04276,Ayaan,Bansal,Male,1987-11-19,Chandigarh,Chandigarh,Salaried,Retail,612770.32,2025-07-16,Ayaan Bansal
C04277,Priya,Kapoor,Male,1997-12-21,Mumbai,Maharashtra,Freelancer,Premium,609418.15,2021-01-06,Priya Kapoor
C04278,Neha,Gupta,Male,1961-10-20,Pune,Maharashtra,Freelancer,Premium,1483212.53,2025-11-10,Neha Gupta
C04279,Neha,Kapoor,Female,1993-09-15,Gurugram,Haryana,Retired,SME,507922.3,2019-09-07,Neha Kapoor
C04280,Aadhya,Bansal,Female,1976-11-07,Kolkata,West Bengal,Freelancer,Retail,374366.35,2019-12-13,Aadhya Bansal
C04281,Kiara,Reddy,Male,1975-09-23,Indore,Madhya Pradesh,Salaried,Retail,513078.18,2018-06-03,Kiara Reddy
C04282,Aarav,Bansal,Female,1964-03-19,Coimbatore,Tamil Nadu,Student,Premium,505182.22,2023-08-01,Aarav Bansal
C04283,Sara,Sharma,Male,1993-04-22,Chandigarh,Chandigarh,Business Owner,Retail,424353.33,2018-08-09,Sara Sharma
C04284,Ayaan,Joshi,Male,1999-04-21,Bhopal,Madhya Pradesh,Business Owner,Retail,1919878.42,2023-02-05,Ayaan Joshi
C04285,Aditya,Chopra,Male,1971-01-18,Nagpur,Maharashtra,Salaried,Retail,291489.87,2018-12-04,Aditya Chopra
C04286,Aadhya,Chopra,Male,1969-10-26,Jaipur,Rajasthan,Freelancer,Wealth,2637650.76,2024-04-21,Aadhya Chopra
C04287,Rohan,Jain,Female,1997-07-25,Surat,Gujarat,Student,Retail,533772.62,2020-06-05,Rohan Jain
C04288,Pari,Mishra,Female,1961-09-14,Surat,Gujarat,Salaried,Retail,638843.51,2022-05-22,Pari Mishra
C04289,Anaya,Desai,Male,2004-07-21,Ahmedabad,Gujarat,Retired,Wealth,958263.18,2025-03-29,Anaya Desai
C04290,Kabir,Mishra,Male,2001-01-11,Mumbai,Maharashtra,Business Owner,SME,649652.47,2018-07-16,Kabir Mishra
C04291,Aditya,Kapoor,Female,1992-01-12,Nagpur,Maharashtra,Salaried,Wealth,2386741.8,2019-06-04,Aditya Kapoor
C04292,Riya,Kapoor,Male,1973-07-03,Hyderabad,Telangana,Student,Retail,295941.59,2022-06-23,Riya Kapoor
C04293,Reyansh,Bansal,Female,1997-02-25,Bengaluru,Karnataka,Retired,Premium,324000.0,2020-12-15,Reyansh Bansal
C04294,Pari,Patel,Male,1960-04-05,Chandigarh,Chandigarh,Student,SME,311405.49,2022-11-19,Pari Patel
C04295,Anaya,Joshi,Male,1981-06-01,Jaipur,Rajasthan,Business Owner,Wealth,540000.0,2022-12-31,Anaya Joshi
C04296,Neha,Malhotra,Male,2001-11-28,Kolkata,West Bengal,Retired,Retail,282332.63,2022-06-01,Neha Malhotra
C04297,Myra,Desai,Female,1972-10-02,Pune,Maharashtra,Student,Retail,438398.15,2022-02-13,Myra Desai
C04298,Karan,Singh,Female,1980-02-11,Noida,Uttar Pradesh,Salaried,Retail,439183.47,2023-10-24,Karan Singh
C04299,Reyansh,Jain,Male,1970-01-15,Mysuru,Karnataka,Salaried,Retail,1055850.06,2019-04-19,Reyansh Jain
C04300,Riya,Mishra,Male,1975-11-05,Mumbai,Maharashtra,Retired,SME,1017058.25,2023-03-16,Riya Mishra
C04301,Aadhya,Chopra,Male,1991-12-17,Kolkata,West Bengal,Retired,Retail,606841.17,2018-03-17,Aadhya Chopra
C04302,Sneha,Kapoor,Female,1985-05-10,Indore,Madhya Pradesh,Freelancer,Retail,503911.32,2025-07-13,Sneha Kapoor
C04303,Arjun,Bansal,Male,1964-07-21,Ahmedabad,Gujarat,Salaried,Retail,2006664.69,2021-10-26,Arjun Bansal
C04304,Sneha,Bansal,Female,2001-01-06,Hyderabad,Telangana,Freelancer,Premium,821749.7,2021-09-18,Sneha Bansal
C04305,Sneha,Chopra,Female,1969-02-23,Nagpur,Maharashtra,Retired,Retail,303763.93,2024-06-17,Sneha Chopra
C04306,Riya,Patel,Male,1972-11-19,Noida,Uttar Pradesh,Self Employed,Retail,340161.98,2020-08-13,Riya Patel
C04307,Krishna,Mehta,Male,1978-09-15,Kochi,Kerala,Freelancer,Retail,650873.84,2025-07-31,Krishna Mehta
C04308,Anaya,Mehta,Female,1974-07-25,Jaipur,Rajasthan,Retired,Premium,429995.99,2021-06-07,Anaya Mehta
C04309,Neha,Kapoor,Male,1985-04-04,Jaipur,Rajasthan,Salaried,Retail,309480.72,2019-10-12,Neha Kapoor
C04310,Priya,Joshi,Female,1997-03-21,Chennai,Tamil Nadu,Student,Retail,827608.79,2026-02-15,Priya Joshi
C04311,Pooja,Sharma,Female,1980-02-26,Bengaluru,Karnataka,Salaried,Wealth,2379091.68,2018-12-30,Pooja Sharma
C04312,Rohan,Kumar,Female,1984-07-28,Mumbai,Maharashtra,Self Employed,Retail,852978.42,2022-02-22,Rohan Kumar
C04313,Vivaan,Nair,Female,1983-09-05,Surat,Gujarat,Freelancer,Corporate,507445.58,2021-10-11,Vivaan Nair
C04314,Aadhya,Mishra,Male,2004-04-19,Mumbai,Maharashtra,Retired,Premium,543919.63,2019-05-06,Aadhya Mishra
C04315,Ayaan,Kumar,Male,1978-10-17,Hyderabad,Telangana,Salaried,Retail,386643.41,2021-11-12,Ayaan Kumar
C04316,Neha,Agarwal,Female,1961-08-01,Noida,Uttar Pradesh,Retired,Retail,763324.1,2022-10-07,Neha Agarwal
C04317,Karan,Mehta,Female,1964-06-02,Mumbai,Maharashtra,Business Owner,Retail,1562355.54,2018-10-16,Karan Mehta
C04318,Krishna,Patel,Male,1998-09-05,Gurugram,Haryana,Self Employed,Premium,956763.47,2023-07-26,Krishna Patel
C04319,Arjun,Desai,Male,1993-02-10,Kochi,Kerala,Student,Premium,1804674.19,2021-06-17,Arjun Desai
C04320,Vivaan,Verma,Female,1993-03-02,Lucknow,Uttar Pradesh,Retired,SME,1036051.41,2022-10-19,Vivaan Verma
C04321,Pooja,Iyer,Female,1988-06-11,Jaipur,Rajasthan,Freelancer,Retail,611128.5,2025-02-02,Pooja Iyer
C04322,Aadhya,Patel,Female,1963-11-08,Ahmedabad,Gujarat,Self Employed,Retail,417712.69,2020-11-03,Aadhya Patel
C04323,Ayaan,Singh,Female,1977-02-12,Indore,Madhya Pradesh,Student,Corporate,493645.77,2022-08-30,Ayaan Singh
C04324,Neha,Reddy,Male,2001-05-17,Bengaluru,Karnataka,Student,SME,1520909.4,2021-05-20,Neha Reddy
C04325,Pooja,Jain,Female,1981-02-15,Kochi,Kerala,Self Employed,Retail,788794.64,2018-09-04,Pooja Jain
C04326,Krishna,Patel,Female,1964-05-28,Ahmedabad,Gujarat,Business Owner,SME,258206.79,2018-04-16,Krishna Patel
C04327,Reyansh,Iyer,Female,1963-12-19,Pune,Maharashtra,Self Employed,Retail,373585.5,2023-01-02,Reyansh Iyer
C04328,Anaya,Reddy,Male,1975-11-26,Bhopal,Madhya Pradesh,Self Employed,Wealth,1265943.75,2020-07-08,Anaya Reddy
C04329,Rohan,Sharma,Male,1990-02-10,Chennai,Tamil Nadu,Retired,Retail,859548.33,2025-04-06,Rohan Sharma
C04330,Rohan,Chopra,Female,1986-06-26,Gurugram,Haryana,Business Owner,SME,420427.46,2022-05-11,Rohan Chopra
C04331,Ayaan,Nair,Male,1989-06-25,Gurugram,Haryana,Retired,Retail,552199.57,2023-01-13,Ayaan Nair
C04332,Sai,Kumar,Male,1999-06-11,Kolkata,West Bengal,Retired,Retail,658596.65,2020-12-09,Sai Kumar
C04333,Ira,Joshi,Male,1962-06-09,Jaipur,Rajasthan,Salaried,SME,614426.48,2024-04-21,Ira Joshi
C04334,Anaya,Singh,Female,1984-12-28,Jaipur,Rajasthan,Salaried,Premium,1588754.34,2021-12-17,Anaya Singh
C04335,Arjun,Kapoor,Female,1974-05-21,Bhopal,Madhya Pradesh,Freelancer,Wealth,1862135.76,2020-09-10,Arjun Kapoor
C04336,Arjun,Mishra,Female,1980-05-09,Kochi,Kerala,Retired,SME,405417.14,2018-01-31,Arjun Mishra
C04337,Neha,Kulkarni,Female,2004-07-17,Chennai,Tamil Nadu,Self Employed,Retail,506299.95,2020-11-10,Neha Kulkarni
C04338,Myra,Malhotra,Female,1991-03-10,Gurugram,Haryana,Self Employed,Retail,426431.13,2023-05-22,Myra Malhotra
C04339,Pooja,Jain,Male,1965-06-14,Kochi,Kerala,Student,Retail,679337.24,2023-04-25,Pooja Jain
C04340,Neha,Joshi,Male,1975-12-17,Bengaluru,Karnataka,Retired,Premium,532196.91,2025-09-30,Neha Joshi
C04341,Ishaan,Chopra,Female,1985-07-14,Mysuru,Karnataka,Student,SME,885787.95,2022-05-30,Ishaan Chopra
C04342,Kabir,Kumar,Male,1964-09-05,Gurugram,Haryana,Business Owner,Retail,180000.0,2023-07-17,Kabir Kumar
C04343,Aadhya,Kulkarni,Male,2001-09-14,Ahmedabad,Gujarat,Freelancer,Retail,1029173.47,2021-01-01,Aadhya Kulkarni
C04344,Diya,Kumar,Male,2002-10-12,Bhopal,Madhya Pradesh,Business Owner,Retail,237308.13,2019-09-12,Diya Kumar
C04345,Ayaan,Kulkarni,Male,1992-01-01,Chandigarh,Chandigarh,Business Owner,Corporate,396000.0,2021-10-29,Ayaan Kulkarni
C04346,Aditya,Desai,Female,1968-05-16,Hyderabad,Telangana,Retired,SME,863405.07,2020-01-31,Aditya Desai
C04347,Sneha,Mishra,Male,1964-09-04,Gurugram,Haryana,Student,SME,466576.21,2018-04-17,Sneha Mishra
C04348,Priya,Gupta,Male,1989-08-21,Surat,Gujarat,Salaried,Retail,538682.38,2022-05-22,Priya Gupta
C04349,Diya,Iyer,Male,1980-04-18,Chennai,Tamil Nadu,Self Employed,Retail,387049.85,2022-01-17,Diya Iyer
C04350,Aadhya,Kulkarni,Female,1975-12-24,Lucknow,Uttar Pradesh,Retired,Corporate,781662.51,2018-10-10,Aadhya Kulkarni
C04351,Ayaan,Gupta,Female,1997-10-22,Chennai,Tamil Nadu,Salaried,Premium,1258734.91,2022-01-16,Ayaan Gupta
C04352,Aditya,Reddy,Male,1994-11-24,Surat,Gujarat,Business Owner,Retail,469844.28,2021-06-09,Aditya Reddy
C04353,Rohan,Mehta,Female,1984-04-26,Kolkata,West Bengal,Retired,Retail,418233.4,2022-11-11,Rohan Mehta
C04354,Ishaan,Kapoor,Male,1986-11-28,Lucknow,Uttar Pradesh,Salaried,SME,1201083.76,2025-06-03,Ishaan Kapoor
C04355,Arjun,Sharma,Female,1972-03-26,Ahmedabad,Gujarat,Freelancer,Retail,416549.59,2018-04-05,Arjun Sharma
C04356,Aditya,Patel,Male,1968-10-10,Hyderabad,Telangana,Business Owner,Retail,499076.49,2023-01-05,Aditya Patel
C04357,Rohan,Jain,Male,1973-11-25,Hyderabad,Telangana,Salaried,Corporate,748021.67,2024-06-16,Rohan Jain
C04358,Aarav,Joshi,Male,1973-09-16,Nagpur,Maharashtra,Freelancer,Retail,291384.47,2024-08-22,Aarav Joshi
C04359,Ishaan,Jain,Female,1992-04-19,Chandigarh,Chandigarh,Salaried,Corporate,803216.59,2022-11-16,Ishaan Jain
C04360,Vivaan,Nair,Male,1963-12-21,Kochi,Kerala,Salaried,Wealth,1691883.0,2021-08-31,Vivaan Nair
C04361,Rahul,Reddy,Male,1986-09-01,Hyderabad,Telangana,Self Employed,Retail,560689.82,2022-09-02,Rahul Reddy
C04362,Kabir,Mishra,Male,1982-08-09,Mumbai,Maharashtra,Retired,Retail,317865.85,2018-12-02,Kabir Mishra
C04363,Riya,Patel,Male,1998-12-04,Indore,Madhya Pradesh,Student,Premium,1113580.08,2021-04-14,Riya Patel
C04364,Karan,Desai,Female,1991-11-14,Bengaluru,Karnataka,Retired,Retail,549037.33,2025-02-11,Karan Desai
C04365,Vihaan,Patel,Female,1985-01-19,Noida,Uttar Pradesh,Freelancer,Wealth,1135381.05,2020-06-06,Vihaan Patel
C04366,Priya,Joshi,Female,1961-10-13,Surat,Gujarat,Retired,Retail,519641.54,2023-07-12,Priya Joshi
C04367,Diya,Joshi,Female,1968-01-01,Noida,Uttar Pradesh,Self Employed,SME,252000.0,2025-01-27,Diya Joshi
C04368,Sai,Nair,Male,1982-04-06,Mumbai,Maharashtra,Business Owner,Corporate,750960.36,2024-09-06,Sai Nair
C04369,Diya,Gupta,Female,1962-05-14,Indore,Madhya Pradesh,Retired,Retail,759491.19,2026-03-19,Diya Gupta
C04370,Nisha,Kulkarni,Female,1970-12-10,Noida,Uttar Pradesh,Salaried,Retail,226420.4,2018-11-26,Nisha Kulkarni
C04371,Kabir,Kapoor,Male,1973-06-07,Nagpur,Maharashtra,Freelancer,Premium,931010.78,2022-06-12,Kabir Kapoor
C04372,Ira,Chopra,Male,1991-08-22,Ahmedabad,Gujarat,Business Owner,Retail,793985.8,2025-10-17,Ira Chopra
C04373,Arjun,Iyer,Female,1998-05-05,Noida,Uttar Pradesh,Student,Premium,1136811.4,2023-10-07,Arjun Iyer
C04374,Reyansh,Kulkarni,Female,1998-12-27,Noida,Uttar Pradesh,Self Employed,Wealth,582990.3,2018-12-05,Reyansh Kulkarni
C04375,Ishaan,Agarwal,Female,1963-06-18,Delhi,Delhi,Self Employed,Corporate,766559.49,2025-10-05,Ishaan Agarwal
C04376,Krishna,Sharma,Female,1989-05-17,Pune,Maharashtra,Freelancer,Retail,565961.91,2025-05-02,Krishna Sharma
C04377,Aditya,Jain,Male,1977-01-11,Mysuru,Karnataka,Salaried,Retail,876240.17,2018-06-02,Aditya Jain
C04378,Karan,Gupta,Male,1992-06-10,Hyderabad,Telangana,Freelancer,Premium,540503.01,2024-07-14,Karan Gupta
C04379,Diya,Bansal,Male,2003-06-06,Chennai,Tamil Nadu,Business Owner,Retail,376976.9,2021-01-06,Diya Bansal
C04380,Karan,Verma,Male,1969-11-23,Mysuru,Karnataka,Freelancer,Corporate,1015350.18,2019-06-14,Karan Verma
C04381,Vihaan,Gupta,Female,1981-03-19,Mysuru,Karnataka,Retired,Retail,439671.15,2020-08-17,Vihaan Gupta
C04382,Rahul,Patel,Male,1976-12-02,Gurugram,Haryana,Salaried,Premium,324000.0,2022-05-09,Rahul Patel
C04383,Aarav,Patel,Male,1996-05-17,Surat,Gujarat,Self Employed,Retail,749396.91,2025-12-16,Aarav Patel
C04384,Anaya,Desai,Female,1974-12-01,Noida,Uttar Pradesh,Freelancer,Retail,346360.6,2023-03-19,Anaya Desai
C04385,Ishaan,Mehta,Female,1971-04-18,Lucknow,Uttar Pradesh,Business Owner,Premium,683864.19,2022-05-30,Ishaan Mehta
C04386,Vivaan,Iyer,Male,1971-09-01,Gurugram,Haryana,Retired,Corporate,555448.85,2025-07-23,Vivaan Iyer
C04387,Nisha,Reddy,Male,2001-01-11,Nagpur,Maharashtra,Retired,Corporate,703085.53,2025-03-10,Nisha Reddy
C04388,Sai,Patel,Male,1987-09-08,Bengaluru,Karnataka,Freelancer,Retail,332030.12,2023-08-18,Sai Patel
C04389,Karan,Desai,Female,1971-08-10,Indore,Madhya Pradesh,Retired,Wealth,3575190.87,2023-09-16,Karan Desai
C04390,Sneha,Desai,Male,1983-06-11,Bengaluru,Karnataka,Retired,Retail,335703.51,2022-10-04,Sneha Desai
C04391,Anika,Nair,Male,1975-11-11,Hyderabad,Telangana,Business Owner,Retail,275016.42,2023-11-19,Anika Nair
C04392,Kabir,Kulkarni,Male,2001-11-06,Indore,Madhya Pradesh,Student,Premium,2088345.62,2021-07-11,Kabir Kulkarni
C04393,Anaya,Jain,Male,2001-11-08,Mysuru,Karnataka,Self Employed,Premium,489679.43,2019-03-14,Anaya Jain
C04394,Nisha,Singh,Female,1983-07-05,Chennai,Tamil Nadu,Salaried,Premium,572786.71,2020-06-18,Nisha Singh
C04395,Ishaan,Kumar,Male,1960-02-04,Mumbai,Maharashtra,Business Owner,Retail,329305.07,2020-10-14,Ishaan Kumar
C04396,Riya,Singh,Male,2001-08-17,Jaipur,Rajasthan,Student,Premium,554946.91,2023-04-27,Riya Singh
C04397,Riya,Jain,Female,2002-03-14,Mumbai,Maharashtra,Freelancer,Retail,313820.17,2020-01-23,Riya Jain
C04398,Reyansh,Desai,Male,1985-11-19,Kolkata,West Bengal,Student,Retail,589050.58,2025-10-01,Reyansh Desai
C04399,Aadhya,Joshi,Male,1978-10-20,Surat,Gujarat,Retired,Retail,250977.45,2022-08-10,Aadhya Joshi
C04400,Amit,Desai,Male,1961-01-15,Bhopal,Madhya Pradesh,Self Employed,Retail,442020.2,2018-07-06,Amit Desai
C04401,Aarav,Nair,Male,1964-03-27,Mysuru,Karnataka,Self Employed,Corporate,896825.42,2025-11-05,Aarav Nair
C04402,Amit,Malhotra,Male,1996-12-08,Kolkata,West Bengal,Business Owner,Retail,561527.76,2020-08-09,Amit Malhotra
C04403,Nisha,Jain,Female,1967-07-03,Noida,Uttar Pradesh,Freelancer,Retail,232206.44,2021-06-13,Nisha Jain
C04404,Nisha,Patel,Male,1997-08-02,Surat,Gujarat,Salaried,Retail,882005.73,2022-02-24,Nisha Patel
C04405,Karan,Agarwal,Female,1994-08-05,Indore,Madhya Pradesh,Salaried,Retail,180000.0,2020-01-15,Karan Agarwal
C04406,Pooja,Nair,Female,1979-03-07,Ahmedabad,Gujarat,Freelancer,Retail,324535.29,2024-07-06,Pooja Nair
C04407,Priya,Sharma,Male,1988-02-26,Noida,Uttar Pradesh,Business Owner,Retail,582789.32,2025-03-31,Priya Sharma
C04408,Krishna,Nair,Female,2000-02-03,Jaipur,Rajasthan,Salaried,SME,1128032.77,2018-09-05,Krishna Nair
C04409,Karan,Mehta,Female,1991-05-25,Delhi,Delhi,Retired,Retail,321664.77,2020-04-19,Karan Mehta
C04410,Pooja,Kulkarni,Male,1984-07-02,Ahmedabad,Gujarat,Salaried,Retail,470067.36,2024-01-15,Pooja Kulkarni
C04411,Kabir,Mehta,Female,1964-07-03,Bhopal,Madhya Pradesh,Student,Retail,983789.61,2023-03-15,Kabir Mehta
C04412,Arjun,Kulkarni,Male,1997-07-15,Chennai,Tamil Nadu,Freelancer,Wealth,1909138.32,2020-09-19,Arjun Kulkarni
C04413,Sara,Iyer,Female,2000-09-27,Mysuru,Karnataka,Salaried,SME,636720.88,2020-05-24,Sara Iyer
C04414,Riya,Kulkarni,Male,1977-11-25,Coimbatore,Tamil Nadu,Freelancer,SME,409704.97,2023-03-01,Riya Kulkarni
C04415,Diya,Iyer,Male,1963-08-15,Chandigarh,Chandigarh,Salaried,Premium,1862817.32,2018-03-22,Diya Iyer
C04416,Sai,Desai,Male,1991-04-04,Bengaluru,Karnataka,Salaried,Corporate,747175.97,2025-02-27,Sai Desai
C04417,Vivaan,Desai,Female,1996-11-18,Gurugram,Haryana,Business Owner,Retail,418138.6,2025-03-29,Vivaan Desai
C04418,Anaya,Singh,Female,1980-02-16,Gurugram,Haryana,Business Owner,Retail,538771.14,2019-09-30,Anaya Singh
C04419,Aarav,Kumar,Male,1973-08-10,Hyderabad,Telangana,Salaried,Retail,1274896.49,2021-02-01,Aarav Kumar
C04420,Aadhya,Iyer,Male,1960-07-10,Bengaluru,Karnataka,Freelancer,SME,525777.08,2018-09-10,Aadhya Iyer
C04421,Ayaan,Kulkarni,Male,1977-09-15,Mysuru,Karnataka,Business Owner,Retail,546559.2,2018-05-18,Ayaan Kulkarni
C04422,Pooja,Mishra,Male,1996-04-06,Pune,Maharashtra,Self Employed,Wealth,1858891.23,2018-08-31,Pooja Mishra
C04423,Karan,Gupta,Female,1960-07-24,Kolkata,West Bengal,Retired,Retail,353196.61,2023-10-31,Karan Gupta
C04424,Krishna,Patel,Male,1977-11-12,Hyderabad,Telangana,Freelancer,Retail,350887.96,2018-04-22,Krishna Patel
C04425,Vivaan,Nair,Male,2003-03-02,Pune,Maharashtra,Student,Retail,363164.06,2019-08-12,Vivaan Nair
C04426,Anaya,Gupta,Female,1971-02-27,Lucknow,Uttar Pradesh,Student,Retail,1319382.29,2024-08-14,Anaya Gupta
C04427,Krishna,Joshi,Female,1996-07-01,Gurugram,Haryana,Self Employed,Retail,406053.54,2020-01-06,Krishna Joshi
C04428,Arjun,Malhotra,Female,1991-01-10,Pune,Maharashtra,Business Owner,Retail,420597.9,2024-12-05,Arjun Malhotra
C04429,Sai,Malhotra,Female,1981-09-19,Chandigarh,Chandigarh,Salaried,Retail,180000.0,2018-12-03,Sai Malhotra
C04430,Reyansh,Agarwal,Male,1985-12-21,Indore,Madhya Pradesh,Salaried,Retail,829782.51,2019-03-02,Reyansh Agarwal
C04431,Reyansh,Agarwal,Male,1973-01-21,Bengaluru,Karnataka,Business Owner,Retail,673824.56,2019-11-05,Reyansh Agarwal
C04432,Sneha,Sharma,Female,1973-08-16,Delhi,Delhi,Freelancer,Retail,180000.0,2020-09-18,Sneha Sharma
C04433,Vivaan,Reddy,Male,1976-05-18,Gurugram,Haryana,Freelancer,Premium,701389.26,2019-11-25,Vivaan Reddy
C04434,Myra,Kapoor,Male,1966-07-24,Surat,Gujarat,Self Employed,Corporate,765778.09,2025-05-21,Myra Kapoor
C04435,Aadhya,Patel,Female,1996-08-02,Nagpur,Maharashtra,Retired,Retail,745119.04,2018-05-23,Aadhya Patel
C04436,Kiara,Desai,Female,1990-11-13,Chennai,Tamil Nadu,Business Owner,Retail,188867.83,2018-12-05,Kiara Desai
C04437,Rohan,Bansal,Female,1962-05-07,Nagpur,Maharashtra,Salaried,Retail,670336.99,2021-09-14,Rohan Bansal
C04438,Myra,Kumar,Female,1973-06-14,Mumbai,Maharashtra,Student,Corporate,1467964.12,2025-06-27,Myra Kumar
C04439,Anaya,Chopra,Male,1980-07-01,Hyderabad,Telangana,Self Employed,Retail,1193352.69,2020-02-02,Anaya Chopra
C04440,Anaya,Gupta,Male,1991-10-03,Ahmedabad,Gujarat,Business Owner,Corporate,444019.88,2024-10-04,Anaya Gupta
C04441,Ishaan,Singh,Male,2003-08-06,Gurugram,Haryana,Self Employed,Corporate,1108079.79,2024-10-21,Ishaan Singh
C04442,Priya,Jain,Female,1982-04-18,Delhi,Delhi,Salaried,Retail,476017.73,2023-06-30,Priya Jain
C04443,Karan,Desai,Male,1983-11-16,Ahmedabad,Gujarat,Student,Retail,1423458.13,2022-11-09,Karan Desai
C04444,Sneha,Joshi,Female,1991-10-18,Mumbai,Maharashtra,Retired,Retail,464491.13,2020-06-12,Sneha Joshi
C04445,Kiara,Agarwal,Female,2000-02-12,Ahmedabad,Gujarat,Student,SME,1007109.25,2025-03-24,Kiara Agarwal
C04446,Vivaan,Sharma,Male,1961-09-01,Bhopal,Madhya Pradesh,Self Employed,Retail,367394.01,2019-08-10,Vivaan Sharma
C04447,Krishna,Jain,Male,1983-01-20,Indore,Madhya Pradesh,Retired,Retail,278922.12,2019-09-29,Krishna Jain
C04448,Sara,Kapoor,Male,1962-04-08,Kochi,Kerala,Retired,Retail,180000.0,2019-12-20,Sara Kapoor
C04449,Anaya,Reddy,Male,2003-07-24,Delhi,Delhi,Student,Premium,1987498.22,2022-09-03,Anaya Reddy
C04450,Pari,Agarwal,Male,1999-04-24,Delhi,Delhi,Self Employed,Premium,536255.35,2021-06-21,Pari Agarwal
C04451,Riya,Desai,Male,2003-08-06,Mumbai,Maharashtra,Freelancer,Corporate,1038864.29,2025-06-25,Riya Desai
C04452,Pooja,Verma,Female,1964-11-17,Surat,Gujarat,Salaried,Retail,180000.0,2025-01-03,Pooja Verma
C04453,Ishaan,Iyer,Male,1974-07-24,Noida,Uttar Pradesh,Self Employed,Retail,280416.76,2023-06-06,Ishaan Iyer
C04454,Neha,Jain,Male,1998-05-05,Kolkata,West Bengal,Self Employed,Retail,330603.28,2019-08-28,Neha Jain
C04455,Amit,Kumar,Female,1980-06-08,Mysuru,Karnataka,Business Owner,Retail,576796.54,2022-01-20,Amit Kumar
C04456,Anika,Chopra,Male,1965-12-22,Mysuru,Karnataka,Business Owner,Retail,700373.14,2024-08-25,Anika Chopra
C04457,Pooja,Iyer,Female,1966-04-07,Coimbatore,Tamil Nadu,Business Owner,Premium,619927.27,2019-09-03,Pooja Iyer
C04458,Reyansh,Singh,Male,1985-07-24,Nagpur,Maharashtra,Student,Retail,626832.62,2019-09-28,Reyansh Singh
C04459,Anaya,Desai,Male,1996-02-19,Noida,Uttar Pradesh,Student,Premium,2990792.0,2020-06-09,Anaya Desai
C04460,Aditya,Chopra,Female,1997-12-22,Surat,Gujarat,Freelancer,SME,252000.0,2022-09-19,Aditya Chopra
C04461,Riya,Chopra,Female,1982-10-20,Kolkata,West Bengal,Retired,SME,2269870.85,2022-12-19,Riya Chopra
C04462,Sneha,Desai,Male,1963-12-06,Ahmedabad,Gujarat,Business Owner,Retail,518892.52,2020-08-18,Sneha Desai
C04463,Arjun,Nair,Male,2002-01-24,Jaipur,Rajasthan,Student,Retail,721144.94,2019-09-29,Arjun Nair
C04464,Krishna,Singh,Male,1972-02-16,Surat,Gujarat,Self Employed,Retail,1038714.25,2019-02-09,Krishna Singh
C04465,Ira,Patel,Male,2003-05-05,Gurugram,Haryana,Self Employed,Wealth,1563459.18,2020-11-20,Ira Patel
C04466,Pooja,Malhotra,Female,1973-02-15,Jaipur,Rajasthan,Salaried,Retail,1065541.99,2023-09-05,Pooja Malhotra
C04467,Anaya,Patel,Male,1975-03-16,Noida,Uttar Pradesh,Business Owner,Retail,348039.7,2025-04-17,Anaya Patel
C04468,Aditya,Mishra,Male,1972-11-23,Surat,Gujarat,Student,Retail,188119.07,2020-08-01,Aditya Mishra
C04469,Priya,Joshi,Male,1982-05-15,Noida,Uttar Pradesh,Freelancer,Premium,3503986.07,2025-02-08,Priya Joshi
C04470,Arjun,Singh,Male,1970-06-10,Bhopal,Madhya Pradesh,Student,Retail,824991.62,2024-01-19,Arjun Singh
C04471,Neha,Verma,Male,1996-11-19,Delhi,Delhi,Retired,SME,252000.0,2021-05-28,Neha Verma
C04472,Vihaan,Kapoor,Male,1989-02-22,Kolkata,West Bengal,Student,Premium,991861.42,2019-12-22,Vihaan Kapoor
C04473,Pooja,Bansal,Female,1978-10-20,Kolkata,West Bengal,Salaried,Retail,794203.34,2020-03-31,Pooja Bansal
C04474,Priya,Chopra,Male,1993-07-04,Noida,Uttar Pradesh,Student,Corporate,748298.61,2019-02-16,Priya Chopra
C04475,Amit,Mehta,Female,1960-06-09,Surat,Gujarat,Student,Retail,422710.74,2018-11-17,Amit Mehta
C04476,Priya,Desai,Male,1991-12-09,Delhi,Delhi,Salaried,Retail,322993.34,2019-12-15,Priya Desai
C04477,Myra,Singh,Female,1989-09-27,Mysuru,Karnataka,Student,Corporate,1553697.75,2019-07-31,Myra Singh
C04478,Amit,Gupta,Female,1977-02-18,Pune,Maharashtra,Student,Retail,495791.25,2024-03-10,Amit Gupta
C04479,Krishna,Sharma,Male,1980-12-23,Jaipur,Rajasthan,Retired,SME,535216.98,2019-08-13,Krishna Sharma
C04480,Krishna,Chopra,Male,1982-04-04,Kolkata,West Bengal,Student,Retail,203591.78,2019-04-05,Krishna Chopra
C04481,Priya,Chopra,Female,1974-09-28,Chennai,Tamil Nadu,Business Owner,Corporate,1167623.14,2021-02-26,Priya Chopra
C04482,Krishna,Singh,Female,1988-07-27,Kolkata,West Bengal,Freelancer,Premium,440675.06,2018-09-11,Krishna Singh
C04483,Anaya,Iyer,Male,1982-07-07,Chandigarh,Chandigarh,Retired,Retail,584805.73,2023-11-12,Anaya Iyer
C04484,Ira,Joshi,Female,1972-02-07,Gurugram,Haryana,Self Employed,Retail,538863.89,2022-01-10,Ira Joshi
C04485,Myra,Kulkarni,Female,2004-11-22,Kochi,Kerala,Self Employed,Retail,789755.86,2023-09-30,Myra Kulkarni
C04486,Neha,Reddy,Male,1992-07-23,Kolkata,West Bengal,Student,SME,673039.92,2025-10-06,Neha Reddy
C04487,Sneha,Gupta,Female,1972-07-13,Surat,Gujarat,Business Owner,Retail,441205.04,2020-05-19,Sneha Gupta
C04488,Sneha,Verma,Female,1998-06-12,Coimbatore,Tamil Nadu,Freelancer,Wealth,5026136.13,2024-05-16,Sneha Verma
C04489,Kiara,Mehta,Male,1999-06-17,Bhopal,Madhya Pradesh,Retired,Corporate,604629.67,2024-06-08,Kiara Mehta
C04490,Pari,Joshi,Female,1969-09-11,Jaipur,Rajasthan,Self Employed,Retail,507536.48,2018-12-15,Pari Joshi
C04491,Ishaan,Verma,Female,1996-12-04,Chennai,Tamil Nadu,Student,Retail,807660.77,2022-05-14,Ishaan Verma
C04492,Ishaan,Sharma,Female,1979-03-18,Delhi,Delhi,Self Employed,Wealth,1110837.6,2025-07-06,Ishaan Sharma
C04493,Krishna,Kulkarni,Female,2000-12-15,Indore,Madhya Pradesh,Student,Wealth,1869945.84,2020-08-06,Krishna Kulkarni
C04494,Rohan,Sharma,Male,1988-11-15,Pune,Maharashtra,Student,Premium,924746.74,2025-11-23,Rohan Sharma
C04495,Ayaan,Reddy,Female,1966-10-28,Kolkata,West Bengal,Salaried,Retail,413700.55,2022-01-25,Ayaan Reddy
C04496,Pari,Singh,Male,1977-02-23,Pune,Maharashtra,Salaried,Corporate,971470.41,2024-08-03,Pari Singh
C04497,Aditya,Patel,Female,1980-02-25,Delhi,Delhi,Student,Premium,902127.76,2020-11-17,Aditya Patel
C04498,Arjun,Mehta,Female,1971-10-19,Jaipur,Rajasthan,Retired,Retail,352023.84,2020-02-09,Arjun Mehta
C04499,Amit,Nair,Female,1961-05-20,Chandigarh,Chandigarh,Student,Wealth,1314143.07,2024-02-07,Amit Nair
C04500,Ishaan,Bansal,Female,1978-03-27,Chennai,Tamil Nadu,Salaried,Retail,584450.03,2024-05-26,Ishaan Bansal
C04501,Ishaan,Patel,Male,1973-12-10,Pune,Maharashtra,Salaried,Premium,1487661.03,2019-04-27,Ishaan Patel
C04502,Reyansh,Desai,Male,1963-07-22,Surat,Gujarat,Business Owner,Corporate,570234.32,2019-05-02,Reyansh Desai
C04503,Karan,Verma,Female,2003-08-24,Indore,Madhya Pradesh,Salaried,SME,1118312.61,2024-02-19,Karan Verma
C04504,Aarav,Bansal,Male,1966-11-28,Delhi,Delhi,Retired,Retail,237091.08,2019-11-07,Aarav Bansal
C04505,Rohan,Patel,Male,1964-09-13,Lucknow,Uttar Pradesh,Retired,Retail,576931.94,2018-09-06,Rohan Patel
C04506,Sara,Sharma,Male,1975-09-18,Delhi,Delhi,Freelancer,Retail,353228.28,2021-12-28,Sara Sharma
C04507,Aditya,Patel,Male,1998-06-08,Jaipur,Rajasthan,Business Owner,Corporate,881150.95,2021-04-10,Aditya Patel
C04508,Aadhya,Kumar,Female,2004-03-17,Jaipur,Rajasthan,Salaried,Retail,540068.27,2025-06-10,Aadhya Kumar
C04509,Aditya,Jain,Female,1974-09-23,Gurugram,Haryana,Retired,Retail,500394.92,2018-11-05,Aditya Jain
C04510,Riya,Desai,Female,1980-01-20,Hyderabad,Telangana,Self Employed,Retail,653539.6,2023-11-05,Riya Desai
C04511,Nisha,Patel,Male,1999-04-20,Ahmedabad,Gujarat,Student,Retail,540127.74,2026-01-19,Nisha Patel
C04512,Anaya,Joshi,Female,1974-04-07,Indore,Madhya Pradesh,Retired,SME,381904.68,2025-07-06,Anaya Joshi
C04513,Neha,Kumar,Male,1971-12-10,Pune,Maharashtra,Retired,Premium,609662.02,2022-01-23,Neha Kumar
C04514,Ishaan,Malhotra,Female,1982-12-11,Kochi,Kerala,Student,Corporate,1239323.84,2024-09-01,Ishaan Malhotra
C04515,Myra,Sharma,Male,1960-08-09,Delhi,Delhi,Freelancer,Retail,1543188.26,2019-07-06,Myra Sharma
C04516,Arjun,Desai,Female,1966-12-21,Gurugram,Haryana,Freelancer,Retail,291242.08,2025-01-12,Arjun Desai
C04517,Sara,Singh,Male,1993-04-19,Chandigarh,Chandigarh,Salaried,Retail,581420.29,2019-09-08,Sara Singh
C04518,Diya,Gupta,Male,1989-03-20,Chandigarh,Chandigarh,Student,Retail,705125.03,2020-05-29,Diya Gupta
C04519,Karan,Joshi,Male,1963-11-02,Jaipur,Rajasthan,Freelancer,Retail,687084.49,2018-04-05,Karan Joshi
C04520,Riya,Mishra,Male,1970-06-04,Gurugram,Haryana,Salaried,Retail,294988.94,2019-11-04,Riya Mishra
C04521,Pari,Desai,Male,1978-07-06,Indore,Madhya Pradesh,Freelancer,Retail,297938.81,2024-12-25,Pari Desai
C04522,Karan,Iyer,Male,1985-06-13,Kolkata,West Bengal,Retired,Retail,484622.26,2024-05-10,Karan Iyer
C04523,Myra,Bansal,Male,1979-02-25,Chennai,Tamil Nadu,Student,Retail,376450.18,2024-03-25,Myra Bansal
C04524,Ishaan,Jain,Female,1982-07-10,Gurugram,Haryana,Student,Corporate,764727.9,2024-07-18,Ishaan Jain
C04525,Anika,Bansal,Female,2002-06-22,Kolkata,West Bengal,Salaried,Retail,603206.76,2022-06-12,Anika Bansal
C04526,Kabir,Sharma,Female,1998-12-25,Jaipur,Rajasthan,Retired,Premium,414370.39,2019-07-17,Kabir Sharma
C04527,Aadhya,Mishra,Female,1986-09-15,Coimbatore,Tamil Nadu,Retired,Retail,815144.33,2022-01-02,Aadhya Mishra
C04528,Aarav,Chopra,Male,1994-01-26,Pune,Maharashtra,Retired,Corporate,1314186.54,2025-11-24,Aarav Chopra
C04529,Aarav,Mishra,Male,1992-06-02,Gurugram,Haryana,Self Employed,Premium,1738915.72,2021-10-02,Aarav Mishra
C04530,Ishaan,Reddy,Female,1967-03-25,Gurugram,Haryana,Self Employed,Corporate,1228155.54,2023-07-11,Ishaan Reddy
C04531,Krishna,Kapoor,Female,1975-06-24,Ahmedabad,Gujarat,Freelancer,Retail,906287.68,2019-01-11,Krishna Kapoor
C04532,Amit,Malhotra,Male,2002-02-05,Coimbatore,Tamil Nadu,Freelancer,Premium,1427262.44,2024-02-16,Amit Malhotra
C04533,Pari,Mishra,Male,1974-11-28,Coimbatore,Tamil Nadu,Student,Retail,442687.78,2024-08-15,Pari Mishra
C04534,Arjun,Malhotra,Female,1974-06-25,Kolkata,West Bengal,Freelancer,Premium,918742.27,2025-08-15,Arjun Malhotra
C04535,Sara,Nair,Female,1965-03-01,Coimbatore,Tamil Nadu,Self Employed,Premium,324000.0,2018-09-17,Sara Nair
C04536,Vihaan,Verma,Female,1965-05-20,Mysuru,Karnataka,Freelancer,Retail,517200.75,2018-01-12,Vihaan Verma
C04537,Kabir,Kulkarni,Female,2003-06-20,Chennai,Tamil Nadu,Salaried,Corporate,1121770.63,2018-04-25,Kabir Kulkarni
C04538,Pooja,Reddy,Male,1999-08-12,Kolkata,West Bengal,Salaried,Corporate,2005113.57,2018-03-09,Pooja Reddy
C04539,Ira,Kumar,Female,1970-01-22,Chennai,Tamil Nadu,Business Owner,Retail,357494.86,2021-01-16,Ira Kumar
C04540,Diya,Nair,Male,1962-08-18,Nagpur,Maharashtra,Business Owner,Retail,372639.3,2019-05-10,Diya Nair
C04541,Aarav,Kulkarni,Female,1963-10-07,Chandigarh,Chandigarh,Freelancer,Retail,1642833.49,2018-05-02,Aarav Kulkarni
C04542,Anika,Reddy,Male,1965-11-14,Ahmedabad,Gujarat,Student,Premium,1141806.76,2024-09-27,Anika Reddy
C04543,Pooja,Verma,Female,1983-10-27,Coimbatore,Tamil Nadu,Retired,Retail,1044407.8,2024-12-11,Pooja Verma
C04544,Pari,Reddy,Male,1968-07-20,Delhi,Delhi,Student,SME,344112.2,2018-03-27,Pari Reddy
C04545,Rohan,Singh,Male,2001-03-16,Bhopal,Madhya Pradesh,Retired,Retail,180000.0,2020-11-26,Rohan Singh
C04546,Riya,Reddy,Male,1997-12-25,Kolkata,West Bengal,Retired,Retail,401229.84,2021-11-18,Riya Reddy
C04547,Krishna,Kapoor,Male,1972-04-16,Surat,Gujarat,Self Employed,Retail,1375085.84,2026-03-19,Krishna Kapoor
C04548,Aditya,Gupta,Male,1990-12-17,Kochi,Kerala,Self Employed,Retail,808517.64,2023-04-23,Aditya Gupta
C04549,Krishna,Patel,Female,1980-11-06,Chandigarh,Chandigarh,Salaried,Retail,268033.6,2025-07-03,Krishna Patel
C04550,Ayaan,Agarwal,Female,1966-03-16,Jaipur,Rajasthan,Retired,Retail,686566.77,2025-03-30,Ayaan Agarwal
C04551,Arjun,Kumar,Male,1992-12-03,Pune,Maharashtra,Business Owner,Retail,187002.89,2021-02-28,Arjun Kumar
C04552,Amit,Malhotra,Male,1978-11-27,Bhopal,Madhya Pradesh,Student,Premium,766060.63,2020-11-12,Amit Malhotra
C04553,Arjun,Iyer,Male,1982-08-04,Nagpur,Maharashtra,Salaried,SME,333337.82,2025-11-20,Arjun Iyer
C04554,Neha,Gupta,Male,1992-05-06,Gurugram,Haryana,Freelancer,Retail,728239.78,2019-01-27,Neha Gupta
C04555,Nisha,Verma,Female,1991-08-22,Lucknow,Uttar Pradesh,Freelancer,Retail,329395.23,2025-06-27,Nisha Verma
C04556,Ayaan,Mehta,Female,1996-03-11,Indore,Madhya Pradesh,Retired,Premium,1034342.06,2019-04-17,Ayaan Mehta
C04557,Karan,Jain,Female,1986-09-06,Lucknow,Uttar Pradesh,Retired,Corporate,809069.98,2022-02-16,Karan Jain
C04558,Rahul,Singh,Female,1985-03-03,Chennai,Tamil Nadu,Salaried,Retail,564053.83,2023-02-16,Rahul Singh
C04559,Aadhya,Singh,Male,1987-05-24,Ahmedabad,Gujarat,Salaried,Premium,344874.64,2025-10-22,Aadhya Singh
C04560,Karan,Mishra,Female,1981-01-21,Lucknow,Uttar Pradesh,Retired,SME,371445.58,2025-09-21,Karan Mishra
C04561,Ira,Nair,Female,1980-01-19,Nagpur,Maharashtra,Business Owner,Retail,645880.87,2021-01-17,Ira Nair
C04562,Arjun,Verma,Female,1977-12-20,Nagpur,Maharashtra,Student,Retail,340457.96,2020-10-23,Arjun Verma
C04563,Krishna,Kapoor,Male,1968-11-04,Chennai,Tamil Nadu,Business Owner,Retail,372921.3,2022-04-23,Krishna Kapoor
C04564,Sara,Nair,Male,1966-05-10,Coimbatore,Tamil Nadu,Business Owner,Retail,303705.01,2021-07-27,Sara Nair
C04565,Sneha,Chopra,Female,1980-03-23,Gurugram,Haryana,Student,SME,1040683.94,2021-07-26,Sneha Chopra
C04566,Arjun,Patel,Male,1995-10-08,Mumbai,Maharashtra,Retired,SME,588010.22,2019-02-06,Arjun Patel
C04567,Ayaan,Mishra,Male,1987-12-20,Lucknow,Uttar Pradesh,Student,Premium,795582.18,2023-06-10,Ayaan Mishra
C04568,Krishna,Gupta,Male,1968-12-25,Indore,Madhya Pradesh,Business Owner,Wealth,1006596.3,2018-01-07,Krishna Gupta
C04569,Arjun,Kumar,Male,1993-11-07,Noida,Uttar Pradesh,Student,Retail,259682.21,2019-08-22,Arjun Kumar
C04570,Vivaan,Verma,Female,1988-05-03,Pune,Maharashtra,Self Employed,Premium,349383.1,2019-10-23,Vivaan Verma
C04571,Myra,Joshi,Male,1998-10-18,Lucknow,Uttar Pradesh,Business Owner,Premium,882432.61,2019-10-15,Myra Joshi
C04572,Diya,Desai,Male,1960-09-11,Mysuru,Karnataka,Student,SME,274167.54,2020-07-16,Diya Desai
C04573,Ira,Kapoor,Male,1965-09-20,Gurugram,Haryana,Retired,Retail,480215.96,2019-05-17,Ira Kapoor
C04574,Arjun,Sharma,Female,1998-10-09,Mysuru,Karnataka,Business Owner,Retail,573792.77,2020-02-17,Arjun Sharma
C04575,Sneha,Nair,Male,2002-10-24,Noida,Uttar Pradesh,Self Employed,Premium,1585242.86,2021-03-08,Sneha Nair
C04576,Aarav,Reddy,Male,2003-08-23,Nagpur,Maharashtra,Retired,Retail,490707.33,2025-07-27,Aarav Reddy
C04577,Amit,Verma,Male,1971-05-05,Noida,Uttar Pradesh,Retired,Retail,205184.77,2025-03-27,Amit Verma
C04578,Arjun,Nair,Male,2003-12-25,Bengaluru,Karnataka,Salaried,Retail,280978.98,2025-05-17,Arjun Nair
C04579,Ira,Mehta,Male,2001-11-16,Bhopal,Madhya Pradesh,Student,Corporate,641582.37,2019-05-02,Ira Mehta
C04580,Aditya,Verma,Male,1965-03-12,Delhi,Delhi,Business Owner,Retail,376538.51,2019-04-02,Aditya Verma
C04581,Kabir,Mishra,Female,1992-11-06,Nagpur,Maharashtra,Self Employed,Retail,284233.02,2018-06-02,Kabir Mishra
C04582,Aditya,Kapoor,Female,1984-10-19,Jaipur,Rajasthan,Student,Premium,1293703.38,2023-09-07,Aditya Kapoor
C04583,Vivaan,Desai,Female,1982-02-14,Nagpur,Maharashtra,Business Owner,Retail,199176.24,2018-03-27,Vivaan Desai
C04584,Vihaan,Chopra,Male,1989-08-13,Delhi,Delhi,Business Owner,Retail,528935.25,2023-04-15,Vihaan Chopra
C04585,Anika,Desai,Female,1965-01-02,Kolkata,West Bengal,Business Owner,Retail,368529.28,2020-09-06,Anika Desai
C04586,Kabir,Patel,Female,1990-11-08,Nagpur,Maharashtra,Business Owner,Retail,818023.92,2023-08-22,Kabir Patel
C04587,Sneha,Patel,Male,1984-04-28,Bengaluru,Karnataka,Self Employed,Retail,305677.77,2022-07-26,Sneha Patel
C04588,Ira,Verma,Male,1990-03-11,Noida,Uttar Pradesh,Freelancer,SME,252000.0,2018-12-21,Ira Verma
C04589,Anika,Kumar,Female,1969-07-05,Pune,Maharashtra,Self Employed,Retail,1000123.93,2019-09-17,Anika Kumar
C04590,Rahul,Reddy,Female,1970-06-10,Nagpur,Maharashtra,Student,SME,951084.92,2020-06-30,Rahul Reddy
C04591,Rahul,Verma,Male,1987-10-03,Bengaluru,Karnataka,Student,Retail,314735.18,2021-10-17,Rahul Verma
C04592,Priya,Chopra,Male,1982-12-28,Lucknow,Uttar Pradesh,Self Employed,SME,415022.37,2022-08-04,Priya Chopra
C04593,Sneha,Desai,Female,1984-02-16,Indore,Madhya Pradesh,Self Employed,Retail,417864.82,2019-08-08,Sneha Desai
C04594,Arjun,Desai,Female,1970-12-02,Chennai,Tamil Nadu,Retired,Retail,633854.04,2023-01-17,Arjun Desai
C04595,Ira,Mishra,Female,1963-07-09,Kochi,Kerala,Self Employed,Retail,199843.61,2018-10-11,Ira Mishra
C04596,Nisha,Kapoor,Female,1987-01-04,Mysuru,Karnataka,Self Employed,Retail,677620.44,2019-01-12,Nisha Kapoor
C04597,Aditya,Desai,Male,2000-12-22,Mysuru,Karnataka,Freelancer,Retail,656643.77,2020-12-05,Aditya Desai
C04598,Rahul,Malhotra,Male,2000-08-20,Noida,Uttar Pradesh,Retired,Wealth,555034.74,2023-09-28,Rahul Malhotra
C04599,Kabir,Malhotra,Female,1981-09-23,Lucknow,Uttar Pradesh,Business Owner,Corporate,879653.65,2024-11-15,Kabir Malhotra
C04600,Pooja,Nair,Male,1996-10-25,Jaipur,Rajasthan,Freelancer,Corporate,955588.37,2024-07-07,Pooja Nair
C04601,Ira,Reddy,Female,1979-04-13,Pune,Maharashtra,Freelancer,Retail,670998.5,2023-12-03,Ira Reddy
C04602,Sneha,Jain,Male,1963-12-15,Coimbatore,Tamil Nadu,Business Owner,Retail,558857.35,2020-08-10,Sneha Jain
C04603,Myra,Agarwal,Female,1992-02-11,Pune,Maharashtra,Business Owner,Retail,473832.23,2019-03-20,Myra Agarwal
C04604,Sara,Patel,Male,1998-04-22,Mysuru,Karnataka,Student,SME,395199.36,2021-10-09,Sara Patel
C04605,Aadhya,Joshi,Female,1973-08-04,Gurugram,Haryana,Salaried,Retail,320940.94,2024-04-10,Aadhya Joshi
C04606,Ayaan,Sharma,Male,1982-08-02,Indore,Madhya Pradesh,Business Owner,Retail,615551.24,2021-06-30,Ayaan Sharma
C04607,Rohan,Nair,Male,1977-02-20,Surat,Gujarat,Freelancer,Wealth,632361.03,2018-08-23,Rohan Nair
C04608,Pooja,Agarwal,Female,1987-08-11,Noida,Uttar Pradesh,Salaried,Retail,565404.11,2018-10-18,Pooja Agarwal
C04609,Neha,Jain,Male,1989-02-27,Bengaluru,Karnataka,Retired,Retail,246422.51,2023-02-27,Neha Jain
C04610,Sara,Mehta,Female,1993-05-14,Mysuru,Karnataka,Self Employed,SME,750283.86,2025-02-22,Sara Mehta
C04611,Ishaan,Bansal,Male,1986-10-26,Mysuru,Karnataka,Salaried,Retail,371003.46,2018-06-26,Ishaan Bansal
C04612,Vivaan,Sharma,Female,1985-11-20,Mumbai,Maharashtra,Salaried,SME,1085719.31,2018-09-16,Vivaan Sharma
C04613,Pooja,Patel,Male,1973-03-12,Bhopal,Madhya Pradesh,Student,Premium,1071127.82,2019-01-20,Pooja Patel
C04614,Vivaan,Sharma,Male,1993-06-26,Mumbai,Maharashtra,Salaried,Retail,423408.79,2019-09-06,Vivaan Sharma
C04615,Priya,Mishra,Male,1968-12-04,Delhi,Delhi,Business Owner,Retail,249108.27,2019-01-28,Priya Mishra
C04616,Aadhya,Kapoor,Male,1967-02-25,Pune,Maharashtra,Business Owner,SME,648946.77,2026-02-22,Aadhya Kapoor
C04617,Nisha,Jain,Male,1967-01-26,Nagpur,Maharashtra,Salaried,Retail,404166.75,2019-03-27,Nisha Jain
C04618,Kiara,Mehta,Male,1999-05-03,Chennai,Tamil Nadu,Retired,Retail,1595949.8,2019-09-06,Kiara Mehta
C04619,Kiara,Kulkarni,Male,1983-02-19,Delhi,Delhi,Salaried,Retail,447109.56,2018-09-15,Kiara Kulkarni
C04620,Vivaan,Kumar,Female,1961-03-27,Indore,Madhya Pradesh,Freelancer,Retail,504421.05,2019-10-04,Vivaan Kumar
C04621,Kabir,Agarwal,Male,1993-11-26,Bengaluru,Karnataka,Business Owner,Retail,194714.52,2025-10-19,Kabir Agarwal
C04622,Reyansh,Mehta,Female,1982-10-27,Jaipur,Rajasthan,Self Employed,Wealth,1565617.62,2020-07-19,Reyansh Mehta
C04623,Vihaan,Joshi,Male,2002-08-21,Mysuru,Karnataka,Salaried,Retail,445069.5,2019-09-26,Vihaan Joshi
C04624,Ayaan,Gupta,Female,1985-02-23,Mumbai,Maharashtra,Student,Retail,613911.58,2022-10-09,Ayaan Gupta
C04625,Anika,Sharma,Female,1977-05-17,Jaipur,Rajasthan,Self Employed,SME,252000.0,2024-11-23,Anika Sharma
C04626,Myra,Bansal,Male,1962-05-20,Pune,Maharashtra,Retired,Retail,371139.45,2022-03-30,Myra Bansal
C04627,Aditya,Verma,Female,2000-03-26,Pune,Maharashtra,Freelancer,Premium,505217.07,2023-07-12,Aditya Verma
C04628,Rahul,Iyer,Female,1986-05-27,Mysuru,Karnataka,Freelancer,Wealth,1066325.01,2021-06-01,Rahul Iyer
C04629,Nisha,Kulkarni,Male,1982-08-15,Surat,Gujarat,Business Owner,Premium,324000.0,2020-03-20,Nisha Kulkarni
C04630,Amit,Joshi,Male,1970-08-17,Hyderabad,Telangana,Self Employed,Corporate,1110562.29,2023-04-03,Amit Joshi
C04631,Sara,Nair,Female,1987-06-09,Ahmedabad,Gujarat,Student,Corporate,1018664.24,2025-09-21,Sara Nair
C04632,Pooja,Sharma,Male,1981-11-09,Chennai,Tamil Nadu,Freelancer,Premium,324000.0,2019-02-15,Pooja Sharma
C04633,Sneha,Iyer,Male,1974-07-14,Chennai,Tamil Nadu,Self Employed,Retail,280223.47,2021-11-30,Sneha Iyer
C04634,Kiara,Desai,Female,1986-09-26,Ahmedabad,Gujarat,Freelancer,Retail,628044.34,2022-02-18,Kiara Desai
C04635,Aarav,Gupta,Male,1998-11-05,Chennai,Tamil Nadu,Self Employed,Premium,1836956.23,2025-02-16,Aarav Gupta
C04636,Myra,Jain,Male,2000-07-03,Jaipur,Rajasthan,Salaried,Corporate,519682.99,2021-06-26,Myra Jain
C04637,Rahul,Singh,Male,1967-02-12,Bengaluru,Karnataka,Salaried,Corporate,1047618.18,2021-12-19,Rahul Singh
C04638,Nisha,Chopra,Female,1999-05-06,Lucknow,Uttar Pradesh,Salaried,Retail,198225.61,2024-06-20,Nisha Chopra
C04639,Nisha,Kulkarni,Male,1984-04-20,Bengaluru,Karnataka,Salaried,Retail,505262.09,2022-02-27,Nisha Kulkarni
C04640,Ayaan,Sharma,Male,1962-11-20,Bengaluru,Karnataka,Self Employed,Premium,880467.89,2023-02-25,Ayaan Sharma
C04641,Ishaan,Singh,Female,1974-03-25,Indore,Madhya Pradesh,Freelancer,Retail,363859.69,2022-08-19,Ishaan Singh
C04642,Ayaan,Gupta,Male,1995-01-27,Noida,Uttar Pradesh,Business Owner,Premium,1315088.93,2020-10-06,Ayaan Gupta
C04643,Nisha,Jain,Male,1963-08-11,Bengaluru,Karnataka,Business Owner,Retail,868042.74,2019-03-22,Nisha Jain
C04644,Sneha,Chopra,Female,1971-07-24,Hyderabad,Telangana,Freelancer,SME,397657.81,2022-04-12,Sneha Chopra
C04645,Priya,Patel,Female,1978-04-17,Mysuru,Karnataka,Student,Corporate,3095106.39,2021-05-15,Priya Patel
C04646,Vivaan,Desai,Female,2004-09-24,Delhi,Delhi,Freelancer,Premium,616494.8,2023-04-28,Vivaan Desai
C04647,Sneha,Agarwal,Female,1975-09-26,Hyderabad,Telangana,Self Employed,Premium,783512.68,2025-04-23,Sneha Agarwal
C04648,Sai,Kumar,Female,1981-10-15,Chennai,Tamil Nadu,Business Owner,SME,704245.58,2021-11-13,Sai Kumar
C04649,Riya,Chopra,Male,1961-12-21,Chennai,Tamil Nadu,Salaried,SME,252000.0,2023-04-23,Riya Chopra
C04650,Kabir,Verma,Female,1993-06-26,Jaipur,Rajasthan,Student,Retail,180000.0,2025-11-21,Kabir Verma
C04651,Sai,Joshi,Male,1994-07-13,Chandigarh,Chandigarh,Retired,SME,1365097.99,2021-10-18,Sai Joshi
C04652,Pooja,Desai,Male,1960-01-24,Lucknow,Uttar Pradesh,Retired,Premium,2339503.63,2021-10-02,Pooja Desai
C04653,Rohan,Joshi,Male,2000-06-13,Gurugram,Haryana,Self Employed,Premium,625212.45,2022-01-09,Rohan Joshi
C04654,Ayaan,Gupta,Male,1979-06-17,Gurugram,Haryana,Salaried,Premium,788233.09,2022-12-28,Ayaan Gupta
C04655,Arjun,Nair,Male,1967-08-08,Kolkata,West Bengal,Salaried,Premium,679522.3,2021-10-11,Arjun Nair
C04656,Anika,Jain,Male,1981-07-19,Bengaluru,Karnataka,Student,Retail,262204.51,2018-10-08,Anika Jain
C04657,Rohan,Kapoor,Male,1980-11-20,Lucknow,Uttar Pradesh,Salaried,Retail,1368356.88,2021-12-03,Rohan Kapoor
C04658,Riya,Bansal,Female,1994-03-11,Hyderabad,Telangana,Self Employed,Retail,663385.15,2025-07-20,Riya Bansal
C04659,Rohan,Malhotra,Female,1967-07-03,Noida,Uttar Pradesh,Retired,Corporate,459161.32,2021-04-16,Rohan Malhotra
C04660,Rohan,Kulkarni,Male,2002-12-16,Delhi,Delhi,Salaried,Retail,273282.53,2025-10-09,Rohan Kulkarni
C04661,Vihaan,Singh,Female,1988-12-12,Nagpur,Maharashtra,Freelancer,Retail,332561.66,2022-06-10,Vihaan Singh
C04662,Pari,Mehta,Male,1981-10-28,Bhopal,Madhya Pradesh,Salaried,Retail,253614.64,2018-12-10,Pari Mehta
C04663,Aarav,Kumar,Female,1980-07-25,Bengaluru,Karnataka,Freelancer,Premium,843490.12,2019-05-28,Aarav Kumar
C04664,Diya,Gupta,Female,1993-01-13,Mysuru,Karnataka,Self Employed,Premium,585879.03,2019-08-16,Diya Gupta
C04665,Nisha,Verma,Female,2002-02-14,Chandigarh,Chandigarh,Freelancer,SME,549866.97,2020-09-11,Nisha Verma
C04666,Anaya,Reddy,Female,1992-08-03,Chandigarh,Chandigarh,Self Employed,Premium,603409.23,2018-05-02,Anaya Reddy
C04667,Myra,Jain,Female,1989-11-10,Mumbai,Maharashtra,Business Owner,Corporate,3414875.9,2019-05-12,Myra Jain
C04668,Vihaan,Chopra,Male,1986-12-27,Chennai,Tamil Nadu,Self Employed,Corporate,1952347.25,2019-12-18,Vihaan Chopra
C04669,Diya,Kulkarni,Female,1974-04-23,Kolkata,West Bengal,Student,Retail,198912.17,2018-08-17,Diya Kulkarni
C04670,Aadhya,Bansal,Female,1963-03-27,Jaipur,Rajasthan,Salaried,SME,466372.1,2022-05-03,Aadhya Bansal
C04671,Kiara,Agarwal,Female,2001-11-12,Nagpur,Maharashtra,Business Owner,Retail,180000.0,2021-11-18,Kiara Agarwal
C04672,Kabir,Reddy,Male,1968-07-25,Noida,Uttar Pradesh,Self Employed,Wealth,1294582.08,2025-07-17,Kabir Reddy
C04673,Ishaan,Agarwal,Male,1960-11-25,Hyderabad,Telangana,Business Owner,SME,372165.95,2024-07-16,Ishaan Agarwal
C04674,Aarav,Agarwal,Female,1963-01-01,Ahmedabad,Gujarat,Salaried,SME,724652.95,2022-05-07,Aarav Agarwal
C04675,Kabir,Singh,Female,1993-09-04,Noida,Uttar Pradesh,Salaried,Premium,1281559.59,2024-05-08,Kabir Singh
C04676,Riya,Malhotra,Female,1992-10-19,Mysuru,Karnataka,Retired,SME,911888.84,2019-06-11,Riya Malhotra
C04677,Pooja,Desai,Female,1986-06-01,Mysuru,Karnataka,Student,Retail,453704.5,2018-02-02,Pooja Desai
C04678,Pooja,Singh,Male,1992-01-17,Mysuru,Karnataka,Student,Retail,308191.81,2019-06-22,Pooja Singh
C04679,Ira,Gupta,Female,1998-02-11,Chennai,Tamil Nadu,Student,Retail,452395.98,2021-10-12,Ira Gupta
C04680,Sneha,Kulkarni,Female,1991-08-07,Bengaluru,Karnataka,Retired,Retail,180000.0,2020-10-04,Sneha Kulkarni
C04681,Kiara,Kumar,Female,1975-06-05,Mysuru,Karnataka,Business Owner,Premium,1368042.32,2024-12-01,Kiara Kumar
C04682,Arjun,Iyer,Female,1991-07-22,Lucknow,Uttar Pradesh,Student,Retail,199151.38,2025-01-08,Arjun Iyer
C04683,Amit,Iyer,Female,1967-07-07,Coimbatore,Tamil Nadu,Retired,Premium,736163.62,2025-10-10,Amit Iyer
C04684,Anaya,Sharma,Male,1986-03-18,Noida,Uttar Pradesh,Self Employed,Retail,340421.05,2021-03-06,Anaya Sharma
C04685,Ira,Kulkarni,Female,1960-12-16,Ahmedabad,Gujarat,Student,Retail,779704.41,2021-05-20,Ira Kulkarni
C04686,Ira,Jain,Male,1987-12-11,Chennai,Tamil Nadu,Retired,Retail,337117.72,2024-04-03,Ira Jain
C04687,Sara,Reddy,Male,1966-03-11,Gurugram,Haryana,Business Owner,SME,724957.21,2018-08-26,Sara Reddy
C04688,Vivaan,Malhotra,Female,1964-06-03,Noida,Uttar Pradesh,Business Owner,Retail,660994.39,2025-10-10,Vivaan Malhotra
C04689,Krishna,Nair,Female,1999-10-14,Surat,Gujarat,Student,Premium,473441.27,2018-11-17,Krishna Nair
C04690,Rahul,Mehta,Female,1979-02-06,Lucknow,Uttar Pradesh,Salaried,Retail,180000.0,2018-04-15,Rahul Mehta
C04691,Riya,Kulkarni,Female,1983-08-27,Surat,Gujarat,Student,SME,906028.35,2022-02-10,Riya Kulkarni
C04692,Vivaan,Mehta,Male,1970-12-25,Surat,Gujarat,Self Employed,Retail,381269.04,2022-03-20,Vivaan Mehta
C04693,Sara,Gupta,Male,2003-08-15,Jaipur,Rajasthan,Retired,Retail,474240.41,2020-02-01,Sara Gupta
C04694,Ayaan,Iyer,Male,1960-04-22,Pune,Maharashtra,Student,SME,353396.54,2025-09-03,Ayaan Iyer
C04695,Ishaan,Bansal,Female,1991-04-22,Mysuru,Karnataka,Salaried,Premium,370191.06,2023-08-17,Ishaan Bansal
C04696,Myra,Agarwal,Female,1990-09-26,Hyderabad,Telangana,Business Owner,Retail,782663.23,2023-08-13,Myra Agarwal
C04697,Ishaan,Mishra,Male,1999-12-12,Indore,Madhya Pradesh,Student,Retail,480954.6,2024-09-30,Ishaan Mishra
C04698,Neha,Kumar,Male,1986-02-21,Chennai,Tamil Nadu,Freelancer,SME,315775.17,2026-01-18,Neha Kumar
C04699,Amit,Joshi,Male,1982-02-01,Nagpur,Maharashtra,Student,Retail,1174634.86,2025-07-09,Amit Joshi
C04700,Riya,Kapoor,Female,1985-07-17,Bhopal,Madhya Pradesh,Self Employed,SME,696010.14,2018-03-14,Riya Kapoor
C04701,Vivaan,Iyer,Male,1974-03-13,Mumbai,Maharashtra,Business Owner,SME,396963.74,2019-01-20,Vivaan Iyer
C04702,Vihaan,Mehta,Male,1977-03-02,Mysuru,Karnataka,Business Owner,Corporate,2060603.25,2019-12-30,Vihaan Mehta
C04703,Priya,Patel,Male,1978-10-12,Nagpur,Maharashtra,Retired,Retail,588914.57,2021-01-12,Priya Patel
C04704,Ira,Bansal,Female,1970-12-19,Nagpur,Maharashtra,Student,Retail,336039.62,2018-10-14,Ira Bansal
C04705,Kabir,Joshi,Female,2004-10-15,Delhi,Delhi,Business Owner,Retail,388020.94,2025-01-28,Kabir Joshi
C04706,Rohan,Nair,Female,1985-02-09,Coimbatore,Tamil Nadu,Self Employed,Premium,2281263.66,2018-09-29,Rohan Nair
C04707,Vivaan,Sharma,Male,1963-01-17,Gurugram,Haryana,Business Owner,Corporate,1050016.51,2019-03-02,Vivaan Sharma
C04708,Sara,Mehta,Male,1962-04-13,Jaipur,Rajasthan,Salaried,Premium,536454.41,2020-04-17,Sara Mehta
C04709,Sneha,Agarwal,Female,2000-03-10,Chennai,Tamil Nadu,Student,Retail,845377.33,2019-10-28,Sneha Agarwal
C04710,Ishaan,Singh,Male,1990-08-20,Bengaluru,Karnataka,Salaried,SME,1089199.2,2018-05-24,Ishaan Singh
C04711,Neha,Iyer,Male,1991-03-16,Mysuru,Karnataka,Student,SME,648346.48,2021-10-12,Neha Iyer
C04712,Pooja,Reddy,Female,1991-11-19,Mumbai,Maharashtra,Salaried,Retail,747051.67,2024-12-24,Pooja Reddy
C04713,Sara,Patel,Female,2004-11-21,Surat,Gujarat,Business Owner,Retail,525058.6,2023-06-07,Sara Patel
C04714,Kiara,Kumar,Male,1987-06-23,Pune,Maharashtra,Student,Retail,991923.67,2023-09-27,Kiara Kumar
C04715,Sai,Patel,Male,2004-08-15,Kolkata,West Bengal,Freelancer,Retail,869175.09,2025-05-09,Sai Patel
C04716,Amit,Jain,Male,1965-08-13,Chandigarh,Chandigarh,Salaried,Premium,748960.61,2019-06-05,Amit Jain
C04717,Ishaan,Iyer,Male,2001-08-19,Gurugram,Haryana,Student,SME,1657708.01,2023-09-03,Ishaan Iyer
C04718,Ira,Verma,Female,1972-01-23,Chennai,Tamil Nadu,Business Owner,Wealth,741648.39,2022-10-02,Ira Verma
C04719,Kiara,Malhotra,Female,1996-05-24,Coimbatore,Tamil Nadu,Retired,Premium,2242001.84,2025-04-21,Kiara Malhotra
C04720,Reyansh,Kapoor,Male,1991-12-09,Bhopal,Madhya Pradesh,Self Employed,Premium,559997.01,2022-03-29,Reyansh Kapoor
C04721,Diya,Jain,Female,1985-09-16,Kochi,Kerala,Business Owner,Retail,615204.48,2021-09-04,Diya Jain
C04722,Kiara,Nair,Male,2004-07-11,Indore,Madhya Pradesh,Salaried,Retail,489961.39,2023-09-01,Kiara Nair
C04723,Krishna,Patel,Male,1974-03-05,Mysuru,Karnataka,Self Employed,Retail,906475.18,2022-09-23,Krishna Patel
C04724,Kabir,Kulkarni,Male,1979-04-23,Ahmedabad,Gujarat,Salaried,Corporate,607929.85,2021-03-19,Kabir Kulkarni
C04725,Sara,Kulkarni,Female,1969-11-14,Nagpur,Maharashtra,Salaried,Retail,180000.0,2020-04-05,Sara Kulkarni
C04726,Amit,Agarwal,Female,1969-11-17,Kochi,Kerala,Business Owner,Retail,270898.88,2019-04-09,Amit Agarwal
C04727,Riya,Mehta,Male,2001-10-08,Jaipur,Rajasthan,Retired,Premium,1813707.59,2020-04-11,Riya Mehta
C04728,Ira,Joshi,Female,1992-04-24,Lucknow,Uttar Pradesh,Retired,Retail,404682.18,2024-07-07,Ira Joshi
C04729,Pooja,Bansal,Male,1969-06-17,Bhopal,Madhya Pradesh,Student,Retail,395505.67,2021-11-28,Pooja Bansal
C04730,Rahul,Mishra,Male,1969-04-11,Gurugram,Haryana,Student,Retail,981506.56,2024-02-04,Rahul Mishra
C04731,Aarav,Chopra,Female,1974-12-21,Indore,Madhya Pradesh,Retired,Retail,180000.0,2022-07-13,Aarav Chopra
C04732,Vivaan,Malhotra,Female,2002-04-07,Mumbai,Maharashtra,Student,SME,1616979.34,2019-09-23,Vivaan Malhotra
C04733,Myra,Chopra,Female,1986-11-21,Delhi,Delhi,Student,Retail,609833.58,2022-12-25,Myra Chopra
C04734,Anika,Patel,Male,1986-08-22,Kochi,Kerala,Business Owner,Premium,1149030.56,2025-04-24,Anika Patel
C04735,Vivaan,Bansal,Male,1988-05-14,Nagpur,Maharashtra,Business Owner,Retail,262472.7,2019-07-29,Vivaan Bansal
C04736,Aadhya,Desai,Male,1967-01-23,Ahmedabad,Gujarat,Retired,Retail,635825.64,2024-01-07,Aadhya Desai
C04737,Reyansh,Singh,Female,1998-02-20,Hyderabad,Telangana,Salaried,Retail,383930.97,2022-06-28,Reyansh Singh
C04738,Anika,Desai,Female,1983-08-06,Lucknow,Uttar Pradesh,Self Employed,Retail,394345.93,2022-06-14,Anika Desai
C04739,Ishaan,Mehta,Female,1980-01-01,Bhopal,Madhya Pradesh,Retired,Retail,516102.78,2018-02-03,Ishaan Mehta
C04740,Rohan,Kapoor,Male,1997-10-26,Mumbai,Maharashtra,Freelancer,Premium,811019.47,2021-01-01,Rohan Kapoor
C04741,Ayaan,Desai,Female,2004-01-11,Coimbatore,Tamil Nadu,Business Owner,Retail,444943.66,2021-01-24,Ayaan Desai
C04742,Aadhya,Gupta,Male,1978-06-08,Lucknow,Uttar Pradesh,Student,Wealth,3084644.4,2023-08-08,Aadhya Gupta
C04743,Kiara,Nair,Female,1998-11-15,Nagpur,Maharashtra,Freelancer,Retail,300989.49,2025-07-27,Kiara Nair
C04744,Priya,Mishra,Female,1980-04-08,Bengaluru,Karnataka,Freelancer,SME,595929.28,2022-11-25,Priya Mishra
C04745,Ayaan,Malhotra,Female,1975-09-23,Nagpur,Maharashtra,Freelancer,Retail,352170.2,2024-08-31,Ayaan Malhotra
C04746,Priya,Sharma,Male,1967-07-17,Mumbai,Maharashtra,Salaried,SME,1278939.35,2022-07-07,Priya Sharma
C04747,Diya,Kapoor,Male,1999-11-03,Chandigarh,Chandigarh,Retired,Wealth,540000.0,2025-06-03,Diya Kapoor
C04748,Reyansh,Kumar,Male,1969-05-09,Gurugram,Haryana,Salaried,Retail,833433.55,2021-05-28,Reyansh Kumar
C04749,Aditya,Kulkarni,Female,1999-05-09,Kochi,Kerala,Retired,Corporate,1084498.14,2024-09-22,Aditya Kulkarni
C04750,Pari,Verma,Female,1973-01-08,Noida,Uttar Pradesh,Salaried,Premium,525727.33,2021-12-01,Pari Verma
C04751,Arjun,Agarwal,Female,1998-06-23,Surat,Gujarat,Business Owner,Retail,515017.67,2018-06-18,Arjun Agarwal
C04752,Ayaan,Agarwal,Male,2001-02-03,Bhopal,Madhya Pradesh,Salaried,Retail,249860.16,2021-02-02,Ayaan Agarwal
C04753,Amit,Kapoor,Female,1968-09-15,Coimbatore,Tamil Nadu,Self Employed,SME,1236004.6,2023-09-01,Amit Kapoor
C04754,Arjun,Patel,Female,1975-01-25,Nagpur,Maharashtra,Salaried,Premium,839262.78,2021-08-05,Arjun Patel
C04755,Kiara,Verma,Female,1963-09-07,Ahmedabad,Gujarat,Freelancer,Corporate,1053049.43,2026-03-08,Kiara Verma
C04756,Anika,Patel,Female,1982-12-17,Kochi,Kerala,Business Owner,Premium,520814.63,2018-03-05,Anika Patel
C04757,Riya,Kumar,Female,1975-09-27,Chandigarh,Chandigarh,Freelancer,Retail,1040050.89,2018-07-30,Riya Kumar
C04758,Aadhya,Singh,Male,1976-09-15,Kolkata,West Bengal,Salaried,Retail,425104.6,2026-02-24,Aadhya Singh
C04759,Aarav,Gupta,Male,1983-07-01,Pune,Maharashtra,Freelancer,Premium,709869.67,2026-02-20,Aarav Gupta
C04760,Rahul,Verma,Female,1981-01-14,Lucknow,Uttar Pradesh,Salaried,Retail,366189.53,2021-11-30,Rahul Verma
C04761,Anaya,Jain,Male,1961-09-28,Chandigarh,Chandigarh,Student,Retail,354453.5,2024-06-04,Anaya Jain
C04762,Nisha,Kapoor,Male,1997-02-20,Lucknow,Uttar Pradesh,Freelancer,Retail,293852.44,2020-02-21,Nisha Kapoor
C04763,Karan,Chopra,Male,1969-02-23,Coimbatore,Tamil Nadu,Retired,Corporate,2571630.47,2019-05-26,Karan Chopra
C04764,Amit,Nair,Male,1968-08-14,Mumbai,Maharashtra,Business Owner,SME,491310.72,2025-07-30,Amit Nair
C04765,Kiara,Bansal,Male,1970-02-04,Lucknow,Uttar Pradesh,Self Employed,Retail,504504.9,2023-06-10,Kiara Bansal
C04766,Anika,Mehta,Male,1972-11-18,Jaipur,Rajasthan,Business Owner,Retail,240458.68,2022-02-24,Anika Mehta
C04767,Aadhya,Joshi,Male,1975-08-18,Gurugram,Haryana,Freelancer,SME,880264.35,2020-01-11,Aadhya Joshi
C04768,Nisha,Malhotra,Female,1988-05-21,Bhopal,Madhya Pradesh,Student,Retail,366546.43,2023-12-17,Nisha Malhotra
C04769,Anika,Kapoor,Female,2002-06-18,Pune,Maharashtra,Freelancer,Retail,227679.78,2020-05-31,Anika Kapoor
C04770,Ayaan,Malhotra,Female,1967-06-16,Kochi,Kerala,Student,SME,353646.15,2024-01-23,Ayaan Malhotra
C04771,Neha,Reddy,Male,1995-11-02,Mysuru,Karnataka,Business Owner,Wealth,540000.0,2023-12-13,Neha Reddy
C04772,Vihaan,Nair,Female,1967-06-22,Bhopal,Madhya Pradesh,Student,Corporate,1767390.13,2022-07-23,Vihaan Nair
C04773,Arjun,Chopra,Female,1998-11-20,Bengaluru,Karnataka,Student,Retail,869231.2,2024-01-06,Arjun Chopra
C04774,Priya,Chopra,Male,1983-05-28,Kochi,Kerala,Student,Corporate,1195978.98,2023-07-26,Priya Chopra
C04775,Sai,Mehta,Female,1987-06-20,Surat,Gujarat,Business Owner,Premium,562164.32,2019-06-28,Sai Mehta
C04776,Krishna,Agarwal,Female,1995-02-27,Lucknow,Uttar Pradesh,Retired,Retail,262682.32,2025-03-31,Krishna Agarwal
C04777,Ira,Mehta,Female,1993-11-13,Mysuru,Karnataka,Self Employed,Retail,388759.72,2025-12-27,Ira Mehta
C04778,Diya,Patel,Male,1994-01-22,Coimbatore,Tamil Nadu,Salaried,Retail,326740.59,2025-08-07,Diya Patel
C04779,Sara,Joshi,Female,1982-07-04,Noida,Uttar Pradesh,Business Owner,SME,325608.51,2023-02-12,Sara Joshi
C04780,Sneha,Gupta,Female,1972-08-06,Nagpur,Maharashtra,Student,Corporate,493214.02,2018-11-08,Sneha Gupta
C04781,Anaya,Agarwal,Female,2004-07-18,Chandigarh,Chandigarh,Freelancer,Retail,230634.17,2020-03-18,Anaya Agarwal
C04782,Ishaan,Sharma,Female,1973-11-23,Mysuru,Karnataka,Business Owner,Corporate,1738401.63,2023-01-05,Ishaan Sharma
C04783,Vihaan,Jain,Female,1961-08-07,Hyderabad,Telangana,Student,Premium,328637.34,2021-10-30,Vihaan Jain
C04784,Aditya,Agarwal,Male,1991-10-19,Jaipur,Rajasthan,Retired,SME,443593.67,2021-07-19,Aditya Agarwal
C04785,Ishaan,Malhotra,Female,1981-06-03,Hyderabad,Telangana,Salaried,Premium,814907.43,2018-10-01,Ishaan Malhotra
C04786,Krishna,Mishra,Male,1965-11-15,Surat,Gujarat,Business Owner,Retail,1134959.76,2021-06-07,Krishna Mishra
C04787,Vihaan,Desai,Female,1973-04-16,Coimbatore,Tamil Nadu,Retired,Premium,669864.74,2019-01-27,Vihaan Desai
C04788,Reyansh,Jain,Female,1987-11-04,Hyderabad,Telangana,Retired,Retail,338464.08,2021-01-11,Reyansh Jain
C04789,Aarav,Mishra,Male,1999-02-07,Mumbai,Maharashtra,Student,Retail,566571.71,2019-04-01,Aarav Mishra
C04790,Vihaan,Reddy,Female,1983-08-21,Nagpur,Maharashtra,Business Owner,Retail,180000.0,2023-12-20,Vihaan Reddy
C04791,Myra,Kumar,Female,1994-08-28,Noida,Uttar Pradesh,Student,Retail,1257216.83,2026-02-23,Myra Kumar
C04792,Aditya,Chopra,Female,1993-01-18,Bengaluru,Karnataka,Retired,Retail,959112.03,2019-07-28,Aditya Chopra
C04793,Myra,Sharma,Female,1970-04-21,Jaipur,Rajasthan,Freelancer,SME,1338127.38,2022-04-27,Myra Sharma
C04794,Aarav,Reddy,Female,1976-06-01,Hyderabad,Telangana,Freelancer,Retail,566438.1,2026-02-12,Aarav Reddy
C04795,Ayaan,Joshi,Male,2003-10-20,Mysuru,Karnataka,Salaried,Retail,197387.29,2019-12-28,Ayaan Joshi
C04796,Sara,Mehta,Female,2000-07-08,Indore,Madhya Pradesh,Retired,Premium,546421.77,2021-08-20,Sara Mehta
C04797,Pari,Verma,Female,1976-04-05,Pune,Maharashtra,Student,SME,553324.17,2020-08-15,Pari Verma
C04798,Karan,Desai,Female,1973-06-27,Kolkata,West Bengal,Retired,Retail,285255.87,2020-04-23,Karan Desai
C04799,Diya,Gupta,Male,1982-04-19,Pune,Maharashtra,Freelancer,Retail,290330.91,2025-05-21,Diya Gupta
C04800,Rahul,Verma,Male,1999-10-14,Kolkata,West Bengal,Retired,Retail,360826.3,2024-04-19,Rahul Verma
C04801,Krishna,Mehta,Male,1989-03-15,Chandigarh,Chandigarh,Student,Retail,225768.45,2021-04-06,Krishna Mehta
C04802,Kiara,Nair,Male,1964-10-20,Bengaluru,Karnataka,Freelancer,SME,866319.71,2019-10-03,Kiara Nair
C04803,Kabir,Kapoor,Male,1978-03-14,Kolkata,West Bengal,Self Employed,Retail,369906.68,2020-02-15,Kabir Kapoor
C04804,Anika,Mishra,Female,1976-04-12,Bhopal,Madhya Pradesh,Retired,SME,810043.09,2021-05-16,Anika Mishra
C04805,Priya,Jain,Female,1995-10-06,Kolkata,West Bengal,Self Employed,Retail,199695.83,2024-09-09,Priya Jain
C04806,Ira,Agarwal,Female,1999-08-15,Hyderabad,Telangana,Student,Retail,384389.71,2020-04-06,Ira Agarwal
C04807,Reyansh,Patel,Male,1972-07-16,Kochi,Kerala,Salaried,Retail,339648.96,2019-11-18,Reyansh Patel
C04808,Ira,Jain,Female,2000-02-08,Delhi,Delhi,Self Employed,Retail,1002274.85,2025-03-10,Ira Jain
C04809,Anaya,Nair,Female,1971-02-10,Hyderabad,Telangana,Student,Retail,470194.23,2021-03-27,Anaya Nair
C04810,Reyansh,Malhotra,Male,1992-09-23,Nagpur,Maharashtra,Business Owner,Premium,2114502.55,2019-09-10,Reyansh Malhotra
C04811,Ayaan,Iyer,Male,1978-04-02,Kolkata,West Bengal,Salaried,Premium,512378.5,2021-12-12,Ayaan Iyer
C04812,Priya,Sharma,Female,1991-04-22,Bengaluru,Karnataka,Retired,Wealth,2126445.78,2026-02-12,Priya Sharma
C04813,Diya,Jain,Female,2000-10-26,Nagpur,Maharashtra,Student,Premium,616093.47,2019-03-08,Diya Jain
C04814,Ayaan,Singh,Male,1994-01-22,Mumbai,Maharashtra,Self Employed,SME,1287690.74,2024-03-25,Ayaan Singh
C04815,Ayaan,Singh,Female,1976-02-09,Kolkata,West Bengal,Freelancer,Wealth,2660954.1,2019-06-07,Ayaan Singh
C04816,Vivaan,Reddy,Female,1978-05-11,Mysuru,Karnataka,Salaried,Retail,426852.67,2024-12-05,Vivaan Reddy
C04817,Amit,Patel,Male,1991-09-28,Ahmedabad,Gujarat,Freelancer,Retail,568221.43,2021-12-16,Amit Patel
C04818,Sai,Chopra,Male,1966-04-06,Chandigarh,Chandigarh,Business Owner,Retail,349281.77,2021-12-26,Sai Chopra
C04819,Pooja,Kapoor,Male,1986-10-22,Hyderabad,Telangana,Salaried,Retail,275513.9,2018-05-24,Pooja Kapoor
C04820,Vihaan,Desai,Female,1988-02-19,Coimbatore,Tamil Nadu,Business Owner,Retail,180000.0,2021-10-18,Vihaan Desai
C04821,Aadhya,Sharma,Male,1989-09-24,Delhi,Delhi,Self Employed,Retail,517238.84,2021-09-12,Aadhya Sharma
C04822,Riya,Patel,Female,1978-01-22,Surat,Gujarat,Salaried,Premium,965985.89,2023-05-28,Riya Patel
C04823,Reyansh,Agarwal,Male,1987-08-19,Kochi,Kerala,Retired,Wealth,1568067.48,2025-03-31,Reyansh Agarwal
C04824,Krishna,Chopra,Male,2000-10-10,Mysuru,Karnataka,Self Employed,Premium,2046141.52,2020-08-18,Krishna Chopra
C04825,Karan,Iyer,Female,1998-12-22,Bengaluru,Karnataka,Self Employed,Retail,326279.96,2023-01-30,Karan Iyer
C04826,Amit,Kapoor,Female,1981-04-07,Noida,Uttar Pradesh,Student,Retail,429877.73,2022-11-15,Amit Kapoor
C04827,Aditya,Patel,Female,1987-09-12,Bhopal,Madhya Pradesh,Self Employed,SME,952145.33,2018-10-02,Aditya Patel
C04828,Myra,Joshi,Female,2002-12-13,Pune,Maharashtra,Freelancer,Retail,570129.11,2022-01-29,Myra Joshi
C04829,Vivaan,Joshi,Male,1972-02-01,Chennai,Tamil Nadu,Freelancer,Retail,415940.59,2019-08-13,Vivaan Joshi
C04830,Pari,Iyer,Female,1981-10-14,Jaipur,Rajasthan,Retired,Retail,1060093.82,2023-01-23,Pari Iyer
C04831,Krishna,Iyer,Male,1972-06-28,Chandigarh,Chandigarh,Freelancer,Retail,297056.71,2019-02-20,Krishna Iyer
C04832,Arjun,Sharma,Male,1982-12-28,Gurugram,Haryana,Retired,Wealth,1392017.28,2018-07-02,Arjun Sharma
C04833,Riya,Kapoor,Male,1963-11-19,Hyderabad,Telangana,Business Owner,SME,1332192.36,2019-05-24,Riya Kapoor
C04834,Rohan,Patel,Male,1966-05-01,Chennai,Tamil Nadu,Freelancer,Retail,233750.42,2020-12-26,Rohan Patel
C04835,Ayaan,Bansal,Female,2000-05-23,Indore,Madhya Pradesh,Salaried,Retail,519115.73,2020-01-19,Ayaan Bansal
C04836,Neha,Kapoor,Male,1986-05-15,Gurugram,Haryana,Business Owner,Retail,792836.97,2021-10-26,Neha Kapoor
C04837,Anika,Patel,Female,1998-12-13,Noida,Uttar Pradesh,Business Owner,Retail,338948.34,2025-12-09,Anika Patel
C04838,Pooja,Chopra,Female,1968-06-22,Hyderabad,Telangana,Freelancer,Retail,554201.27,2020-01-31,Pooja Chopra
C04839,Anika,Gupta,Male,1987-09-28,Jaipur,Rajasthan,Self Employed,Retail,510318.63,2021-06-10,Anika Gupta
C04840,Riya,Jain,Male,1984-02-09,Ahmedabad,Gujarat,Self Employed,SME,1094289.28,2018-02-02,Riya Jain
C04841,Priya,Gupta,Female,1989-10-23,Chandigarh,Chandigarh,Retired,Retail,407979.83,2018-11-14,Priya Gupta
C04842,Reyansh,Mehta,Female,1990-06-21,Bengaluru,Karnataka,Retired,Retail,566886.7,2023-04-26,Reyansh Mehta
C04843,Sara,Desai,Female,1994-07-02,Mumbai,Maharashtra,Self Employed,Retail,574282.52,2022-02-15,Sara Desai
C04844,Ayaan,Mehta,Male,1989-02-16,Noida,Uttar Pradesh,Salaried,Retail,572332.92,2020-03-28,Ayaan Mehta
C04845,Krishna,Patel,Male,1981-07-19,Gurugram,Haryana,Self Employed,SME,536686.42,2018-10-14,Krishna Patel
C04846,Anika,Nair,Male,1982-02-20,Mysuru,Karnataka,Self Employed,Retail,307611.11,2022-08-16,Anika Nair
C04847,Rahul,Mishra,Male,1972-02-12,Surat,Gujarat,Self Employed,Retail,227053.8,2025-03-14,Rahul Mishra
C04848,Anaya,Joshi,Female,2004-10-04,Chennai,Tamil Nadu,Student,Retail,355107.94,2023-07-26,Anaya Joshi
C04849,Aditya,Nair,Female,1973-07-10,Bengaluru,Karnataka,Self Employed,Retail,713139.29,2020-01-23,Aditya Nair
C04850,Ishaan,Agarwal,Female,2000-03-07,Bhopal,Madhya Pradesh,Freelancer,Retail,358419.28,2020-02-05,Ishaan Agarwal
C04851,Anaya,Malhotra,Male,1988-10-19,Chandigarh,Chandigarh,Freelancer,Retail,346967.32,2020-06-25,Anaya Malhotra
C04852,Karan,Patel,Female,1971-02-22,Kolkata,West Bengal,Business Owner,Premium,630749.68,2018-06-17,Karan Patel
C04853,Kabir,Sharma,Male,1979-05-15,Delhi,Delhi,Freelancer,Retail,396301.77,2021-01-08,Kabir Sharma
C04854,Riya,Chopra,Male,1967-05-04,Nagpur,Maharashtra,Student,SME,748690.87,2021-05-03,Riya Chopra
C04855,Krishna,Iyer,Female,1989-03-24,Gurugram,Haryana,Self Employed,Retail,850381.14,2022-05-07,Krishna Iyer
C04856,Sara,Nair,Female,1986-09-21,Indore,Madhya Pradesh,Student,SME,411694.6,2025-01-22,Sara Nair
C04857,Ayaan,Singh,Female,1984-10-17,Gurugram,Haryana,Retired,Retail,266931.79,2024-04-16,Ayaan Singh
C04858,Riya,Kapoor,Female,1968-02-27,Kochi,Kerala,Salaried,Retail,599613.47,2021-04-29,Riya Kapoor
C04859,Myra,Desai,Female,1978-10-04,Chandigarh,Chandigarh,Salaried,SME,506050.58,2022-08-31,Myra Desai
C04860,Aadhya,Sharma,Female,1973-09-10,Pune,Maharashtra,Retired,Premium,468478.39,2020-01-24,Aadhya Sharma
C04861,Aditya,Sharma,Female,1992-08-19,Gurugram,Haryana,Student,Retail,388202.99,2018-10-14,Aditya Sharma
C04862,Myra,Agarwal,Male,1999-03-20,Kolkata,West Bengal,Retired,SME,380612.97,2023-08-30,Myra Agarwal
C04863,Pooja,Jain,Male,1962-07-19,Coimbatore,Tamil Nadu,Salaried,Retail,632198.24,2020-01-24,Pooja Jain
C04864,Ayaan,Agarwal,Female,1968-08-07,Pune,Maharashtra,Freelancer,Retail,644253.61,2024-06-06,Ayaan Agarwal
C04865,Vivaan,Kulkarni,Male,2004-02-23,Coimbatore,Tamil Nadu,Self Employed,Premium,882931.61,2020-03-17,Vivaan Kulkarni
C04866,Anika,Mishra,Female,1973-04-12,Pune,Maharashtra,Salaried,Corporate,635927.56,2019-03-09,Anika Mishra
C04867,Sara,Mehta,Female,1975-11-25,Mysuru,Karnataka,Retired,Wealth,1844002.23,2019-10-07,Sara Mehta
C04868,Arjun,Kapoor,Female,1995-08-13,Jaipur,Rajasthan,Student,Wealth,1421410.47,2021-09-09,Arjun Kapoor
C04869,Krishna,Joshi,Male,1979-05-22,Mysuru,Karnataka,Student,Retail,448115.49,2019-09-28,Krishna Joshi
C04870,Kabir,Nair,Male,1984-09-03,Mumbai,Maharashtra,Retired,Retail,1287863.68,2023-09-03,Kabir Nair
C04871,Aarav,Sharma,Female,1969-01-06,Jaipur,Rajasthan,Self Employed,SME,628129.54,2025-04-03,Aarav Sharma
C04872,Amit,Patel,Female,1997-02-10,Noida,Uttar Pradesh,Retired,SME,731194.14,2022-08-08,Amit Patel
C04873,Anaya,Verma,Female,1972-01-21,Lucknow,Uttar Pradesh,Business Owner,Retail,1196574.67,2020-09-06,Anaya Verma
C04874,Kabir,Sharma,Male,1988-02-27,Gurugram,Haryana,Freelancer,SME,303443.55,2023-11-01,Kabir Sharma
C04875,Rohan,Chopra,Male,2001-05-25,Hyderabad,Telangana,Freelancer,SME,994132.16,2022-08-01,Rohan Chopra
C04876,Ayaan,Agarwal,Male,1977-01-17,Gurugram,Haryana,Self Employed,Corporate,1172888.05,2023-07-01,Ayaan Agarwal
C04877,Kiara,Kumar,Male,1980-08-23,Mumbai,Maharashtra,Student,Premium,469745.15,2026-03-07,Kiara Kumar
C04878,Diya,Patel,Female,1998-05-04,Coimbatore,Tamil Nadu,Self Employed,Premium,1134336.13,2021-07-13,Diya Patel
C04879,Neha,Bansal,Female,1993-02-26,Indore,Madhya Pradesh,Retired,Retail,180000.0,2021-01-30,Neha Bansal
C04880,Vihaan,Verma,Male,1966-04-06,Indore,Madhya Pradesh,Retired,Premium,1372154.04,2025-04-11,Vihaan Verma
C04881,Anika,Desai,Male,1981-09-25,Mysuru,Karnataka,Salaried,SME,1833792.27,2018-08-06,Anika Desai
C04882,Nisha,Iyer,Female,1978-07-02,Mysuru,Karnataka,Retired,Retail,659133.03,2019-10-30,Nisha Iyer
C04883,Priya,Singh,Male,1997-01-04,Bhopal,Madhya Pradesh,Business Owner,Corporate,2498935.8,2022-10-23,Priya Singh
C04884,Vihaan,Chopra,Male,1965-07-16,Lucknow,Uttar Pradesh,Student,SME,551899.73,2023-12-06,Vihaan Chopra
C04885,Aditya,Malhotra,Male,1995-05-28,Kochi,Kerala,Retired,Retail,1501263.03,2020-03-25,Aditya Malhotra
C04886,Aditya,Sharma,Female,1974-05-16,Kochi,Kerala,Student,Premium,753171.44,2020-08-10,Aditya Sharma
C04887,Reyansh,Gupta,Male,2000-09-01,Mumbai,Maharashtra,Freelancer,Retail,583706.21,2021-05-05,Reyansh Gupta
C04888,Pari,Kulkarni,Female,1971-05-21,Bhopal,Madhya Pradesh,Self Employed,SME,883722.57,2021-09-04,Pari Kulkarni
C04889,Pooja,Mishra,Male,1986-04-10,Nagpur,Maharashtra,Self Employed,Premium,723196.39,2021-02-07,Pooja Mishra
C04890,Reyansh,Verma,Male,1960-01-09,Kolkata,West Bengal,Salaried,Retail,301093.35,2022-12-21,Reyansh Verma
C04891,Rohan,Chopra,Female,1984-02-16,Ahmedabad,Gujarat,Student,Retail,548063.24,2021-06-27,Rohan Chopra
C04892,Amit,Agarwal,Male,2003-03-26,Kochi,Kerala,Retired,Premium,778523.18,2019-03-09,Amit Agarwal
C04893,Nisha,Reddy,Male,1984-10-13,Kochi,Kerala,Business Owner,Premium,556126.18,2022-02-24,Nisha Reddy
C04894,Reyansh,Chopra,Male,1969-05-16,Jaipur,Rajasthan,Salaried,Corporate,1524257.79,2025-12-06,Reyansh Chopra
C04895,Priya,Joshi,Male,1964-07-01,Nagpur,Maharashtra,Retired,Wealth,1234637.01,2018-04-28,Priya Joshi
C04896,Karan,Chopra,Male,1988-01-23,Bengaluru,Karnataka,Student,SME,411117.91,2019-07-04,Karan Chopra
C04897,Diya,Agarwal,Female,2004-09-26,Mysuru,Karnataka,Freelancer,Retail,472536.84,2026-01-26,Diya Agarwal
C04898,Aadhya,Desai,Female,1979-08-02,Pune,Maharashtra,Freelancer,Corporate,560686.81,2021-02-13,Aadhya Desai
C04899,Myra,Gupta,Male,2003-07-11,Mysuru,Karnataka,Salaried,Retail,406832.67,2019-07-29,Myra Gupta
C04900,Kabir,Agarwal,Male,1991-01-04,Pune,Maharashtra,Business Owner,Retail,716616.0,2024-05-22,Kabir Agarwal
C04901,Anaya,Singh,Female,1991-11-19,Surat,Gujarat,Student,SME,252000.0,2022-09-21,Anaya Singh
C04902,Kabir,Reddy,Male,1982-01-23,Bengaluru,Karnataka,Retired,Premium,1045761.55,2022-09-08,Kabir Reddy
C04903,Reyansh,Sharma,Female,1992-07-22,Bengaluru,Karnataka,Self Employed,Corporate,1413530.32,2021-02-21,Reyansh Sharma
C04904,Reyansh,Singh,Male,1970-10-20,Delhi,Delhi,Freelancer,SME,1246736.93,2025-09-26,Reyansh Singh
C04905,Reyansh,Sharma,Male,1964-12-08,Mumbai,Maharashtra,Business Owner,Retail,529664.11,2018-01-31,Reyansh Sharma
C04906,Pooja,Kapoor,Male,1975-08-27,Pune,Maharashtra,Salaried,SME,500980.82,2021-05-30,Pooja Kapoor
C04907,Anika,Jain,Male,1981-07-11,Pune,Maharashtra,Freelancer,Corporate,583057.64,2024-09-14,Anika Jain
C04908,Riya,Kapoor,Male,1999-06-20,Pune,Maharashtra,Business Owner,Retail,608597.6,2022-05-21,Riya Kapoor
C04909,Vihaan,Agarwal,Male,1985-10-28,Noida,Uttar Pradesh,Retired,Retail,546240.66,2022-09-17,Vihaan Agarwal
C04910,Kiara,Patel,Female,1993-09-07,Hyderabad,Telangana,Freelancer,Retail,180000.0,2020-03-05,Kiara Patel
C04911,Anaya,Kumar,Female,1988-11-16,Ahmedabad,Gujarat,Freelancer,SME,535915.07,2025-08-21,Anaya Kumar
C04912,Priya,Reddy,Female,1979-11-26,Nagpur,Maharashtra,Retired,Retail,392091.95,2024-02-08,Priya Reddy
C04913,Sai,Kulkarni,Female,2002-11-09,Bengaluru,Karnataka,Salaried,Retail,266244.95,2022-01-21,Sai Kulkarni
C04914,Krishna,Nair,Male,1994-08-11,Pune,Maharashtra,Retired,SME,289709.55,2026-02-02,Krishna Nair
C04915,Neha,Desai,Male,1994-11-27,Kochi,Kerala,Salaried,SME,252000.0,2020-07-13,Neha Desai
C04916,Nisha,Kumar,Male,1967-10-07,Nagpur,Maharashtra,Business Owner,Retail,679496.16,2018-03-10,Nisha Kumar
C04917,Sneha,Desai,Female,1984-03-10,Chennai,Tamil Nadu,Self Employed,Retail,356234.43,2020-06-02,Sneha Desai
C04918,Pari,Sharma,Male,2002-03-16,Surat,Gujarat,Business Owner,SME,373360.9,2021-07-28,Pari Sharma
C04919,Amit,Kumar,Male,1979-07-21,Chennai,Tamil Nadu,Freelancer,Retail,647768.81,2018-06-22,Amit Kumar
C04920,Sneha,Joshi,Male,1980-05-20,Chandigarh,Chandigarh,Student,Retail,380872.01,2024-05-08,Sneha Joshi
C04921,Karan,Agarwal,Female,1996-10-03,Mumbai,Maharashtra,Student,Premium,1361306.45,2023-01-01,Karan Agarwal
C04922,Vivaan,Joshi,Female,1964-08-01,Surat,Gujarat,Student,Premium,697258.87,2026-03-06,Vivaan Joshi
C04923,Arjun,Agarwal,Male,1980-08-23,Gurugram,Haryana,Business Owner,Retail,749481.84,2023-02-02,Arjun Agarwal
C04924,Ishaan,Reddy,Male,2004-06-12,Nagpur,Maharashtra,Business Owner,Retail,1501534.92,2022-10-13,Ishaan Reddy
C04925,Sai,Jain,Female,2003-04-02,Ahmedabad,Gujarat,Student,SME,499525.08,2019-09-26,Sai Jain
C04926,Karan,Malhotra,Male,1961-03-04,Gurugram,Haryana,Retired,Retail,463582.73,2025-11-09,Karan Malhotra
C04927,Neha,Chopra,Male,1980-04-15,Mumbai,Maharashtra,Freelancer,Retail,842355.11,2023-02-13,Neha Chopra
C04928,Riya,Joshi,Male,1960-11-27,Gurugram,Haryana,Self Employed,Retail,738150.37,2025-04-08,Riya Joshi
C04929,Aadhya,Chopra,Female,1990-06-14,Jaipur,Rajasthan,Self Employed,Retail,510984.91,2020-02-02,Aadhya Chopra
C04930,Kabir,Nair,Female,1967-05-17,Hyderabad,Telangana,Business Owner,Retail,398022.6,2023-12-10,Kabir Nair
C04931,Aditya,Kapoor,Male,2003-12-15,Coimbatore,Tamil Nadu,Business Owner,Retail,383811.5,2019-07-18,Aditya Kapoor
C04932,Riya,Malhotra,Female,1996-04-09,Jaipur,Rajasthan,Salaried,Retail,1358929.75,2022-06-21,Riya Malhotra
C04933,Sara,Agarwal,Female,1969-03-22,Kolkata,West Bengal,Self Employed,Retail,194149.74,2020-11-29,Sara Agarwal
C04934,Myra,Bansal,Male,1977-05-18,Bengaluru,Karnataka,Retired,SME,818615.66,2022-12-31,Myra Bansal
C04935,Rahul,Kumar,Female,1961-04-03,Bengaluru,Karnataka,Student,Retail,341918.0,2024-05-17,Rahul Kumar
C04936,Myra,Nair,Male,1963-07-22,Surat,Gujarat,Salaried,Retail,1026777.91,2021-09-15,Myra Nair
C04937,Rahul,Patel,Female,2002-06-16,Mumbai,Maharashtra,Self Employed,Retail,350317.69,2020-12-08,Rahul Patel
C04938,Aditya,Nair,Male,1981-02-18,Surat,Gujarat,Freelancer,Premium,679403.95,2020-08-14,Aditya Nair
C04939,Anika,Bansal,Female,1968-11-20,Bhopal,Madhya Pradesh,Business Owner,Retail,1041865.82,2019-03-19,Anika Bansal
C04940,Sneha,Desai,Male,1987-07-26,Hyderabad,Telangana,Retired,Retail,758011.12,2022-08-26,Sneha Desai
C04941,Sai,Chopra,Female,1962-02-27,Jaipur,Rajasthan,Salaried,Premium,324000.0,2019-07-02,Sai Chopra
C04942,Diya,Jain,Female,1984-06-11,Hyderabad,Telangana,Self Employed,Retail,777700.73,2021-07-23,Diya Jain
C04943,Vihaan,Patel,Male,1984-09-08,Mysuru,Karnataka,Freelancer,Retail,747074.61,2018-11-27,Vihaan Patel
C04944,Vivaan,Malhotra,Female,1963-01-05,Bhopal,Madhya Pradesh,Student,Retail,286274.74,2025-09-09,Vivaan Malhotra
C04945,Reyansh,Singh,Male,1981-06-15,Coimbatore,Tamil Nadu,Self Employed,Premium,371299.9,2024-10-19,Reyansh Singh
C04946,Pari,Reddy,Male,1972-03-22,Bengaluru,Karnataka,Business Owner,Premium,989723.66,2024-08-03,Pari Reddy
C04947,Sara,Joshi,Male,2001-01-17,Bhopal,Madhya Pradesh,Retired,Retail,734288.75,2023-01-31,Sara Joshi
C04948,Kabir,Singh,Female,1992-05-25,Coimbatore,Tamil Nadu,Business Owner,Retail,574518.31,2022-05-27,Kabir Singh
C04949,Karan,Sharma,Female,1993-05-12,Chandigarh,Chandigarh,Student,Premium,929831.83,2023-11-19,Karan Sharma
C04950,Anaya,Agarwal,Female,1963-07-05,Noida,Uttar Pradesh,Self Employed,SME,550473.64,2021-01-01,Anaya Agarwal
C04951,Sneha,Singh,Male,1979-07-08,Hyderabad,Telangana,Retired,Retail,874220.98,2019-12-09,Sneha Singh
C04952,Aditya,Patel,Male,1979-10-08,Jaipur,Rajasthan,Self Employed,Premium,1687521.82,2018-06-05,Aditya Patel
C04953,Diya,Patel,Male,1964-06-21,Gurugram,Haryana,Student,Retail,180000.0,2023-09-19,Diya Patel
C04954,Sai,Mehta,Female,1962-06-10,Hyderabad,Telangana,Salaried,SME,1143922.28,2018-01-06,Sai Mehta
C04955,Reyansh,Kumar,Male,1988-08-16,Kochi,Kerala,Freelancer,Retail,682601.75,2022-11-01,Reyansh Kumar
C04956,Ayaan,Kumar,Female,1990-04-10,Mumbai,Maharashtra,Student,Corporate,851978.31,2020-11-16,Ayaan Kumar
C04957,Rahul,Joshi,Male,1979-07-09,Kochi,Kerala,Self Employed,Wealth,540000.0,2020-08-08,Rahul Joshi
C04958,Nisha,Jain,Male,2002-06-26,Kochi,Kerala,Salaried,Retail,404683.06,2021-12-27,Nisha Jain
C04959,Amit,Iyer,Female,1981-09-06,Kochi,Kerala,Retired,Retail,333023.38,2019-09-01,Amit Iyer
C04960,Arjun,Desai,Female,1977-04-03,Delhi,Delhi,Retired,SME,2535409.63,2023-08-18,Arjun Desai
C04961,Arjun,Iyer,Female,1993-04-24,Chandigarh,Chandigarh,Salaried,Premium,842174.77,2025-06-08,Arjun Iyer
C04962,Pooja,Kumar,Female,1988-01-15,Surat,Gujarat,Business Owner,Retail,626168.94,2025-12-29,Pooja Kumar
C04963,Myra,Patel,Male,1979-12-27,Coimbatore,Tamil Nadu,Self Employed,SME,409698.44,2019-03-28,Myra Patel
C04964,Vivaan,Singh,Female,2004-07-26,Kolkata,West Bengal,Self Employed,Retail,436059.55,2022-05-05,Vivaan Singh
C04965,Krishna,Bansal,Female,1980-10-24,Chennai,Tamil Nadu,Business Owner,SME,1450310.12,2023-10-05,Krishna Bansal
C04966,Rohan,Desai,Female,1966-01-26,Noida,Uttar Pradesh,Self Employed,Premium,510853.5,2022-03-29,Rohan Desai
C04967,Sara,Patel,Male,2003-03-23,Noida,Uttar Pradesh,Student,SME,257885.92,2021-06-06,Sara Patel
C04968,Sai,Agarwal,Male,1967-12-01,Gurugram,Haryana,Student,Retail,481051.0,2020-10-18,Sai Agarwal
C04969,Riya,Sharma,Male,1986-12-25,Surat,Gujarat,Retired,Premium,1646790.03,2022-07-16,Riya Sharma
C04970,Reyansh,Kapoor,Female,1974-12-22,Hyderabad,Telangana,Salaried,Wealth,872773.47,2019-12-07,Reyansh Kapoor
C04971,Sai,Verma,Male,1964-02-17,Bengaluru,Karnataka,Retired,Retail,379572.04,2026-01-21,Sai Verma
C04972,Aditya,Kulkarni,Male,1984-01-17,Kolkata,West Bengal,Salaried,Premium,368617.82,2019-01-13,Aditya Kulkarni
C04973,Pari,Mishra,Male,1990-09-06,Chennai,Tamil Nadu,Salaried,Retail,420898.65,2023-06-19,Pari Mishra
C04974,Ira,Agarwal,Female,1996-01-26,Noida,Uttar Pradesh,Student,Retail,235896.92,2026-01-15,Ira Agarwal
C04975,Ayaan,Desai,Male,1962-03-15,Surat,Gujarat,Self Employed,SME,376725.54,2025-09-21,Ayaan Desai
C04976,Vivaan,Desai,Male,1981-01-13,Chennai,Tamil Nadu,Business Owner,SME,501123.69,2018-12-27,Vivaan Desai
C04977,Ishaan,Chopra,Female,1998-05-25,Surat,Gujarat,Student,Corporate,1457012.59,2023-03-28,Ishaan Chopra
C04978,Vihaan,Reddy,Male,2000-11-24,Ahmedabad,Gujarat,Freelancer,Premium,444957.8,2023-08-31,Vihaan Reddy
C04979,Myra,Agarwal,Female,1960-01-01,Chennai,Tamil Nadu,Student,SME,1120855.43,2026-03-16,Myra Agarwal
C04980,Kiara,Kumar,Male,1961-08-08,Mysuru,Karnataka,Self Employed,Retail,557126.19,2026-01-30,Kiara Kumar
C04981,Aadhya,Desai,Female,1977-06-02,Lucknow,Uttar Pradesh,Retired,Retail,296730.81,2022-09-23,Aadhya Desai
C04982,Vihaan,Agarwal,Female,1965-01-23,Surat,Gujarat,Self Employed,Premium,1494635.13,2025-03-23,Vihaan Agarwal
C04983,Pari,Patel,Female,1991-10-25,Hyderabad,Telangana,Salaried,Retail,1063320.0,2019-06-10,Pari Patel
C04984,Anaya,Desai,Female,1997-11-22,Ahmedabad,Gujarat,Freelancer,Retail,736895.88,2023-11-24,Anaya Desai
C04985,Anaya,Gupta,Male,2001-01-17,Pune,Maharashtra,Salaried,Retail,441327.0,2023-09-16,Anaya Gupta
C04986,Krishna,Reddy,Female,1995-03-07,Lucknow,Uttar Pradesh,Retired,Retail,619844.56,2025-02-27,Krishna Reddy
C04987,Diya,Nair,Male,1961-02-22,Coimbatore,Tamil Nadu,Retired,Retail,466050.64,2021-06-18,Diya Nair
C04988,Priya,Kulkarni,Male,1999-04-06,Gurugram,Haryana,Self Employed,Wealth,1266442.41,2023-06-19,Priya Kulkarni
C04989,Sneha,Kapoor,Female,1964-01-14,Pune,Maharashtra,Salaried,Retail,383877.41,2020-01-24,Sneha Kapoor
C04990,Sai,Jain,Female,1996-04-03,Indore,Madhya Pradesh,Business Owner,Premium,1036794.24,2022-09-10,Sai Jain
C04991,Vihaan,Agarwal,Female,1998-12-20,Chandigarh,Chandigarh,Retired,Corporate,913506.48,2022-05-10,Vihaan Agarwal
C04992,Anika,Kapoor,Male,1999-06-13,Mumbai,Maharashtra,Salaried,Retail,732218.86,2025-12-02,Anika Kapoor
C04993,Ayaan,Sharma,Female,1990-06-17,Mumbai,Maharashtra,Business Owner,Retail,241675.63,2020-07-03,Ayaan Sharma
C04994,Pari,Bansal,Male,2004-07-07,Noida,Uttar Pradesh,Retired,Retail,1026048.82,2025-09-11,Pari Bansal
C04995,Krishna,Iyer,Female,1967-11-16,Ahmedabad,Gujarat,Retired,Retail,371415.14,2022-04-14,Krishna Iyer
C04996,Pari,Kapoor,Male,2002-11-06,Hyderabad,Telangana,Business Owner,Retail,279631.8,2021-11-06,Pari Kapoor
C04997,Rohan,Malhotra,Female,1975-01-01,Bhopal,Madhya Pradesh,Business Owner,Retail,869312.76,2022-07-20,Rohan Malhotra
C04998,Ira,Agarwal,Female,1976-12-10,Lucknow,Uttar Pradesh,Self Employed,Premium,3571015.01,2021-04-03,Ira Agarwal
C04999,Sneha,Joshi,Female,1994-04-03,Kochi,Kerala,Salaried,SME,1046872.92,2023-07-28,Sneha Joshi
C05000,Anika,Patel,Female,2003-11-26,Nagpur,Maharashtra,Freelancer,Retail,1017717.21,2023-04-25,Anika Patel
